<?xml-model href="http://www.tei-c.org/release/xml/tei/custom/schema/relaxng/tei_all.rng" type="application/xml" schematypens="http://relaxng.org/ns/structure/1.0"?>
<?xml-model href="http://www.tei-c.org/release/xml/tei/custom/schema/relaxng/tei_all.rng" type="application/xml"
	schematypens="http://purl.oclc.org/dsdl/schematron"?>
<TEI xmlns="http://www.tei-c.org/ns/1.0" xml:id="AL&#233;narsetCie_L&#233;onceB&#233;n&#233;dite_19230413_-5614343922932564266">
  <!-- le document XML, dans sa forme actuelle, n'est pas valide selon la syntaxe TEI:
       la structure d&#233;finie ici devrait contenir d'autres &#233;l&#233;ments -->
  <teiHeader>
    <!-- l'en-t&#234;te de notre document, contenant les m&#233;tadonn&#233;es -->
    <fileDesc>
      <!-- description du fichier encod&#233; et de sa source -->
      <titleStmt>
        <!-- titre du document -->
        <title>Papier &#224; en-t&#234;te A. L&#233;nars et Cie, Paris. </title>
        <author>A. L&#233;nars et Cie</author>
        <respStmt>
          <resp>Production et pr&#233;paration du texte brut</resp>
          <persName>L&#233;a Saint-Raymond</persName>
        </respStmt>
        <respStmt>
          <resp>Transformation automatique du texte brut vers le XML-TEI</resp>
          <persName>Les participant.e.s &#224; l'atelier "Mod&#233;liser et exploiter des corpus textuels" (ENS-PSL, campus d'Ulm)</persName>
        </respStmt>
      </titleStmt>
      <publicationStmt>
        <!-- informations sur le document XML encod&#233; -->
        <publisher>ENS-PSL</publisher>
        <pubPlace>Paris (France)</pubPlace>
        <date>2023-03-26 16:02:14.421693</date>
      </publicationStmt>
      <sourceDesc>
        <!-- informations sur la source: la lettre que l'on encode -->
        <bibl type="papier">
          <author>A. L&#233;nars et Cie</author>
          <title>Papier &#224; en-t&#234;te A. L&#233;nars et Cie, Paris. </title>
          <date>1923-04-13</date>
          <msIdentifier>
            <institution>INHA</institution>
            <idno>INHA 206</idno>
          </msIdentifier>
        </bibl>
      </sourceDesc>
    </fileDesc>
    <encodingDesc>
      <!-- informations sur l'encodage :
           - tei:editorialDecl, d&#233;crivant la m&#233;thode de production du document XML 
           - tei:projectDesc, contexte de production du XML 
      -->
      <editorialDecl>
        <p>Production de l'encodage XML r&#233;alis&#233;e automatiquement avec la librairie LXML de Python &#224; partir d'une version en texte brut de la correspondance de Matsukata</p>
      </editorialDecl>
      <projectDesc>
        <p>L'atelier "Mod&#233;liser et exploiter des corpus textuels" a donn&#233; lieu &#224; cet encodage.</p>
      </projectDesc>
    </encodingDesc>
    <profileDesc>
      <!-- informations non bibliographiques sur le document encod&#233; 
           cet &#233;l&#233;ment l&#224; sera compl&#233;t&#233; par:
           - un tei:particDesc, qui d&#233;crit tout.es les personnes ayant &#233;crit
             ou re&#231;u des lettres dans le corpus Matsutaka
           - un tei:settingDesc, qui d&#233;crit tous les lieux d'exp&#233;dition/destination
             des lettres du corpus Matsutaka
           ces &#233;l&#233;ments seront rajout&#233; dans le notebook du cours.
      -->
      <correspDesc>
        <!-- description de la correspondance -->
        <correspAction type="sent">
          <persName>A. L&#233;nars et Cie</persName>
          <placeName>Paris</placeName>
          <date when="1923-04-13">1923-04-13</date>
        </correspAction>
        <correspAction type="received">
          <persName>L&#233;once B&#233;n&#233;dite</persName>
          <placeName>Paris</placeName>
        </correspAction>
      </correspDesc>
    </profileDesc>
  </teiHeader>
  <text>
    <!-- le corps du texte. il peut comporter un tei:front et un tei:back
         et doit comporter un tei:body, comprenant le corps du texte -->
    <body>
      <!-- le corps du texte -->
      <opener>
        <salute>Re&#231;u de Messieurs Arthur Lenars et C&#176;, 13 rue Bleue, Paris (IX&#176;), les tableaux suivants : </salute>
      </opener>
      <p>Nr 6. Corot. Madeleine&#8230; frs 40 000</p>
      <p>Nr 7. Corot. La ferme Toutain&#8230; 55 000. </p>
      <p>Nr 27. Daumier. Spectateurs&#8230; 15 000. </p>
      <p>Nr 59. Pissarro. Le march&#233; de Poissons &#224; Dieppe&#8230; 35 000. </p>
      <p>Nr 70. Degas. Dame Assise&#8230; 70 000. </p>
      <p>Nr 71. Degas. Portrait de Manet&#8230; 80 000. </p>
      <p>Nr 83. Sisley. Matin de juin &#224; St Mamm&#232;s&#8230; 55 000. </p>
      <p>Nr 87. Sisley. Le quai de Loing &#224; Moret&#8230; 25 000. </p>
      <p>Nr 96. Monet. Un tournant de la Seine-Hiver&#8230; 50 000. </p>
      <p>Nr 101. Monet. La cath&#233;drale de Rouen&#8230; 80 000. </p>
      <p>Nr 117. Renoir. Portrait d&#8217;une jeune femme&#8230; 45 000. </p>
      <p>Nr 119. Renoir. Jeune fille, pastel&#8230; 30 000. </p>
      <p>Nr 65. Manet. Monsieur Brun&#8230; 80 000. </p>
      <p>__ Francs 660 000</p>
      <p>Kr. 240 000 </p>
      <p>Paris, le 13 avril 1923. </p>
    </body>
  </text>
</TEI>
