<?xml-model href="http://www.tei-c.org/release/xml/tei/custom/schema/relaxng/tei_all.rng" type="application/xml" schematypens="http://relaxng.org/ns/structure/1.0"?>
<?xml-model href="http://www.tei-c.org/release/xml/tei/custom/schema/relaxng/tei_all.rng" type="application/xml"
	schematypens="http://purl.oclc.org/dsdl/schematron"?>
<TEI xmlns="http://www.tei-c.org/ns/1.0" xml:id="AL&#233;narsetCie_L&#233;onceB&#233;n&#233;dite_19230330_-7755980268042131705">
  <!-- le document XML, dans sa forme actuelle, n'est pas valide selon la syntaxe TEI:
       la structure d&#233;finie ici devrait contenir d'autres &#233;l&#233;ments -->
  <teiHeader>
    <!-- l'en-t&#234;te de notre document, contenant les m&#233;tadonn&#233;es -->
    <fileDesc>
      <!-- description du fichier encod&#233; et de sa source -->
      <titleStmt>
        <!-- titre du document -->
        <title>Papier &#224; en-t&#234;te A. L&#233;nars et Cie, Paris. Typographie : &#171; livr&#233;s le 30 mars 1923 au mus&#233;e Rodin &#187;. </title>
        <author>A. L&#233;nars et Cie</author>
        <respStmt>
          <resp>Production et pr&#233;paration du texte brut</resp>
          <persName>L&#233;a Saint-Raymond</persName>
        </respStmt>
        <respStmt>
          <resp>Transformation automatique du texte brut vers le XML-TEI</resp>
          <persName>Les participant.e.s &#224; l'atelier "Mod&#233;liser et exploiter des corpus textuels" (ENS-PSL, campus d'Ulm)</persName>
        </respStmt>
      </titleStmt>
      <publicationStmt>
        <!-- informations sur le document XML encod&#233; -->
        <publisher>ENS-PSL</publisher>
        <pubPlace>Paris (France)</pubPlace>
        <date>2023-03-31 03:27:18.500388</date>
      </publicationStmt>
      <sourceDesc>
        <!-- informations sur la source: la lettre que l'on encode -->
        <bibl type="papier">
          <author>A. L&#233;nars et Cie</author>
          <title>Papier &#224; en-t&#234;te A. L&#233;nars et Cie, Paris. Typographie : &#171; livr&#233;s le 30 mars 1923 au mus&#233;e Rodin &#187;. </title>
          <date>1923-03-30</date>
          <msIdentifier>
            <institution>INHA</institution>
            <idno>INHA 205</idno>
          </msIdentifier>
        </bibl>
      </sourceDesc>
    </fileDesc>
    <encodingDesc>
      <!-- informations sur l'encodage :
           - tei:editorialDecl, d&#233;crivant la m&#233;thode de production du document XML 
           - tei:projectDesc, contexte de production du XML 
      -->
      <editorialDecl>
        <p>Production de l'encodage XML r&#233;alis&#233;e automatiquement avec la librairie LXML de Python &#224; partir d'une version en texte brut de la correspondance de Matsukata</p>
      </editorialDecl>
      <projectDesc>
        <p>L'atelier "Mod&#233;liser et exploiter des corpus textuels" a donn&#233; lieu &#224; cet encodage.</p>
      </projectDesc>
    </encodingDesc>
    <profileDesc>
      <!-- informations non bibliographiques sur le document encod&#233; 
           cet &#233;l&#233;ment l&#224; sera compl&#233;t&#233; par:
           - un tei:particDesc, qui d&#233;crit tout.es les personnes ayant &#233;crit
             ou re&#231;u des lettres dans le corpus Matsutaka
           - un tei:settingDesc, qui d&#233;crit tous les lieux d'exp&#233;dition/destination
             des lettres du corpus Matsutaka
           ces &#233;l&#233;ments seront rajout&#233; dans le notebook du cours.
      -->
      <correspDesc>
        <!-- description de la correspondance -->
        <correspAction type="sent">
          <persName>A. L&#233;nars et Cie</persName>
          <placeName>Paris</placeName>
          <date when="1923-03-30">1923-03-30</date>
        </correspAction>
        <correspAction type="received">
          <persName>L&#233;once B&#233;n&#233;dite</persName>
          <placeName>Paris</placeName>
        </correspAction>
      </correspDesc>
    </profileDesc>
  </teiHeader>
  <text>
    <!-- le corps du texte. il peut comporter un tei:front et un tei:back
         et doit comporter un tei:body, comprenant le corps du texte -->
    <body>
      <!-- le corps du texte -->
      <opener>
        <salute>Envoi de Monsieur Hansen de Copenhague pour Monsieur Matsukata de Kob. </salute>
      </opener>
      <p>1. La Seine pr&#232;s de Marly. Camille Pissarro. Frs 30 000</p>
      <p>2. Un potager &#224; Pontoise par un soleil d&#8217;hiver. Camille Pissarro. 40 000</p>
      <p>3. L&#8217;automne. Camille Pissarro. 22 000</p>
      <p>4. Le port de Rouen. Camile Pissarro. 25 000. </p>
      <p>5. Portrait de lui-m&#234;me. Edouard Mant. 145 000</p>
      <p>6. Portrait de lui-m&#234;me. Fantin-Latour. 40 000</p>
      <p>7. Roses dans un verre. Fantin-Latour. 20 000</p>
      <p>8. Dans un jardin &#224; Louveciennes. Alfred Sisley. 40 000</p>
      <p>9. La Seine en Automne. Alfred Sisley. 18 000</p>
      <p>10. La Seine par temps ouvert. Alfred Sisley. 18 000</p>
      <p>11. L&#8217;Ecluse de Bourgogne dans le canal du Loing. Alfred Sisley. 25 000</p>
      <p>12. Le village de Moret. Alfred Sisley. 35 000.</p>
      <p>13. Le jeune homme &#224; l&#8217;arbal&#232;te. Paul C&#233;zanne. 110 000</p>
      <p>14. Fin d&#8217;apr&#232;s-midi &#224; Vetheuil. Claude Monet. 80 000</p>
      <p>15. Le parc Monceau. Claude Monet. 35 000</p>
      <p>16. Les meules. Claude Monet. 50 000</p>
      <p>17. Les rochers pr&#232;s du port de Coton Belle-Isle, pluie et vent. Claude Monet. 40 000</p>
      <p>18. L&#8217;inondation. Claude Monet. 80 000</p>
      <p>19. Une ferme en Bretagne. Paul Gauguin. 15 000</p>
      <p>20. Ile de la Mer du Sud. Paul Gauguin. 100 000</p>
      <p>21. Deux femmes de Ta&#239;ti. Paul Gauguin. 50 000</p>
      <p>__ Francs 1 018 000</p>
    </body>
  </text>
</TEI>
