<?xml-model href="http://www.tei-c.org/release/xml/tei/custom/schema/relaxng/tei_all.rng" type="application/xml" schematypens="http://relaxng.org/ns/structure/1.0"?>
<?xml-model href="http://www.tei-c.org/release/xml/tei/custom/schema/relaxng/tei_all.rng" type="application/xml"
	schematypens="http://purl.oclc.org/dsdl/schematron"?>
<TEI xmlns="http://www.tei-c.org/ns/1.0" xml:id="AmanJean_RosaB&#233;n&#233;dite_19250920_-2651476554032317261">
  <!-- le document XML, dans sa forme actuelle, n'est pas valide selon la syntaxe TEI:
       la structure d&#233;finie ici devrait contenir d'autres &#233;l&#233;ments -->
  <teiHeader>
    <!-- l'en-t&#234;te de notre document, contenant les m&#233;tadonn&#233;es -->
    <fileDesc>
      <!-- description du fichier encod&#233; et de sa source -->
      <titleStmt>
        <!-- titre du document -->
        <title>Lettre d&#8217;Aman-Jean, Ch&#226;teau-Thierry, Aisne, &#224; Madame ?. </title>
        <author>Aman-Jean</author>
        <respStmt>
          <resp>Production et pr&#233;paration du texte brut</resp>
          <persName>L&#233;a Saint-Raymond</persName>
        </respStmt>
        <respStmt>
          <resp>Transformation automatique du texte brut vers le XML-TEI</resp>
          <persName>Les participant.e.s &#224; l'atelier "Mod&#233;liser et exploiter des corpus textuels" (ENS-PSL, campus d'Ulm)</persName>
        </respStmt>
      </titleStmt>
      <publicationStmt>
        <!-- informations sur le document XML encod&#233; -->
        <publisher>ENS-PSL</publisher>
        <pubPlace>Paris (France)</pubPlace>
        <date>2023-04-01 11:58:01.440123</date>
      </publicationStmt>
      <sourceDesc>
        <!-- informations sur la source: la lettre que l'on encode -->
        <bibl type="lettre">
          <author>Aman-Jean</author>
          <title>Lettre d&#8217;Aman-Jean, Ch&#226;teau-Thierry, Aisne, &#224; Madame ?. </title>
          <date>1925-09-20</date>
          <msIdentifier>
            <institution>INHA</institution>
            <idno>INHA 263-264</idno>
          </msIdentifier>
        </bibl>
      </sourceDesc>
    </fileDesc>
    <encodingDesc>
      <!-- informations sur l'encodage :
           - tei:editorialDecl, d&#233;crivant la m&#233;thode de production du document XML 
           - tei:projectDesc, contexte de production du XML 
      -->
      <editorialDecl>
        <p>Production de l'encodage XML r&#233;alis&#233;e automatiquement avec la librairie LXML de Python &#224; partir d'une version en texte brut de la correspondance de Matsukata</p>
      </editorialDecl>
      <projectDesc>
        <p>L'atelier "Mod&#233;liser et exploiter des corpus textuels" a donn&#233; lieu &#224; cet encodage.</p>
      </projectDesc>
    </encodingDesc>
    <profileDesc>
      <!-- informations non bibliographiques sur le document encod&#233; 
           cet &#233;l&#233;ment l&#224; sera compl&#233;t&#233; par:
           - un tei:particDesc, qui d&#233;crit tout.es les personnes ayant &#233;crit
             ou re&#231;u des lettres dans le corpus Matsutaka
           - un tei:settingDesc, qui d&#233;crit tous les lieux d'exp&#233;dition/destination
             des lettres du corpus Matsutaka
           ces &#233;l&#233;ments seront rajout&#233; dans le notebook du cours.
      -->
      <correspDesc>
        <!-- description de la correspondance -->
        <correspAction type="sent">
          <persName>Aman-Jean</persName>
          <placeName>Ch&#226;teau-Thierry</placeName>
          <date when="1925-09-20">1925-09-20</date>
        </correspAction>
        <correspAction type="received">
          <persName>Rosa B&#233;n&#233;dite ?</persName>
          <placeName>Paris</placeName>
        </correspAction>
      </correspDesc>
    </profileDesc>
  </teiHeader>
  <text>
    <!-- le corps du texte. il peut comporter un tei:front et un tei:back
         et doit comporter un tei:body, comprenant le corps du texte -->
    <body>
      <!-- le corps du texte -->
      <opener>
        <salute>Ch&#232;re Madame, </salute>
      </opener>
      <p>Je vous fais parvenir cette lettre de l&#8217;Ambassade du Japon au sujet de l&#8217;exposition des tableaux de Monsieur Matsukata, exposition projet&#233;e dont nous avions dit quelques mots avant de partir. </p>
      <p>Je r&#233;ponds &#224; mon autre de l&#8217;Ambassade disant au conseiller que je serai de retour que dans un grand mois, mais que je la tiendrai au courant de ce qui se fera au sujet de cette exposition qui semble les int&#233;resser fort. Comme elle vous int&#233;resse aussi pour la m&#233;moire du cher disparu et que je pense que vous &#234;tes peut-&#234;tre &#224; Paris, veuillez me dire par un mot si vous pensez bon que j&#8217;en &#233;crire &#224; mon Ami et &#224; Metman au Mus&#233;e des Arts d&#233;coratifs qui est je crois le local qui serait le plus favorable &#224; notre projet. </p>
      <p>Enfin, dites-moi si nous sommes toujours bien d&#8217;accord &#224; ce sujet, recevez, Ch&#232;re Madame, mes hommages confirm&#233;s avec mes v&#339;ux de sant&#233; et bonne fin de ces pluvieuses vacances, </p>
      <closer>
        <signed>Aman-Jean</signed>
      </closer>
    </body>
  </text>
</TEI>
