<?xml-model href="http://www.tei-c.org/release/xml/tei/custom/schema/relaxng/tei_all.rng" type="application/xml" schematypens="http://relaxng.org/ns/structure/1.0"?>
<?xml-model href="http://www.tei-c.org/release/xml/tei/custom/schema/relaxng/tei_all.rng" type="application/xml"
	schematypens="http://purl.oclc.org/dsdl/schematron"?>
<TEI xmlns="http://www.tei-c.org/ns/1.0" xml:id="Compagniealg&#233;rienne_L&#233;onceB&#233;n&#233;dite_19250309_-3173663047694565925">
  <!-- le document XML, dans sa forme actuelle, n'est pas valide selon la syntaxe TEI:
       la structure d&#233;finie ici devrait contenir d'autres &#233;l&#233;ments -->
  <teiHeader>
    <!-- l'en-t&#234;te de notre document, contenant les m&#233;tadonn&#233;es -->
    <fileDesc>
      <!-- description du fichier encod&#233; et de sa source -->
      <titleStmt>
        <!-- titre du document -->
        <title>Lettre typographi&#233;e du PP. de la Compagnie alg&#233;rienne, 50, rue d&#8217;Anjou, Paris, &#224; M. Leonce Benedite, 77 rue de Varennes, Paris. </title>
        <author>Compagnie alg&#233;rienne</author>
        <respStmt>
          <resp>Production et pr&#233;paration du texte brut</resp>
          <persName>L&#233;a Saint-Raymond</persName>
        </respStmt>
        <respStmt>
          <resp>Transformation automatique du texte brut vers le XML-TEI</resp>
          <persName>Les participant.e.s &#224; l'atelier "Mod&#233;liser et exploiter des corpus textuels" (ENS-PSL, campus d'Ulm)</persName>
        </respStmt>
      </titleStmt>
      <publicationStmt>
        <!-- informations sur le document XML encod&#233; -->
        <publisher>ENS-PSL</publisher>
        <pubPlace>Paris (France)</pubPlace>
        <date>2023-03-26 16:02:14.460913</date>
      </publicationStmt>
      <sourceDesc>
        <!-- informations sur la source: la lettre que l'on encode -->
        <bibl type="lettre">
          <author>Compagnie alg&#233;rienne</author>
          <title>Lettre typographi&#233;e du PP. de la Compagnie alg&#233;rienne, 50, rue d&#8217;Anjou, Paris, &#224; M. Leonce Benedite, 77 rue de Varennes, Paris. </title>
          <date>1925-03-09</date>
          <msIdentifier>
            <institution>INHA</institution>
            <idno>INHA 257</idno>
          </msIdentifier>
        </bibl>
      </sourceDesc>
    </fileDesc>
    <encodingDesc>
      <!-- informations sur l'encodage :
           - tei:editorialDecl, d&#233;crivant la m&#233;thode de production du document XML 
           - tei:projectDesc, contexte de production du XML 
      -->
      <editorialDecl>
        <p>Production de l'encodage XML r&#233;alis&#233;e automatiquement avec la librairie LXML de Python &#224; partir d'une version en texte brut de la correspondance de Matsukata</p>
      </editorialDecl>
      <projectDesc>
        <p>L'atelier "Mod&#233;liser et exploiter des corpus textuels" a donn&#233; lieu &#224; cet encodage.</p>
      </projectDesc>
    </encodingDesc>
    <profileDesc>
      <!-- informations non bibliographiques sur le document encod&#233; 
           cet &#233;l&#233;ment l&#224; sera compl&#233;t&#233; par:
           - un tei:particDesc, qui d&#233;crit tout.es les personnes ayant &#233;crit
             ou re&#231;u des lettres dans le corpus Matsutaka
           - un tei:settingDesc, qui d&#233;crit tous les lieux d'exp&#233;dition/destination
             des lettres du corpus Matsutaka
           ces &#233;l&#233;ments seront rajout&#233; dans le notebook du cours.
      -->
      <correspDesc>
        <!-- description de la correspondance -->
        <correspAction type="sent">
          <persName>Compagnie alg&#233;rienne</persName>
          <placeName>Paris</placeName>
          <date when="1925-03-09">1925-03-09</date>
        </correspAction>
        <correspAction type="received">
          <persName>L&#233;once B&#233;n&#233;dite</persName>
          <placeName>Paris</placeName>
        </correspAction>
      </correspDesc>
    </profileDesc>
  </teiHeader>
  <text>
    <!-- le corps du texte. il peut comporter un tei:front et un tei:back
         et doit comporter un tei:body, comprenant le corps du texte -->
    <body>
      <!-- le corps du texte -->
      <opener>
        <salute>Monsieur, </salute>
      </opener>
      <p>Nous avons l&#8217;honneur de vous informer que, sauf avis contraire de votre part, nous parvenant au plus tard 48 heures avant l&#8217;&#233;ch&#233;ance, nous proc&#232;derons d&#233;sormais automatiquement, au renouvellement de tout bon de la D&#233;fense nationale, compris dans vos titres en garde.</p>
      <p>De plus, nous n&#8217;aurez pas &#224; nous envoyer les r&#233;c&#233;piss&#233;s de d&#233;p&#244;t aff&#233;rents &#224; ces bons ; nous vous adresserons seulement une lettre vous faisant conna&#238;tre le num&#233;ro et l&#8217;&#233;ch&#233;ance des nouveaux bons souscrits. </p>
      <p>Vos r&#233;c&#233;piss&#233;s de d&#233;p&#244;t ne devront nous &#234;tre retourn&#233;s, r&#233;guli&#232;rement d&#233;charg&#233;s, que dans le cas o&#249; ces Bons ne devraient pas &#234;tre renouvel&#233;s. </p>
      <p>Nous vous rappelons que vous avez en d&#233;p&#244;t dans nos caisses 100.000 francs de Bons de la D&#233;fense Nationale &#224; 1 mois &#233;ch&#233;ant le 29 mars 1925.</p>
      <closer>
        <salute>Veuillez agr&#233;er, Monsieur, l&#8217;assurance de notre consid&#233;ration distingu&#233;e</salute>
        <signed>P.P. de la Compagnie alg&#233;rienne</signed>
      </closer>
    </body>
  </text>
</TEI>
