<?xml-model href="http://www.tei-c.org/release/xml/tei/custom/schema/relaxng/tei_all.rng" type="application/xml" schematypens="http://relaxng.org/ns/structure/1.0"?>
<?xml-model href="http://www.tei-c.org/release/xml/tei/custom/schema/relaxng/tei_all.rng" type="application/xml"
	schematypens="http://purl.oclc.org/dsdl/schematron"?>
<TEI xmlns="http://www.tei-c.org/ns/1.0" xml:id="Compagniealg&#233;rienne_L&#233;onceB&#233;n&#233;dite_19211208_4526088104290332493">
  <!-- le document XML, dans sa forme actuelle, n'est pas valide selon la syntaxe TEI:
       la structure d&#233;finie ici devrait contenir d'autres &#233;l&#233;ments -->
  <teiHeader>
    <!-- l'en-t&#234;te de notre document, contenant les m&#233;tadonn&#233;es -->
    <fileDesc>
      <!-- description du fichier encod&#233; et de sa source -->
      <titleStmt>
        <!-- titre du document -->
        <title>Lettre typographi&#233;e sur papier &#224; en-t&#234;te Compagnie alg&#233;rienne, &#224; M. L&#233;once Benedite, 3 rue Duguay-Trouin, Paris. </title>
        <author>Compagnie alg&#233;rienne</author>
        <respStmt>
          <resp>Production et pr&#233;paration du texte brut</resp>
          <persName>L&#233;a Saint-Raymond</persName>
        </respStmt>
        <respStmt>
          <resp>Transformation automatique du texte brut vers le XML-TEI</resp>
          <persName>Les participant.e.s &#224; l'atelier "Mod&#233;liser et exploiter des corpus textuels" (ENS-PSL, campus d'Ulm)</persName>
        </respStmt>
      </titleStmt>
      <publicationStmt>
        <!-- informations sur le document XML encod&#233; -->
        <publisher>ENS-PSL</publisher>
        <pubPlace>Paris (France)</pubPlace>
        <date>2023-04-01 11:58:01.435815</date>
      </publicationStmt>
      <sourceDesc>
        <!-- informations sur la source: la lettre que l'on encode -->
        <bibl type="lettre">
          <author>Compagnie alg&#233;rienne</author>
          <title>Lettre typographi&#233;e sur papier &#224; en-t&#234;te Compagnie alg&#233;rienne, &#224; M. L&#233;once Benedite, 3 rue Duguay-Trouin, Paris. </title>
          <date>1921-12-08</date>
          <msIdentifier>
            <institution>Mus&#233;e Rodin</institution>
            <idno>Mus&#233;e Rodin, fonds B&#233;n&#233;dite</idno>
          </msIdentifier>
        </bibl>
      </sourceDesc>
    </fileDesc>
    <encodingDesc>
      <!-- informations sur l'encodage :
           - tei:editorialDecl, d&#233;crivant la m&#233;thode de production du document XML 
           - tei:projectDesc, contexte de production du XML 
      -->
      <editorialDecl>
        <p>Production de l'encodage XML r&#233;alis&#233;e automatiquement avec la librairie LXML de Python &#224; partir d'une version en texte brut de la correspondance de Matsukata</p>
      </editorialDecl>
      <projectDesc>
        <p>L'atelier "Mod&#233;liser et exploiter des corpus textuels" a donn&#233; lieu &#224; cet encodage.</p>
      </projectDesc>
    </encodingDesc>
    <profileDesc>
      <!-- informations non bibliographiques sur le document encod&#233; 
           cet &#233;l&#233;ment l&#224; sera compl&#233;t&#233; par:
           - un tei:particDesc, qui d&#233;crit tout.es les personnes ayant &#233;crit
             ou re&#231;u des lettres dans le corpus Matsutaka
           - un tei:settingDesc, qui d&#233;crit tous les lieux d'exp&#233;dition/destination
             des lettres du corpus Matsutaka
           ces &#233;l&#233;ments seront rajout&#233; dans le notebook du cours.
      -->
      <correspDesc>
        <!-- description de la correspondance -->
        <correspAction type="sent">
          <persName>Compagnie alg&#233;rienne</persName>
          <placeName>Paris</placeName>
          <date when="1921-12-08">1921-12-08</date>
        </correspAction>
        <correspAction type="received">
          <persName>L&#233;once B&#233;n&#233;dite</persName>
          <placeName>Paris</placeName>
        </correspAction>
      </correspDesc>
    </profileDesc>
  </teiHeader>
  <text>
    <!-- le corps du texte. il peut comporter un tei:front et un tei:back
         et doit comporter un tei:body, comprenant le corps du texte -->
    <body>
      <!-- le corps du texte -->
      <opener>
        <salute>Monsieur, </salute>
      </opener>
      <p>Nous avons l&#8217;honneur de vous accuser r&#233;ception de votre lettre du 5 courant conform&#233;ment &#224; laquelle nous vous remettons sous ce pli le re&#231;u constatant le versement que nous avons effectu&#233; le 7 d&#233;cembre, &#224; la Caisse Centrale du Tr&#233;sor Public, Minist&#232;re des Finances, au compte Mus&#233;e Rodin, d&#8217;une somme de 128,000 francs dont nous vous d&#233;bitons, ainsi que 0,25 affranchissement.</p>
      <closer>
        <salute>Veuillez agr&#233;er, Monsieur, l&#8217;assurance de notre consid&#233;ration distingu&#233;e, </salute>
        <signed>P.P. de la Compagnie Alg&#233;rienne</signed>
      </closer>
    </body>
  </text>
</TEI>
