<?xml-model href="http://www.tei-c.org/release/xml/tei/custom/schema/relaxng/tei_all.rng" type="application/xml" schematypens="http://relaxng.org/ns/structure/1.0"?>
<?xml-model href="http://www.tei-c.org/release/xml/tei/custom/schema/relaxng/tei_all.rng" type="application/xml"
	schematypens="http://purl.oclc.org/dsdl/schematron"?>
<TEI xmlns="http://www.tei-c.org/ns/1.0" xml:id="EmDreveton_L&#233;onceB&#233;n&#233;dite_19230727_-1284025030795658790">
  <!-- le document XML, dans sa forme actuelle, n'est pas valide selon la syntaxe TEI:
       la structure d&#233;finie ici devrait contenir d'autres &#233;l&#233;ments -->
  <teiHeader>
    <!-- l'en-t&#234;te de notre document, contenant les m&#233;tadonn&#233;es -->
    <fileDesc>
      <!-- description du fichier encod&#233; et de sa source -->
      <titleStmt>
        <!-- titre du document -->
        <title>Lettre de Em. Dreveton, 6 boulevard Charles Tron, Bagn&#232;res de Luchon, Haute-Garonne, &#224; B&#233;n&#233;dite ?. </title>
        <author>Em. Dreveton</author>
        <respStmt>
          <resp>Production et pr&#233;paration du texte brut</resp>
          <persName>L&#233;a Saint-Raymond</persName>
        </respStmt>
        <respStmt>
          <resp>Transformation automatique du texte brut vers le XML-TEI</resp>
          <persName>Les participant.e.s &#224; l'atelier "Mod&#233;liser et exploiter des corpus textuels" (ENS-PSL, campus d'Ulm)</persName>
        </respStmt>
      </titleStmt>
      <publicationStmt>
        <!-- informations sur le document XML encod&#233; -->
        <publisher>ENS-PSL</publisher>
        <pubPlace>Paris (France)</pubPlace>
        <date>2023-03-26 16:02:14.434622</date>
      </publicationStmt>
      <sourceDesc>
        <!-- informations sur la source: la lettre que l'on encode -->
        <bibl type="lettre">
          <author>Em. Dreveton</author>
          <title>Lettre de Em. Dreveton, 6 boulevard Charles Tron, Bagn&#232;res de Luchon, Haute-Garonne, &#224; B&#233;n&#233;dite ?. </title>
          <date>1923-07-27</date>
          <msIdentifier>
            <institution>INHA</institution>
            <idno>INHA 222 et 223</idno>
          </msIdentifier>
        </bibl>
      </sourceDesc>
    </fileDesc>
    <encodingDesc>
      <!-- informations sur l'encodage :
           - tei:editorialDecl, d&#233;crivant la m&#233;thode de production du document XML 
           - tei:projectDesc, contexte de production du XML 
      -->
      <editorialDecl>
        <p>Production de l'encodage XML r&#233;alis&#233;e automatiquement avec la librairie LXML de Python &#224; partir d'une version en texte brut de la correspondance de Matsukata</p>
      </editorialDecl>
      <projectDesc>
        <p>L'atelier "Mod&#233;liser et exploiter des corpus textuels" a donn&#233; lieu &#224; cet encodage.</p>
      </projectDesc>
    </encodingDesc>
    <profileDesc>
      <!-- informations non bibliographiques sur le document encod&#233; 
           cet &#233;l&#233;ment l&#224; sera compl&#233;t&#233; par:
           - un tei:particDesc, qui d&#233;crit tout.es les personnes ayant &#233;crit
             ou re&#231;u des lettres dans le corpus Matsutaka
           - un tei:settingDesc, qui d&#233;crit tous les lieux d'exp&#233;dition/destination
             des lettres du corpus Matsutaka
           ces &#233;l&#233;ments seront rajout&#233; dans le notebook du cours.
      -->
      <correspDesc>
        <!-- description de la correspondance -->
        <correspAction type="sent">
          <persName>Em. Dreveton</persName>
          <placeName>Bagn&#232;res-de-Luchon</placeName>
          <date when="1923-07-27">1923-07-27</date>
        </correspAction>
        <correspAction type="received">
          <persName>L&#233;once B&#233;n&#233;dite</persName>
          <placeName>Paris</placeName>
        </correspAction>
      </correspDesc>
    </profileDesc>
  </teiHeader>
  <text>
    <!-- le corps du texte. il peut comporter un tei:front et un tei:back
         et doit comporter un tei:body, comprenant le corps du texte -->
    <body>
      <!-- le corps du texte -->
      <opener>
        <salute>Cher Ma&#238;tre, </salute>
      </opener>
      <p>Je crois de mon devoir de vous aviser que &#171; Maroussia &#187; c&#232;derait actuellement tous ses droits sur &#171; Passy &#187; pour dix mille francs. </p>
      <p>On pourrait arr&#234;ter l&#8217;affaire par un versement de 2 000 fr le 15 de ce mois, suivi d&#8217;une &#233;ch&#233;ance de 3 000 f le 1er septembre et sold&#233; le 15 septembre par 5 000 fr. </p>
      <p>Malgr&#233; la modestie de mes ressources, je m&#8217;inscris volontiers pour cinq cents francs, il vous sera certainement facile, cher Ma&#238;tre, de trouver parmi les amis de la famille Bashkirtseff, la modeste somme qui emp&#234;chera les n&#233;crophores de troubler le repos de celle qui fut adul&#233;e du Tout Paris pendant sa trop courte vie. </p>
      <closer>
        <salute>Soyez gentil une fois de plus envers moi en me r&#233;pondant le plus t&#244;t possible, veuillez transmettre mon respectueux souvenir &#224; Madame Le Mancel et me croire cher Ma&#238;tre votre bien sinc&#232;rement d&#233;vou&#233; et reconnaisasnt</salute>
        <signed>Em. Dreveton. </signed>
      </closer>
    </body>
  </text>
</TEI>
