<?xml-model href="http://www.tei-c.org/release/xml/tei/custom/schema/relaxng/tei_all.rng" type="application/xml" schematypens="http://relaxng.org/ns/structure/1.0"?>
<?xml-model href="http://www.tei-c.org/release/xml/tei/custom/schema/relaxng/tei_all.rng" type="application/xml"
	schematypens="http://purl.oclc.org/dsdl/schematron"?>
<TEI xmlns="http://www.tei-c.org/ns/1.0" xml:id="EmDreveton_L&#233;onceB&#233;n&#233;dite_19230309_-4841310484407035640">
  <!-- le document XML, dans sa forme actuelle, n'est pas valide selon la syntaxe TEI:
       la structure d&#233;finie ici devrait contenir d'autres &#233;l&#233;ments -->
  <teiHeader>
    <!-- l'en-t&#234;te de notre document, contenant les m&#233;tadonn&#233;es -->
    <fileDesc>
      <!-- description du fichier encod&#233; et de sa source -->
      <titleStmt>
        <!-- titre du document -->
        <title>Lettre d&#8217;Em. Dreveton, Expert agr&#233;&#233; du gouvernement, minist&#232;re des r&#233;gions lib&#233;r&#233;es, tribunaux des dommages de guerre, villa Mauresque, 105 promenade des Anglais, Nice, &#224; L&#233;once B&#233;n&#233;dite. </title>
        <author>Em. Dreveton</author>
        <respStmt>
          <resp>Production et pr&#233;paration du texte brut</resp>
          <persName>L&#233;a Saint-Raymond</persName>
        </respStmt>
        <respStmt>
          <resp>Transformation automatique du texte brut vers le XML-TEI</resp>
          <persName>Les participant.e.s &#224; l'atelier "Mod&#233;liser et exploiter des corpus textuels" (ENS-PSL, campus d'Ulm)</persName>
        </respStmt>
      </titleStmt>
      <publicationStmt>
        <!-- informations sur le document XML encod&#233; -->
        <publisher>ENS-PSL</publisher>
        <pubPlace>Paris (France)</pubPlace>
        <date>2023-03-26 16:02:14.418501</date>
      </publicationStmt>
      <sourceDesc>
        <!-- informations sur la source: la lettre que l'on encode -->
        <bibl type="lettre">
          <author>Em. Dreveton</author>
          <title>Lettre d&#8217;Em. Dreveton, Expert agr&#233;&#233; du gouvernement, minist&#232;re des r&#233;gions lib&#233;r&#233;es, tribunaux des dommages de guerre, villa Mauresque, 105 promenade des Anglais, Nice, &#224; L&#233;once B&#233;n&#233;dite. </title>
          <date>1923-03-09</date>
          <msIdentifier>
            <institution>INHA</institution>
            <idno>INHA 201</idno>
          </msIdentifier>
        </bibl>
      </sourceDesc>
    </fileDesc>
    <encodingDesc>
      <!-- informations sur l'encodage :
           - tei:editorialDecl, d&#233;crivant la m&#233;thode de production du document XML 
           - tei:projectDesc, contexte de production du XML 
      -->
      <editorialDecl>
        <p>Production de l'encodage XML r&#233;alis&#233;e automatiquement avec la librairie LXML de Python &#224; partir d'une version en texte brut de la correspondance de Matsukata</p>
      </editorialDecl>
      <projectDesc>
        <p>L'atelier "Mod&#233;liser et exploiter des corpus textuels" a donn&#233; lieu &#224; cet encodage.</p>
      </projectDesc>
    </encodingDesc>
    <profileDesc>
      <!-- informations non bibliographiques sur le document encod&#233; 
           cet &#233;l&#233;ment l&#224; sera compl&#233;t&#233; par:
           - un tei:particDesc, qui d&#233;crit tout.es les personnes ayant &#233;crit
             ou re&#231;u des lettres dans le corpus Matsutaka
           - un tei:settingDesc, qui d&#233;crit tous les lieux d'exp&#233;dition/destination
             des lettres du corpus Matsutaka
           ces &#233;l&#233;ments seront rajout&#233; dans le notebook du cours.
      -->
      <correspDesc>
        <!-- description de la correspondance -->
        <correspAction type="sent">
          <persName>Em. Dreveton</persName>
          <placeName>Nice</placeName>
          <date when="1923-03-09">1923-03-09</date>
        </correspAction>
        <correspAction type="received">
          <persName>L&#233;once B&#233;n&#233;dite</persName>
          <placeName>Paris</placeName>
        </correspAction>
      </correspDesc>
    </profileDesc>
  </teiHeader>
  <text>
    <!-- le corps du texte. il peut comporter un tei:front et un tei:back
         et doit comporter un tei:body, comprenant le corps du texte -->
    <body>
      <!-- le corps du texte -->
      <opener>
        <salute>Monsieur le Conservateur, </salute>
      </opener>
      <p>J&#8217;ai l&#8217;honneur de vous accuser r&#233;ception de votre honor&#233;e du 7 mars, je m&#8217;empresse de vous faire savoir que votre offre de douze mille francs pour le buste en marbre de Marie Bashkirtseff, par Ren&#233; de Saint-Marceaux est accept&#233;e et j&#8217;en suis fort heureux. Je serai &#224; Paris lundi et vous pourrez prendre possession le plus t&#244;t possible, mon s&#233;jour devant &#234;tre bref. Pour le r&#232;glement, je vous remercie pour votre assurance de rapidit&#233;, j&#8217;ai souvent d&#233;plor&#233; les lenteurs administratives privant nos Mus&#233;es d&#8217;excellentes occasions ou ne les ayant qu&#8217;en seconde ou troisi&#232;me main et au prix fort. </p>
      <closer>
        <salute>Veuillez croire je vous prie, Monsieur le Conservateur, &#224; l&#8217;assurance de mon respectueux et bien sinc&#232;re d&#233;vouement, </salute>
        <signed>Em. Dreveton</signed>
      </closer>
    </body>
  </text>
</TEI>
