<?xml-model href="http://www.tei-c.org/release/xml/tei/custom/schema/relaxng/tei_all.rng" type="application/xml" schematypens="http://relaxng.org/ns/structure/1.0"?>
<?xml-model href="http://www.tei-c.org/release/xml/tei/custom/schema/relaxng/tei_all.rng" type="application/xml"
	schematypens="http://purl.oclc.org/dsdl/schematron"?>
<TEI xmlns="http://www.tei-c.org/ns/1.0" xml:id="Eug&#232;neRudier_Mus&#233;eRodin_19280726_-3929202635876531108">
  <!-- le document XML, dans sa forme actuelle, n'est pas valide selon la syntaxe TEI:
       la structure d&#233;finie ici devrait contenir d'autres &#233;l&#233;ments -->
  <teiHeader>
    <!-- l'en-t&#234;te de notre document, contenant les m&#233;tadonn&#233;es -->
    <fileDesc>
      <!-- description du fichier encod&#233; et de sa source -->
      <titleStmt>
        <!-- titre du document -->
        <title>Lettre manuscrite d&#8217;Eug&#232;ne Rudier (fonderie Alexis Rudier, Eug&#232;ne Rudier fils succr, 45 rue de Saintonge) &#224; Monsieur le Conservateur du Mus&#233;e Rodin, rue de Varenne. </title>
        <author>Eug&#232;ne Rudier</author>
        <respStmt>
          <resp>Production et pr&#233;paration du texte brut</resp>
          <persName>L&#233;a Saint-Raymond</persName>
        </respStmt>
        <respStmt>
          <resp>Transformation automatique du texte brut vers le XML-TEI</resp>
          <persName>Les participant.e.s &#224; l'atelier "Mod&#233;liser et exploiter des corpus textuels" (ENS-PSL, campus d'Ulm)</persName>
        </respStmt>
      </titleStmt>
      <publicationStmt>
        <!-- informations sur le document XML encod&#233; -->
        <publisher>ENS-PSL</publisher>
        <pubPlace>Paris (France)</pubPlace>
        <date>2023-03-31 03:27:18.552588</date>
      </publicationStmt>
      <sourceDesc>
        <!-- informations sur la source: la lettre que l'on encode -->
        <bibl type="lettre">
          <author>Eug&#232;ne Rudier</author>
          <title>Lettre manuscrite d&#8217;Eug&#232;ne Rudier (fonderie Alexis Rudier, Eug&#232;ne Rudier fils succr, 45 rue de Saintonge) &#224; Monsieur le Conservateur du Mus&#233;e Rodin, rue de Varenne. </title>
          <date>1928-07-26</date>
          <msIdentifier>
            <institution>Mus&#233;e Rodin</institution>
            <idno>Mus&#233;e Rodin</idno>
          </msIdentifier>
        </bibl>
      </sourceDesc>
    </fileDesc>
    <encodingDesc>
      <!-- informations sur l'encodage :
           - tei:editorialDecl, d&#233;crivant la m&#233;thode de production du document XML 
           - tei:projectDesc, contexte de production du XML 
      -->
      <editorialDecl>
        <p>Production de l'encodage XML r&#233;alis&#233;e automatiquement avec la librairie LXML de Python &#224; partir d'une version en texte brut de la correspondance de Matsukata</p>
      </editorialDecl>
      <projectDesc>
        <p>L'atelier "Mod&#233;liser et exploiter des corpus textuels" a donn&#233; lieu &#224; cet encodage.</p>
      </projectDesc>
    </encodingDesc>
    <profileDesc>
      <!-- informations non bibliographiques sur le document encod&#233; 
           cet &#233;l&#233;ment l&#224; sera compl&#233;t&#233; par:
           - un tei:particDesc, qui d&#233;crit tout.es les personnes ayant &#233;crit
             ou re&#231;u des lettres dans le corpus Matsutaka
           - un tei:settingDesc, qui d&#233;crit tous les lieux d'exp&#233;dition/destination
             des lettres du corpus Matsutaka
           ces &#233;l&#233;ments seront rajout&#233; dans le notebook du cours.
      -->
      <correspDesc>
        <!-- description de la correspondance -->
        <correspAction type="sent">
          <persName>Eug&#232;ne Rudier</persName>
          <placeName>Paris</placeName>
          <date when="1928-07-26">1928-07-26</date>
        </correspAction>
        <correspAction type="received">
          <persName>Mus&#233;e Rodin</persName>
          <placeName>Paris</placeName>
        </correspAction>
      </correspDesc>
    </profileDesc>
  </teiHeader>
  <text>
    <!-- le corps du texte. il peut comporter un tei:front et un tei:back
         et doit comporter un tei:body, comprenant le corps du texte -->
    <body>
      <!-- le corps du texte -->
      <opener>
        <salute>Monsieur, </salute>
      </opener>
      <p>J&#8217;ai l&#8217;avantage de vous informer qu&#8217;il me manque les pi&#232;ce ssuivantes : </p>
      <p>1&#176; Bons de pl&#226;tre. </p>
      <p>Commande 1117 Grand &#194;ge d&#8217;Airain</p>
      <p>(Matsukata). Grande Eve</p>
      <p>Orph&#233;e</p>
      <p>2&#176; Bons de commande</p>
      <p>Grande Eve (Matsukata)</p>
      <p>Orph&#233;e</p>
      <closer>
        <salute>Recevez, Monsieur, l&#8217;expression de mes sentiments distingu&#233;s.</salute>
        <signed>Rudier</signed>
      </closer>
    </body>
  </text>
</TEI>
