<?xml-model href="http://www.tei-c.org/release/xml/tei/custom/schema/relaxng/tei_all.rng" type="application/xml" schematypens="http://relaxng.org/ns/structure/1.0"?>
<?xml-model href="http://www.tei-c.org/release/xml/tei/custom/schema/relaxng/tei_all.rng" type="application/xml"
	schematypens="http://purl.oclc.org/dsdl/schematron"?>
<TEI xmlns="http://www.tei-c.org/ns/1.0" xml:id="ExpositiondArtFran&#231;ais&#224;Prague_L&#233;onceB&#233;n&#233;dite_19250501_8701718748071276613">
  <!-- le document XML, dans sa forme actuelle, n'est pas valide selon la syntaxe TEI:
       la structure d&#233;finie ici devrait contenir d'autres &#233;l&#233;ments -->
  <teiHeader>
    <!-- l'en-t&#234;te de notre document, contenant les m&#233;tadonn&#233;es -->
    <fileDesc>
      <!-- description du fichier encod&#233; et de sa source -->
      <titleStmt>
        <!-- titre du document -->
        <title>Liste faite par V. Nebesky ? (sans date </title>
        <author>Exposition d&#8217;Art Fran&#231;ais &#224; Prague</author>
        <respStmt>
          <resp>Production et pr&#233;paration du texte brut</resp>
          <persName>L&#233;a Saint-Raymond</persName>
        </respStmt>
        <respStmt>
          <resp>Transformation automatique du texte brut vers le XML-TEI</resp>
          <persName>Les participant.e.s &#224; l'atelier "Mod&#233;liser et exploiter des corpus textuels" (ENS-PSL, campus d'Ulm)</persName>
        </respStmt>
      </titleStmt>
      <publicationStmt>
        <!-- informations sur le document XML encod&#233; -->
        <publisher>ENS-PSL</publisher>
        <pubPlace>Paris (France)</pubPlace>
        <date>2023-03-26 16:02:14.462486</date>
      </publicationStmt>
      <sourceDesc>
        <!-- informations sur la source: la lettre que l'on encode -->
        <bibl type="liste">
          <author>Exposition d&#8217;Art Fran&#231;ais &#224; Prague</author>
          <title>Liste faite par V. Nebesky ? (sans date </title>
          <date>1925-05-01</date>
          <msIdentifier>
            <institution>INHA</institution>
            <idno>INHA 297-298</idno>
          </msIdentifier>
        </bibl>
      </sourceDesc>
    </fileDesc>
    <encodingDesc>
      <!-- informations sur l'encodage :
           - tei:editorialDecl, d&#233;crivant la m&#233;thode de production du document XML 
           - tei:projectDesc, contexte de production du XML 
      -->
      <editorialDecl>
        <p>Production de l'encodage XML r&#233;alis&#233;e automatiquement avec la librairie LXML de Python &#224; partir d'une version en texte brut de la correspondance de Matsukata</p>
      </editorialDecl>
      <projectDesc>
        <p>L'atelier "Mod&#233;liser et exploiter des corpus textuels" a donn&#233; lieu &#224; cet encodage.</p>
      </projectDesc>
    </encodingDesc>
    <profileDesc>
      <!-- informations non bibliographiques sur le document encod&#233; 
           cet &#233;l&#233;ment l&#224; sera compl&#233;t&#233; par:
           - un tei:particDesc, qui d&#233;crit tout.es les personnes ayant &#233;crit
             ou re&#231;u des lettres dans le corpus Matsutaka
           - un tei:settingDesc, qui d&#233;crit tous les lieux d'exp&#233;dition/destination
             des lettres du corpus Matsutaka
           ces &#233;l&#233;ments seront rajout&#233; dans le notebook du cours.
      -->
      <correspDesc>
        <!-- description de la correspondance -->
        <correspAction type="sent">
          <persName>Exposition d&#8217;Art Fran&#231;ais &#224; Prague</persName>
          <placeName>Prague</placeName>
          <date when="1925-05-01">1925-05-01</date>
        </correspAction>
        <correspAction type="received">
          <persName>L&#233;once B&#233;n&#233;dite</persName>
          <placeName>Paris</placeName>
        </correspAction>
      </correspDesc>
    </profileDesc>
  </teiHeader>
  <text>
    <!-- le corps du texte. il peut comporter un tei:front et un tei:back
         et doit comporter un tei:body, comprenant le corps du texte -->
    <body>
      <!-- le corps du texte -->
      <opener>
        <salute>Le soussign&#233;, Commissaire G&#233;n&#233;ral &#224; l&#8217;Exposition d&#8217;Art Fran&#231;ais &#224; Prague, certifie que les &#339;uvres suivantes appartenant &#224; M. Kojiro Matsukata, de Kobe (Japon), ont &#233;t&#233; pr&#234;t&#233;es pour l&#8217;exposition par M. L&#233;once B&#233;n&#233;dite, Conservateur du Mus&#233;e National du Luxembourg et du Mus&#233;e Rodin et y ont figur&#233;. </salute>
      </opener>
      <p>C&#233;zanne Trois dessins</p>
      <p>Degas T&#234;te de Femme</p>
      <p>Renoir Femme au chapeau</p>
      <p>Toulouse-Lautrec, Femme dans un jardin</p>
      <p>Puvis de Chavannes Pauvre P&#234;cheur</p>
      <p>Pissarro, La Seine &#224; Bougival</p>
      <p>Sisley. Le Canal du Loing, &#233;cluse</p>
      <p>Sisley. Bords de la Seine</p>
      <p>Claude Monet. Parc Monceau</p>
      <p>Claude Monet. Bouquet d&#8217;arbres devant le village</p>
      <p>Claude Monet. Les peupliers</p>
      <p>Claude Monet. Etude &#224; Giverny</p>
      <p>Van Gogh. Bouquet de fleurs</p>
      <p>Van Gogh. Sa chambre &#224; coucher &#224; Arles</p>
      <p>Gauguin. Vannati [sic]</p>
      <p>Gauguin. Fleurs et fruits.</p>
      <p>Gauguin. Les deux Tahitiennes</p>
      <p>Maurice Denis. Fillette &#233;crivant</p>
      <p>Maurice Denis. Femmes au bain</p>
      <p>Maurice Denis. Falaises</p>
      <p>Manet. La serveuse de bocks</p>
      <p>Manet. Marine</p>
      <p>Courbet. Femme d&#233;collet&#233;e</p>
      <p>Courbet.  Femme &#233;chevel&#233;e</p>
      <p>Fantin-Latour. Portrait de l&#8217;artiste</p>
      <p>Marquet. Marine</p>
      <p>Marquet. La Plage </p>
      <p>Bonnard. T&#234;te de femme</p>
      <p>Bonnard. Femme &#224; table dans un jardin.</p>
      <p>Matisse. Femme dans un fauteuil.</p>
      <p>Matisse. Int&#233;rieur</p>
      <p>Daumier. Les spectateurs</p>
      <closer>
        <signed>[manuscrit : Me V. Nebesky]</signed>
      </closer>
    </body>
  </text>
</TEI>
