<?xml-model href="http://www.tei-c.org/release/xml/tei/custom/schema/relaxng/tei_all.rng" type="application/xml" schematypens="http://relaxng.org/ns/structure/1.0"?>
<?xml-model href="http://www.tei-c.org/release/xml/tei/custom/schema/relaxng/tei_all.rng" type="application/xml"
	schematypens="http://purl.oclc.org/dsdl/schematron"?>
<TEI xmlns="http://www.tei-c.org/ns/1.0" xml:id="FJTempelaere_L&#233;onceB&#233;n&#233;dite_19220209_5192540528269420614">
  <!-- le document XML, dans sa forme actuelle, n'est pas valide selon la syntaxe TEI:
       la structure d&#233;finie ici devrait contenir d'autres &#233;l&#233;ments -->
  <teiHeader>
    <!-- l'en-t&#234;te de notre document, contenant les m&#233;tadonn&#233;es -->
    <fileDesc>
      <!-- description du fichier encod&#233; et de sa source -->
      <titleStmt>
        <!-- titre du document -->
        <title>Facture de F.&amp;J. Tempelaere, tableaux modernes et bronzes de Barye, 36 rue Laffitte, Paris. </title>
        <author>F . &amp; J. Tempelaere</author>
        <respStmt>
          <resp>Production et pr&#233;paration du texte brut</resp>
          <persName>L&#233;a Saint-Raymond</persName>
        </respStmt>
        <respStmt>
          <resp>Transformation automatique du texte brut vers le XML-TEI</resp>
          <persName>Les participant.e.s &#224; l'atelier "Mod&#233;liser et exploiter des corpus textuels" (ENS-PSL, campus d'Ulm)</persName>
        </respStmt>
      </titleStmt>
      <publicationStmt>
        <!-- informations sur le document XML encod&#233; -->
        <publisher>ENS-PSL</publisher>
        <pubPlace>Paris (France)</pubPlace>
        <date>2023-03-31 03:27:18.458297</date>
      </publicationStmt>
      <sourceDesc>
        <!-- informations sur la source: la lettre que l'on encode -->
        <bibl type="facture">
          <author>F . &amp; J. Tempelaere</author>
          <title>Facture de F.&amp;J. Tempelaere, tableaux modernes et bronzes de Barye, 36 rue Laffitte, Paris. </title>
          <date>1922-02-09</date>
          <msIdentifier>
            <institution>INHA</institution>
            <idno>INHA 141 et duplicata 142</idno>
          </msIdentifier>
        </bibl>
      </sourceDesc>
    </fileDesc>
    <encodingDesc>
      <!-- informations sur l'encodage :
           - tei:editorialDecl, d&#233;crivant la m&#233;thode de production du document XML 
           - tei:projectDesc, contexte de production du XML 
      -->
      <editorialDecl>
        <p>Production de l'encodage XML r&#233;alis&#233;e automatiquement avec la librairie LXML de Python &#224; partir d'une version en texte brut de la correspondance de Matsukata</p>
      </editorialDecl>
      <projectDesc>
        <p>L'atelier "Mod&#233;liser et exploiter des corpus textuels" a donn&#233; lieu &#224; cet encodage.</p>
      </projectDesc>
    </encodingDesc>
    <profileDesc>
      <!-- informations non bibliographiques sur le document encod&#233; 
           cet &#233;l&#233;ment l&#224; sera compl&#233;t&#233; par:
           - un tei:particDesc, qui d&#233;crit tout.es les personnes ayant &#233;crit
             ou re&#231;u des lettres dans le corpus Matsutaka
           - un tei:settingDesc, qui d&#233;crit tous les lieux d'exp&#233;dition/destination
             des lettres du corpus Matsutaka
           ces &#233;l&#233;ments seront rajout&#233; dans le notebook du cours.
      -->
      <correspDesc>
        <!-- description de la correspondance -->
        <correspAction type="sent">
          <persName>F . &amp; J. Tempelaere</persName>
          <placeName>Paris</placeName>
          <date when="1922-02-09">1922-02-09</date>
        </correspAction>
        <correspAction type="received">
          <persName>L&#233;once B&#233;n&#233;dite</persName>
          <placeName>Paris</placeName>
        </correspAction>
      </correspDesc>
    </profileDesc>
  </teiHeader>
  <text>
    <!-- le corps du texte. il peut comporter un tei:front et un tei:back
         et doit comporter un tei:body, comprenant le corps du texte -->
    <body>
      <!-- le corps du texte -->
      <opener>
        <salute>Doit Monsieur L. B&#233;n&#233;dite pour le compte de Monsieur Kojiro Matsukata &#224; Tokio.</salute>
      </opener>
      <p>Paris, le 9 f&#233;vrier 1922. </p>
      <p>    &#8226; N&#176;7966. F. Bonvin : Nature morte (forme ovale). Ustensiles en cuivre, asperges, bouquet de fleurs sur une nappe blanche (dimensions h. 1m55xl 1m05) sign&#233; en bas &#224; droite et dat&#233; 1863.</p>
      <p>    &#8226; N&#176;7967. F. Bonvin : Nature morte. Pot en cuivre, fromage blanc, &#339;ufs, fraises. Sign&#233; en bas &#224; droite et dat&#233; 1863. Dimensions : h 0m405 x l. 1m55</p>
      <p>    &#8226; N&#176;7968. F. Bonvin. Nature morte. Une oie, des p&#234;ches et un melon sign&#233; en bas &#224; droite et dat&#233; 1863. Dimensions : h. 0m38xl. 1m52.</p>
      <p>    &#8226; N&#176;7969. F. Bonvin. Nature morte. Un li&#232;vre, des champignons et des prunes. Sign&#233; en bas &#224; droite et dat&#233; 1863. Dimensions : h 0m38x 1m52. </p>
      <p>Les quatre : 10 000f.</p>
    </body>
  </text>
</TEI>
