<?xml-model href="http://www.tei-c.org/release/xml/tei/custom/schema/relaxng/tei_all.rng" type="application/xml" schematypens="http://relaxng.org/ns/structure/1.0"?>
<?xml-model href="http://www.tei-c.org/release/xml/tei/custom/schema/relaxng/tei_all.rng" type="application/xml"
	schematypens="http://purl.oclc.org/dsdl/schematron"?>
<TEI xmlns="http://www.tei-c.org/ns/1.0" xml:id="FrankBrangwyn_L&#233;onceB&#233;n&#233;dite_19180210_3698643663975777986">
  <!-- le document XML, dans sa forme actuelle, n'est pas valide selon la syntaxe TEI:
       la structure d&#233;finie ici devrait contenir d'autres &#233;l&#233;ments -->
  <teiHeader>
    <!-- l'en-t&#234;te de notre document, contenant les m&#233;tadonn&#233;es -->
    <fileDesc>
      <!-- description du fichier encod&#233; et de sa source -->
      <titleStmt>
        <!-- titre du document -->
        <title>Lettre manuscrite de Frank Brangwyn &#224; L&#233;once B&#233;n&#233;dite, sur papier &#224; en-t&#234;te &#171; Temple Lodge, Queen Street, Hammersmith &#187; </title>
        <author>Frank Brangwyn</author>
        <respStmt>
          <resp>Production et pr&#233;paration du texte brut</resp>
          <persName>L&#233;a Saint-Raymond</persName>
        </respStmt>
        <respStmt>
          <resp>Transformation automatique du texte brut vers le XML-TEI</resp>
          <persName>Les participant.e.s &#224; l'atelier "Mod&#233;liser et exploiter des corpus textuels" (ENS-PSL, campus d'Ulm)</persName>
        </respStmt>
      </titleStmt>
      <publicationStmt>
        <!-- informations sur le document XML encod&#233; -->
        <publisher>ENS-PSL</publisher>
        <pubPlace>Paris (France)</pubPlace>
        <date>2023-03-26 16:02:14.260262</date>
      </publicationStmt>
      <sourceDesc>
        <!-- informations sur la source: la lettre que l'on encode -->
        <bibl type="lettre">
          <author>Frank Brangwyn</author>
          <title>Lettre manuscrite de Frank Brangwyn &#224; L&#233;once B&#233;n&#233;dite, sur papier &#224; en-t&#234;te &#171; Temple Lodge, Queen Street, Hammersmith &#187; </title>
          <date>1918-02-10</date>
          <msIdentifier>
            <institution>Mus&#233;e Rodin</institution>
            <idno>Mus&#233;e Rodin D73</idno>
          </msIdentifier>
        </bibl>
      </sourceDesc>
    </fileDesc>
    <encodingDesc>
      <!-- informations sur l'encodage :
           - tei:editorialDecl, d&#233;crivant la m&#233;thode de production du document XML 
           - tei:projectDesc, contexte de production du XML 
      -->
      <editorialDecl>
        <p>Production de l'encodage XML r&#233;alis&#233;e automatiquement avec la librairie LXML de Python &#224; partir d'une version en texte brut de la correspondance de Matsukata</p>
      </editorialDecl>
      <projectDesc>
        <p>L'atelier "Mod&#233;liser et exploiter des corpus textuels" a donn&#233; lieu &#224; cet encodage.</p>
      </projectDesc>
    </encodingDesc>
    <profileDesc>
      <!-- informations non bibliographiques sur le document encod&#233; 
           cet &#233;l&#233;ment l&#224; sera compl&#233;t&#233; par:
           - un tei:particDesc, qui d&#233;crit tout.es les personnes ayant &#233;crit
             ou re&#231;u des lettres dans le corpus Matsutaka
           - un tei:settingDesc, qui d&#233;crit tous les lieux d'exp&#233;dition/destination
             des lettres du corpus Matsutaka
           ces &#233;l&#233;ments seront rajout&#233; dans le notebook du cours.
      -->
      <correspDesc>
        <!-- description de la correspondance -->
        <correspAction type="sent">
          <persName>Frank Brangwyn</persName>
          <placeName>Hammersmith</placeName>
          <date when="1918-02-10">1918-02-10</date>
        </correspAction>
        <correspAction type="received">
          <persName>L&#233;once B&#233;n&#233;dite</persName>
          <placeName>Paris</placeName>
        </correspAction>
      </correspDesc>
    </profileDesc>
  </teiHeader>
  <text>
    <!-- le corps du texte. il peut comporter un tei:front et un tei:back
         et doit comporter un tei:body, comprenant le corps du texte -->
    <body>
      <!-- le corps du texte -->
      <opener>
        <salute>My dear Mons. B&#233;n&#233;dite, </salute>
      </opener>
      <p>A friend of mine, Mr K. Matsukata, is making a huge collection of works for a Gallery of European Art in Japan. He is a Japanese gentleman, is one of the largest shipbuilders of that country, and a member of one of the most noble families in Japan. </p>
      <p>It is of the utmost importance that this Gallery, which will be a Public Gallery should be complete for as it is the first thing of its kind done in the East it will have a very marked effect upon their culture. </p>
      <p>Mr Matsukata wishes to procure one or two fine large copies of Rodin. Can you help to get him something? The prices here are stupid and the works not of Rodin&#8217;s best. It is an International matter and if you could get the French Government to allow one or more copies to be published he will pay any price in reason. </p>
      <p>Would you like to have a collection of my lithographs to add to the etchings? When the road is safer I will add to the collection some drawings which I have. </p>
      <p>Hoping that you keep well and that I may hear from you. </p>
      <p>Believe me my dear Mons. B&#233;n&#233;dite</p>
      <closer>
        <salute>Yours sincerely</salute>
        <signed>Frank Brangwyn</signed>
      </closer>
    </body>
  </text>
</TEI>
