<?xml-model href="http://www.tei-c.org/release/xml/tei/custom/schema/relaxng/tei_all.rng" type="application/xml" schematypens="http://relaxng.org/ns/structure/1.0"?>
<?xml-model href="http://www.tei-c.org/release/xml/tei/custom/schema/relaxng/tei_all.rng" type="application/xml"
	schematypens="http://purl.oclc.org/dsdl/schematron"?>
<TEI xmlns="http://www.tei-c.org/ns/1.0" xml:id="GaleriesGeorgesPetit_L&#233;onceB&#233;n&#233;dite_19240206_2478419771174871770">
  <!-- le document XML, dans sa forme actuelle, n'est pas valide selon la syntaxe TEI:
       la structure d&#233;finie ici devrait contenir d'autres &#233;l&#233;ments -->
  <teiHeader>
    <!-- l'en-t&#234;te de notre document, contenant les m&#233;tadonn&#233;es -->
    <fileDesc>
      <!-- description du fichier encod&#233; et de sa source -->
      <titleStmt>
        <!-- titre du document -->
        <title>Lettre typographi&#233;e de G. Bergaut, papier &#224; en-t&#234;te des Galeries Georges Petit, 8 rue de S&#232;ze, &#224; L&#233;once B&#233;n&#233;dite, conservateur du mus&#233;e Rodin. </title>
        <author>Galeries Georges Petit</author>
        <respStmt>
          <resp>Production et pr&#233;paration du texte brut</resp>
          <persName>L&#233;a Saint-Raymond</persName>
        </respStmt>
        <respStmt>
          <resp>Transformation automatique du texte brut vers le XML-TEI</resp>
          <persName>Les participant.e.s &#224; l'atelier "Mod&#233;liser et exploiter des corpus textuels" (ENS-PSL, campus d'Ulm)</persName>
        </respStmt>
      </titleStmt>
      <publicationStmt>
        <!-- informations sur le document XML encod&#233; -->
        <publisher>ENS-PSL</publisher>
        <pubPlace>Paris (France)</pubPlace>
        <date>2023-03-26 16:02:14.442995</date>
      </publicationStmt>
      <sourceDesc>
        <!-- informations sur la source: la lettre que l'on encode -->
        <bibl type="lettre">
          <author>Galeries Georges Petit</author>
          <title>Lettre typographi&#233;e de G. Bergaut, papier &#224; en-t&#234;te des Galeries Georges Petit, 8 rue de S&#232;ze, &#224; L&#233;once B&#233;n&#233;dite, conservateur du mus&#233;e Rodin. </title>
          <date>1924-02-06</date>
          <msIdentifier>
            <institution>INHA</institution>
            <idno>INHA 229</idno>
          </msIdentifier>
        </bibl>
      </sourceDesc>
    </fileDesc>
    <encodingDesc>
      <!-- informations sur l'encodage :
           - tei:editorialDecl, d&#233;crivant la m&#233;thode de production du document XML 
           - tei:projectDesc, contexte de production du XML 
      -->
      <editorialDecl>
        <p>Production de l'encodage XML r&#233;alis&#233;e automatiquement avec la librairie LXML de Python &#224; partir d'une version en texte brut de la correspondance de Matsukata</p>
      </editorialDecl>
      <projectDesc>
        <p>L'atelier "Mod&#233;liser et exploiter des corpus textuels" a donn&#233; lieu &#224; cet encodage.</p>
      </projectDesc>
    </encodingDesc>
    <profileDesc>
      <!-- informations non bibliographiques sur le document encod&#233; 
           cet &#233;l&#233;ment l&#224; sera compl&#233;t&#233; par:
           - un tei:particDesc, qui d&#233;crit tout.es les personnes ayant &#233;crit
             ou re&#231;u des lettres dans le corpus Matsutaka
           - un tei:settingDesc, qui d&#233;crit tous les lieux d'exp&#233;dition/destination
             des lettres du corpus Matsutaka
           ces &#233;l&#233;ments seront rajout&#233; dans le notebook du cours.
      -->
      <correspDesc>
        <!-- description de la correspondance -->
        <correspAction type="sent">
          <persName>Galeries Georges Petit</persName>
          <placeName>Paris</placeName>
          <date when="1924-02-06">1924-02-06</date>
        </correspAction>
        <correspAction type="received">
          <persName>L&#233;once B&#233;n&#233;dite</persName>
          <placeName>Paris</placeName>
        </correspAction>
      </correspDesc>
    </profileDesc>
  </teiHeader>
  <text>
    <!-- le corps du texte. il peut comporter un tei:front et un tei:back
         et doit comporter un tei:body, comprenant le corps du texte -->
    <body>
      <!-- le corps du texte -->
      <opener>
        <salute>Cher Monsieur, </salute>
      </opener>
      <p>L&#8217;exposition du nouveau Groupe &#233;tant termin&#233;e, je vous fais porter les deux tableaux de Lebasque que vous avez bien voulu acheter pour Monsieur Matsukata, et ainsi que vous me l&#8217;avez demand&#233;, je joins la facture &#224; ce petit mot. </p>
      <p>On m&#8217;a annonc&#233; une chose quasi-officielle, la tr&#232;s prochaine promotion de Lebourg au grade d&#8217;Officier de la L&#233;gion d&#8217;honneur. Je ne saurais vous dire &#224; quel point j&#8217;en suis heureux. Tous les amis et admirateurs de Lebourg vous en seront extr&#234;mement reconnaissants, car c&#8217;est &#224; vous que ce grand Artiste devar cette supr&#234;me satisfaction.</p>
      <closer>
        <salute>Veuillez agr&#233;er, cher Monsieur, l&#8217;expression de nos sentiments les plus cordialement d&#233;vou&#233;s</salute>
        <signed>Pour les galeries Georges Petit, G. Bergaut</signed>
      </closer>
    </body>
  </text>
</TEI>
