<?xml-model href="http://www.tei-c.org/release/xml/tei/custom/schema/relaxng/tei_all.rng" type="application/xml" schematypens="http://relaxng.org/ns/structure/1.0"?>
<?xml-model href="http://www.tei-c.org/release/xml/tei/custom/schema/relaxng/tei_all.rng" type="application/xml"
	schematypens="http://purl.oclc.org/dsdl/schematron"?>
<TEI xmlns="http://www.tei-c.org/ns/1.0" xml:id="GalerieEDruet_L&#233;onceB&#233;n&#233;dite_19211213_-5150804119208587845">
  <!-- le document XML, dans sa forme actuelle, n'est pas valide selon la syntaxe TEI:
       la structure d&#233;finie ici devrait contenir d'autres &#233;l&#233;ments -->
  <teiHeader>
    <!-- l'en-t&#234;te de notre document, contenant les m&#233;tadonn&#233;es -->
    <fileDesc>
      <!-- description du fichier encod&#233; et de sa source -->
      <titleStmt>
        <!-- titre du document -->
        <title>R&#233;capitulatif de la galerie E. Druet, 20 rue Royale. </title>
        <author>Galerie E. Druet</author>
        <respStmt>
          <resp>Production et pr&#233;paration du texte brut</resp>
          <persName>L&#233;a Saint-Raymond</persName>
        </respStmt>
        <respStmt>
          <resp>Transformation automatique du texte brut vers le XML-TEI</resp>
          <persName>Les participant.e.s &#224; l'atelier "Mod&#233;liser et exploiter des corpus textuels" (ENS-PSL, campus d'Ulm)</persName>
        </respStmt>
      </titleStmt>
      <publicationStmt>
        <!-- informations sur le document XML encod&#233; -->
        <publisher>ENS-PSL</publisher>
        <pubPlace>Paris (France)</pubPlace>
        <date>2023-03-26 16:02:14.367487</date>
      </publicationStmt>
      <sourceDesc>
        <!-- informations sur la source: la lettre que l'on encode -->
        <bibl type="r&#233;capitulatif">
          <author>Galerie E. Druet</author>
          <title>R&#233;capitulatif de la galerie E. Druet, 20 rue Royale. </title>
          <date>1921-12-13</date>
          <msIdentifier>
            <institution>INHA</institution>
            <idno>INHA 128</idno>
          </msIdentifier>
        </bibl>
      </sourceDesc>
    </fileDesc>
    <encodingDesc>
      <!-- informations sur l'encodage :
           - tei:editorialDecl, d&#233;crivant la m&#233;thode de production du document XML 
           - tei:projectDesc, contexte de production du XML 
      -->
      <editorialDecl>
        <p>Production de l'encodage XML r&#233;alis&#233;e automatiquement avec la librairie LXML de Python &#224; partir d'une version en texte brut de la correspondance de Matsukata</p>
      </editorialDecl>
      <projectDesc>
        <p>L'atelier "Mod&#233;liser et exploiter des corpus textuels" a donn&#233; lieu &#224; cet encodage.</p>
      </projectDesc>
    </encodingDesc>
    <profileDesc>
      <!-- informations non bibliographiques sur le document encod&#233; 
           cet &#233;l&#233;ment l&#224; sera compl&#233;t&#233; par:
           - un tei:particDesc, qui d&#233;crit tout.es les personnes ayant &#233;crit
             ou re&#231;u des lettres dans le corpus Matsutaka
           - un tei:settingDesc, qui d&#233;crit tous les lieux d'exp&#233;dition/destination
             des lettres du corpus Matsutaka
           ces &#233;l&#233;ments seront rajout&#233; dans le notebook du cours.
      -->
      <correspDesc>
        <!-- description de la correspondance -->
        <correspAction type="sent">
          <persName>Galerie E. Druet</persName>
          <placeName>Paris</placeName>
          <date when="1921-12-13">1921-12-13</date>
        </correspAction>
        <correspAction type="received">
          <persName>L&#233;once B&#233;n&#233;dite</persName>
          <placeName>Paris</placeName>
        </correspAction>
      </correspDesc>
    </profileDesc>
  </teiHeader>
  <text>
    <!-- le corps du texte. il peut comporter un tei:front et un tei:back
         et doit comporter un tei:body, comprenant le corps du texte -->
    <body>
      <!-- le corps du texte -->
      <p>Liste des tableaux appartenant &#224; Mr K. Matsukata livr&#233;s &#224; ce jour au Mus&#233;e Rodin</p>
      <p>Tableaux achet&#233;s chez Madame Druet</p>
      <p>N&#176; 9562. Maurice Denis. Plage au Canet</p>
      <p>9564. Maurice Denis. Sainte-Catherine de Sienne</p>
      <p>9566. Maurice Denis. San Domenico, Sienne</p>
      <p>9570. Maurice Denis. Vasque de la Villa M&#233;dicis</p>
      <p>7841 Maurice Denis. Terrasse &#224; Tonquidec</p>
      <p>9072. Maurice Denis. Procession &#224; Fourqueux</p>
      <p>9263 Maurice Denis. Les Rochers noirs</p>
      <p>9266. Maurice Denis. Ace &#233;crivant</p>
      <p>9438. Maurice Denis. Eglise de la Clart&#233;</p>
      <p>32. Maurice Denis. Rosmapamon</p>
      <p>51. Maurice Denis. La jeune m&#232;re</p>
      <p>9621. A. Marquet. Les Sables d&#8217;Olonne, la jet&#233;e temps gris</p>
      <p>9637. A. Marquet. Les Sables d&#8217;Olonne, Voiles jaunes</p>
      <p>9629. A. Marquet. Les Sables d&#8217;Olonne, la plage</p>
      <p>9635. A. Marquet. Les Sables d&#8217;Olonne, les quais</p>
      <p>6794. A. Marquet. Nu assis</p>
      <p>4570. Paul Gauguin. Paysage de Bretagne</p>
      <p>5156 Paul Gauguin. Nature morte</p>
      <p>7419. Paul Gauguin. Baigneuses</p>
      <p>9561.  Jules Flandrin. Boston au Victoria</p>
      <p>7857. George Desvalli&#232;res. Visitation</p>
      <p>Tableaux achet&#233;s chez Mr Maurice Denis</p>
      <p>Maurice Denis. Constantine </p>
      <p>Maurice Denis. Clo&#238;tre Saint-Laurent</p>
      <p>Maurice Denis. Cimeti&#232;re El Ketar</p>
      <p>Maurice Denis. Quattro Torri</p>
      <p>Maurice Denis. Le Go&#251;ter</p>
      <p>Maurice Denis. 20 dessins</p>
      <p>__ Maurice Denis. Sidi Bou Sa&#239;d et Maurice Denis : Girgenti. Achet&#233;s par Monsieur Kuroki. </p>
      <p>Soit un total de : 29 tableaux et 20 dessins. </p>
    </body>
  </text>
</TEI>
