<?xml-model href="http://www.tei-c.org/release/xml/tei/custom/schema/relaxng/tei_all.rng" type="application/xml" schematypens="http://relaxng.org/ns/structure/1.0"?>
<?xml-model href="http://www.tei-c.org/release/xml/tei/custom/schema/relaxng/tei_all.rng" type="application/xml"
	schematypens="http://purl.oclc.org/dsdl/schematron"?>
<TEI xmlns="http://www.tei-c.org/ns/1.0" xml:id="GalerieEDruet_L&#233;onceB&#233;n&#233;dite_19211210_1075987243822305582">
  <!-- le document XML, dans sa forme actuelle, n'est pas valide selon la syntaxe TEI:
       la structure d&#233;finie ici devrait contenir d'autres &#233;l&#233;ments -->
  <teiHeader>
    <!-- l'en-t&#234;te de notre document, contenant les m&#233;tadonn&#233;es -->
    <fileDesc>
      <!-- description du fichier encod&#233; et de sa source -->
      <titleStmt>
        <!-- titre du document -->
        <title>Lettre de la galerie E. Druet, 20 rue Royale, &#224; L&#233;once Benedite, 3 rue Duguay Trouin. </title>
        <author>Galerie E. Druet</author>
        <respStmt>
          <resp>Production et pr&#233;paration du texte brut</resp>
          <persName>L&#233;a Saint-Raymond</persName>
        </respStmt>
        <respStmt>
          <resp>Transformation automatique du texte brut vers le XML-TEI</resp>
          <persName>Les participant.e.s &#224; l'atelier "Mod&#233;liser et exploiter des corpus textuels" (ENS-PSL, campus d'Ulm)</persName>
        </respStmt>
      </titleStmt>
      <publicationStmt>
        <!-- informations sur le document XML encod&#233; -->
        <publisher>ENS-PSL</publisher>
        <pubPlace>Paris (France)</pubPlace>
        <date>2023-03-26 16:02:14.366704</date>
      </publicationStmt>
      <sourceDesc>
        <!-- informations sur la source: la lettre que l'on encode -->
        <bibl type="lettre">
          <author>Galerie E. Druet</author>
          <title>Lettre de la galerie E. Druet, 20 rue Royale, &#224; L&#233;once Benedite, 3 rue Duguay Trouin. </title>
          <date>1921-12-10</date>
          <msIdentifier>
            <institution>INHA</institution>
            <idno>INHA 127</idno>
          </msIdentifier>
        </bibl>
      </sourceDesc>
    </fileDesc>
    <encodingDesc>
      <!-- informations sur l'encodage :
           - tei:editorialDecl, d&#233;crivant la m&#233;thode de production du document XML 
           - tei:projectDesc, contexte de production du XML 
      -->
      <editorialDecl>
        <p>Production de l'encodage XML r&#233;alis&#233;e automatiquement avec la librairie LXML de Python &#224; partir d'une version en texte brut de la correspondance de Matsukata</p>
      </editorialDecl>
      <projectDesc>
        <p>L'atelier "Mod&#233;liser et exploiter des corpus textuels" a donn&#233; lieu &#224; cet encodage.</p>
      </projectDesc>
    </encodingDesc>
    <profileDesc>
      <!-- informations non bibliographiques sur le document encod&#233; 
           cet &#233;l&#233;ment l&#224; sera compl&#233;t&#233; par:
           - un tei:particDesc, qui d&#233;crit tout.es les personnes ayant &#233;crit
             ou re&#231;u des lettres dans le corpus Matsutaka
           - un tei:settingDesc, qui d&#233;crit tous les lieux d'exp&#233;dition/destination
             des lettres du corpus Matsutaka
           ces &#233;l&#233;ments seront rajout&#233; dans le notebook du cours.
      -->
      <correspDesc>
        <!-- description de la correspondance -->
        <correspAction type="sent">
          <persName>Galerie E. Druet</persName>
          <placeName>Paris</placeName>
          <date when="1921-12-10">1921-12-10</date>
        </correspAction>
        <correspAction type="received">
          <persName>L&#233;once B&#233;n&#233;dite</persName>
          <placeName>Paris</placeName>
        </correspAction>
      </correspDesc>
    </profileDesc>
  </teiHeader>
  <text>
    <!-- le corps du texte. il peut comporter un tei:front et un tei:back
         et doit comporter un tei:body, comprenant le corps du texte -->
    <body>
      <!-- le corps du texte -->
      <opener>
        <salute>Cher Monsieur, </salute>
      </opener>
      <p>L&#8217;Exposition de Maurice Denis &#233;tant termin&#233;e, je viens vous demander des instructions en ce qui concerne les tableaux que m&#8217;a achet&#233;s Mr Matsukata et ceux qu&#8217;il a achet&#233;s chez Maurice Denis. </p>
      <p>Suivant le d&#233;sir de Maurice Denis, j&#8217;ai fait photographier tous ses tableaux et je suis d&#232;s maintenant &#224; m&#234;me de les faire porter quand vous voudrez au Mus&#233;e Rodin. </p>
      <p>Dois-je joindre &#224; cet envoi les 2 tableaux que vous avez fait acheter &#224; Mr Kuroki chez Maurice Denis ? </p>
      <p>Sinon, je vous serais tr&#232;s oblig&#233; de me dire ce que je dois en faire. </p>
      <closer>
        <salute>Dans l&#8217;attente de votre r&#233;ponse, veuillez agr&#233;er, cher Monsieur, l&#8217;assurance de ma consid&#233;ration distingu&#233;e. </salute>
        <signed>L. Druet</signed>
      </closer>
    </body>
  </text>
</TEI>
