<?xml-model href="http://www.tei-c.org/release/xml/tei/custom/schema/relaxng/tei_all.rng" type="application/xml" schematypens="http://relaxng.org/ns/structure/1.0"?>
<?xml-model href="http://www.tei-c.org/release/xml/tei/custom/schema/relaxng/tei_all.rng" type="application/xml"
	schematypens="http://purl.oclc.org/dsdl/schematron"?>
<TEI xmlns="http://www.tei-c.org/ns/1.0" xml:id="GeorgesGrappe_Hioki_19360226_-56369397087094692">
  <!-- le document XML, dans sa forme actuelle, n'est pas valide selon la syntaxe TEI:
       la structure d&#233;finie ici devrait contenir d'autres &#233;l&#233;ments -->
  <teiHeader>
    <!-- l'en-t&#234;te de notre document, contenant les m&#233;tadonn&#233;es -->
    <fileDesc>
      <!-- description du fichier encod&#233; et de sa source -->
      <titleStmt>
        <!-- titre du document -->
        <title>Lettre de </title>
        <author>Georges Grappe</author>
        <respStmt>
          <resp>Production et pr&#233;paration du texte brut</resp>
          <persName>L&#233;a Saint-Raymond</persName>
        </respStmt>
        <respStmt>
          <resp>Transformation automatique du texte brut vers le XML-TEI</resp>
          <persName>Les participant.e.s &#224; l'atelier "Mod&#233;liser et exploiter des corpus textuels" (ENS-PSL, campus d'Ulm)</persName>
        </respStmt>
      </titleStmt>
      <publicationStmt>
        <!-- informations sur le document XML encod&#233; -->
        <publisher>ENS-PSL</publisher>
        <pubPlace>Paris (France)</pubPlace>
        <date>2023-03-31 03:27:18.555769</date>
      </publicationStmt>
      <sourceDesc>
        <!-- informations sur la source: la lettre que l'on encode -->
        <bibl type="lettre">
          <author>Georges Grappe</author>
          <title>Lettre de </title>
          <date>1936-02-26</date>
          <msIdentifier>
            <institution>Mus&#233;e Rodin</institution>
            <idno>Mus&#233;e Rodin</idno>
          </msIdentifier>
        </bibl>
      </sourceDesc>
    </fileDesc>
    <encodingDesc>
      <!-- informations sur l'encodage :
           - tei:editorialDecl, d&#233;crivant la m&#233;thode de production du document XML 
           - tei:projectDesc, contexte de production du XML 
      -->
      <editorialDecl>
        <p>Production de l'encodage XML r&#233;alis&#233;e automatiquement avec la librairie LXML de Python &#224; partir d'une version en texte brut de la correspondance de Matsukata</p>
      </editorialDecl>
      <projectDesc>
        <p>L'atelier "Mod&#233;liser et exploiter des corpus textuels" a donn&#233; lieu &#224; cet encodage.</p>
      </projectDesc>
    </encodingDesc>
    <profileDesc>
      <!-- informations non bibliographiques sur le document encod&#233; 
           cet &#233;l&#233;ment l&#224; sera compl&#233;t&#233; par:
           - un tei:particDesc, qui d&#233;crit tout.es les personnes ayant &#233;crit
             ou re&#231;u des lettres dans le corpus Matsutaka
           - un tei:settingDesc, qui d&#233;crit tous les lieux d'exp&#233;dition/destination
             des lettres du corpus Matsutaka
           ces &#233;l&#233;ments seront rajout&#233; dans le notebook du cours.
      -->
      <correspDesc>
        <!-- description de la correspondance -->
        <correspAction type="sent">
          <persName>Georges Grappe</persName>
          <placeName>Paris</placeName>
          <date when="1936-02-26">1936-02-26</date>
        </correspAction>
        <correspAction type="received">
          <persName>Hioki</persName>
          <placeName>Abondant</placeName>
        </correspAction>
      </correspDesc>
    </profileDesc>
  </teiHeader>
  <text>
    <!-- le corps du texte. il peut comporter un tei:front et un tei:back
         et doit comporter un tei:body, comprenant le corps du texte -->
    <body>
      <!-- le corps du texte -->
      <opener>
        <salute>Cher Monsieur Hioki, </salute>
      </opener>
      <p>En r&#233;ponse &#224; votre lettre du 10 f&#233;vrier et apr&#232;s avoir vu M. Rudier, je vous informe que je l&#8217;ai autoris&#233; &#224; pr&#234;ter au Grand Palais, pendant la dur&#233;e de l&#8217;Exposition, le grand groupe des Bourgeois appartenant &#224; M. Matsukata. </p>
      <p>Ce pr&#234;t est fait &#224; condition que le groupe rentrera &#224; Malakoff apr&#232;s la fermeture de l&#8217;Exposition, et que le nom de M. Matsukata ne sera pas mentionn&#233;, ceci afin de m&#8217;&#233;viter des demandes dans l&#8217;avenir, demandes que je serais dans l&#8217;obligation de refuser.</p>
      <p>Je profite de l&#8217;occasion pour vous informer que je suis toujours sans nouvelle de M. Matsukata.</p>
      <closer>
        <salute>Croyez, Cher Monsieur Hioki, &#224; mes sentiments les meilleurs. </salute>
      </closer>
    </body>
  </text>
</TEI>
