<?xml-model href="http://www.tei-c.org/release/xml/tei/custom/schema/relaxng/tei_all.rng" type="application/xml" schematypens="http://relaxng.org/ns/structure/1.0"?>
<?xml-model href="http://www.tei-c.org/release/xml/tei/custom/schema/relaxng/tei_all.rng" type="application/xml"
	schematypens="http://purl.oclc.org/dsdl/schematron"?>
<TEI xmlns="http://www.tei-c.org/ns/1.0" xml:id="GeorgesBernheim_L&#233;onceB&#233;n&#233;dite_19211117_7183773600507320622">
  <!-- le document XML, dans sa forme actuelle, n'est pas valide selon la syntaxe TEI:
       la structure d&#233;finie ici devrait contenir d'autres &#233;l&#233;ments -->
  <teiHeader>
    <!-- l'en-t&#234;te de notre document, contenant les m&#233;tadonn&#233;es -->
    <fileDesc>
      <!-- description du fichier encod&#233; et de sa source -->
      <titleStmt>
        <!-- titre du document -->
        <title>Duplicata de la facture de Georges Bernheim, 40 rue La Bo&#235;tie. </title>
        <author>Georges Bernheim</author>
        <respStmt>
          <resp>Production et pr&#233;paration du texte brut</resp>
          <persName>L&#233;a Saint-Raymond</persName>
        </respStmt>
        <respStmt>
          <resp>Transformation automatique du texte brut vers le XML-TEI</resp>
          <persName>Les participant.e.s &#224; l'atelier "Mod&#233;liser et exploiter des corpus textuels" (ENS-PSL, campus d'Ulm)</persName>
        </respStmt>
      </titleStmt>
      <publicationStmt>
        <!-- informations sur le document XML encod&#233; -->
        <publisher>ENS-PSL</publisher>
        <pubPlace>Paris (France)</pubPlace>
        <date>2023-03-26 16:02:14.359095</date>
      </publicationStmt>
      <sourceDesc>
        <!-- informations sur la source: la lettre que l'on encode -->
        <bibl type="duplicata">
          <author>Georges Bernheim</author>
          <title>Duplicata de la facture de Georges Bernheim, 40 rue La Bo&#235;tie. </title>
          <date>1921-11-17</date>
          <msIdentifier>
            <institution>INHA</institution>
            <idno>INHA 121 et 122</idno>
          </msIdentifier>
        </bibl>
      </sourceDesc>
    </fileDesc>
    <encodingDesc>
      <!-- informations sur l'encodage :
           - tei:editorialDecl, d&#233;crivant la m&#233;thode de production du document XML 
           - tei:projectDesc, contexte de production du XML 
      -->
      <editorialDecl>
        <p>Production de l'encodage XML r&#233;alis&#233;e automatiquement avec la librairie LXML de Python &#224; partir d'une version en texte brut de la correspondance de Matsukata</p>
      </editorialDecl>
      <projectDesc>
        <p>L'atelier "Mod&#233;liser et exploiter des corpus textuels" a donn&#233; lieu &#224; cet encodage.</p>
      </projectDesc>
    </encodingDesc>
    <profileDesc>
      <!-- informations non bibliographiques sur le document encod&#233; 
           cet &#233;l&#233;ment l&#224; sera compl&#233;t&#233; par:
           - un tei:particDesc, qui d&#233;crit tout.es les personnes ayant &#233;crit
             ou re&#231;u des lettres dans le corpus Matsutaka
           - un tei:settingDesc, qui d&#233;crit tous les lieux d'exp&#233;dition/destination
             des lettres du corpus Matsutaka
           ces &#233;l&#233;ments seront rajout&#233; dans le notebook du cours.
      -->
      <correspDesc>
        <!-- description de la correspondance -->
        <correspAction type="sent">
          <persName>Georges Bernheim</persName>
          <placeName>Paris</placeName>
          <date when="1921-11-17">1921-11-17</date>
        </correspAction>
        <correspAction type="received">
          <persName>L&#233;once B&#233;n&#233;dite</persName>
          <placeName>Paris</placeName>
        </correspAction>
      </correspDesc>
    </profileDesc>
  </teiHeader>
  <text>
    <!-- le corps du texte. il peut comporter un tei:front et un tei:back
         et doit comporter un tei:body, comprenant le corps du texte -->
    <body>
      <!-- le corps du texte -->
      <opener>
        <salute>Monsieur B&#233;n&#233;ditte [sic] Conservateur du Mus&#233;e du Luxembourg. </salute>
      </opener>
      <p>Cher Monsieur, </p>
      <p>Selon vos d&#233;sirs, j&#8217;ai l&#8217;honneur de vous adresser le duplicata des tableaux achet&#233;s par Monsieur Matsukata. </p>
      <p>Dans l&#8217;attente du plaisir de votre visite,</p>
      <p>Je vous prie d&#8217;agr&#233;er, cher Monsieur, l&#8217;assurance de ma consid&#233;ration distingu&#233;e</p>
      <p>Georges Bernheim</p>
      <p>Manet &#171; La course de taureaux &#187; : 135 000 frs</p>
      <p>Bonnard &#171; La mer &#187; ; Bonnard &#171; Sous la tonnelle &#187; ; Bonnard &#171; La partie de carte &#187; ; Courbet &#171; Le renard pris au pi&#232;ge &#187; ; Courbet &#171; Cheval &#224; l&#8217;&#233;curie &#187; ; marbre antique : 90 000 frs</p>
      <p>Ingres &#171; Etude pour Hom&#232;re &#187; : 22 000 fr</p>
      <p>Gauguin &#171; Le verger &#187; ; Gauguin &#171; La moisson &#187; : 55 000 frs</p>
      <p>Marquet &#171; La Rochelle &#187; ; Marquet &#171; Vue de Paris &#187; ; Matisse &#171; Femme nue &#187; ; Matisse &#171; Femmes sous les arbres &#187; : 30 000 frs</p>
      <p>Manet &#171; La sortie du bal de l&#8217;Op&#233;ra &#187; : 30 000 frs</p>
      <p>Courbet &#171; Les pommes &#187; ; Courbet &#171; La neige &#187; ; Puvis de Chavannes &#171; Sc&#232;ne champ&#234;tre &#187; ; Puvis de Chavannes &#171; La muse &#187; : 45 000 frs</p>
      <p>Puy &#171; L&#8217;atelier &#187; : 5 000 frs</p>
    </body>
  </text>
</TEI>
