<?xml-model href="http://www.tei-c.org/release/xml/tei/custom/schema/relaxng/tei_all.rng" type="application/xml" schematypens="http://relaxng.org/ns/structure/1.0"?>
<?xml-model href="http://www.tei-c.org/release/xml/tei/custom/schema/relaxng/tei_all.rng" type="application/xml"
	schematypens="http://purl.oclc.org/dsdl/schematron"?>
<TEI xmlns="http://www.tei-c.org/ns/1.0" xml:id="GeorgesGrappe_Hioki_19360519_-1489154368546705529">
  <!-- le document XML, dans sa forme actuelle, n'est pas valide selon la syntaxe TEI:
       la structure d&#233;finie ici devrait contenir d'autres &#233;l&#233;ments -->
  <teiHeader>
    <!-- l'en-t&#234;te de notre document, contenant les m&#233;tadonn&#233;es -->
    <fileDesc>
      <!-- description du fichier encod&#233; et de sa source -->
      <titleStmt>
        <!-- titre du document -->
        <title>[r&#233;c&#233;piss&#233; Hioki Abondant, en date du 19 mai 1936]</title>
        <author>Georges Grappe</author>
        <respStmt>
          <resp>Production et pr&#233;paration du texte brut</resp>
          <persName>L&#233;a Saint-Raymond</persName>
        </respStmt>
        <respStmt>
          <resp>Transformation automatique du texte brut vers le XML-TEI</resp>
          <persName>Les participant.e.s &#224; l'atelier "Mod&#233;liser et exploiter des corpus textuels" (ENS-PSL, campus d'Ulm)</persName>
        </respStmt>
      </titleStmt>
      <publicationStmt>
        <!-- informations sur le document XML encod&#233; -->
        <publisher>ENS-PSL</publisher>
        <pubPlace>Paris (France)</pubPlace>
        <date>2023-03-31 03:27:18.558120</date>
      </publicationStmt>
      <sourceDesc>
        <!-- informations sur la source: la lettre que l'on encode -->
        <bibl type="r&#233;c&#233;piss&#233;">
          <author>Georges Grappe</author>
          <title>[r&#233;c&#233;piss&#233; Hioki Abondant, en date du 19 mai 1936]</title>
          <date>1936-05-19</date>
          <msIdentifier>
            <institution>Lieu de conservation inconnu</institution>
            <idno>Source inconnue</idno>
          </msIdentifier>
        </bibl>
      </sourceDesc>
    </fileDesc>
    <encodingDesc>
      <!-- informations sur l'encodage :
           - tei:editorialDecl, d&#233;crivant la m&#233;thode de production du document XML 
           - tei:projectDesc, contexte de production du XML 
      -->
      <editorialDecl>
        <p>Production de l'encodage XML r&#233;alis&#233;e automatiquement avec la librairie LXML de Python &#224; partir d'une version en texte brut de la correspondance de Matsukata</p>
      </editorialDecl>
      <projectDesc>
        <p>L'atelier "Mod&#233;liser et exploiter des corpus textuels" a donn&#233; lieu &#224; cet encodage.</p>
      </projectDesc>
    </encodingDesc>
    <profileDesc>
      <!-- informations non bibliographiques sur le document encod&#233; 
           cet &#233;l&#233;ment l&#224; sera compl&#233;t&#233; par:
           - un tei:particDesc, qui d&#233;crit tout.es les personnes ayant &#233;crit
             ou re&#231;u des lettres dans le corpus Matsutaka
           - un tei:settingDesc, qui d&#233;crit tous les lieux d'exp&#233;dition/destination
             des lettres du corpus Matsutaka
           ces &#233;l&#233;ments seront rajout&#233; dans le notebook du cours.
      -->
      <correspDesc>
        <!-- description de la correspondance -->
        <correspAction type="sent">
          <persName>Georges Grappe</persName>
          <placeName>Paris</placeName>
          <date when="1936-05-19">1936-05-19</date>
        </correspAction>
        <correspAction type="received">
          <persName>Hioki</persName>
          <placeName>Abondant</placeName>
        </correspAction>
      </correspDesc>
    </profileDesc>
  </teiHeader>
  <text>
    <!-- le corps du texte. il peut comporter un tei:front et un tei:back
         et doit comporter un tei:body, comprenant le corps du texte -->
    <body>
      <!-- le corps du texte -->
      <p>Lettre de Grappe, conservateur du Mus&#233;e Rodin &#224; Hioki. [Mus&#233;e Rodin]</p>
      <p>Cher Monsieur Hioki, </p>
      <p>Comme suite &#224; la conversation que nous avons eue le 14 Mai dernier, je viens vous confirmer ce que je vous ai dit au cours de cet entretien. </p>
      <p>Etant donn&#233; les instructions g&#233;n&#233;rales concernant les b&#226;timents de l&#8217;&#201;tat sur les pr&#233;cautions &#224; prendre en temps de guerre, il est bien entendu que le Mus&#233;e Rodin ne saurait en aucune fa&#231;on pr&#233;voir ce que pourrait devenir la collection de M. Matsukata en pareil cas. Il y aurait donc lieu que vous vous occupiez d&#232;s maintenant d&#8217;envisager les mesures &#224; prendre pour les tableaux et statues appartenant &#224; M. Matsukata. </p>
      <p>Je vous envoie cette lettre recommand&#233;e pour vous confirmer notre conversation et d&#8217;autre part pour que vous ayez entre les mains un t&#233;moignage officiel que le Mus&#233;e Rodin entend bien, en cas de guerre, &#234;tre d&#233;charg&#233; de toute responsabilit&#233; &#224; l&#8217;&#233;gard des collections du M&#233;c&#232;ne japonais.</p>
      <closer>
        <salute>Veuillez agr&#233;er, je vous prie, Cher Monsieur Hioki, les assurances de mes sentiments les meilleurs</salute>
      </closer>
    </body>
  </text>
</TEI>
