<?xml-model href="http://www.tei-c.org/release/xml/tei/custom/schema/relaxng/tei_all.rng" type="application/xml" schematypens="http://relaxng.org/ns/structure/1.0"?>
<?xml-model href="http://www.tei-c.org/release/xml/tei/custom/schema/relaxng/tei_all.rng" type="application/xml"
	schematypens="http://purl.oclc.org/dsdl/schematron"?>
<TEI xmlns="http://www.tei-c.org/ns/1.0" xml:id="GeorgesGrappe_DirecteurG&#233;n&#233;raldesBeauxArts_19380927_6434403200975969960">
  <!-- le document XML, dans sa forme actuelle, n'est pas valide selon la syntaxe TEI:
       la structure d&#233;finie ici devrait contenir d'autres &#233;l&#233;ments -->
  <teiHeader>
    <!-- l'en-t&#234;te de notre document, contenant les m&#233;tadonn&#233;es -->
    <fileDesc>
      <!-- description du fichier encod&#233; et de sa source -->
      <titleStmt>
        <!-- titre du document -->
        <title>Lettre typographi&#233;e de Georges Grappe, Conservateur du Mus&#233;e Rodin, &#224; Monsieur le Directeur G&#233;n&#233;ral des Beaux Arts. </title>
        <author>Georges Grappe</author>
        <respStmt>
          <resp>Production et pr&#233;paration du texte brut</resp>
          <persName>L&#233;a Saint-Raymond</persName>
        </respStmt>
        <respStmt>
          <resp>Transformation automatique du texte brut vers le XML-TEI</resp>
          <persName>Les participant.e.s &#224; l'atelier "Mod&#233;liser et exploiter des corpus textuels" (ENS-PSL, campus d'Ulm)</persName>
        </respStmt>
      </titleStmt>
      <publicationStmt>
        <!-- informations sur le document XML encod&#233; -->
        <publisher>ENS-PSL</publisher>
        <pubPlace>Paris (France)</pubPlace>
        <date>2023-03-26 16:02:14.492137</date>
      </publicationStmt>
      <sourceDesc>
        <!-- informations sur la source: la lettre que l'on encode -->
        <bibl type="lettre">
          <author>Georges Grappe</author>
          <title>Lettre typographi&#233;e de Georges Grappe, Conservateur du Mus&#233;e Rodin, &#224; Monsieur le Directeur G&#233;n&#233;ral des Beaux Arts. </title>
          <date>1938-09-27</date>
          <msIdentifier>
            <institution>Mus&#233;e Rodin</institution>
            <idno>Mus&#233;e Rodin</idno>
          </msIdentifier>
        </bibl>
      </sourceDesc>
    </fileDesc>
    <encodingDesc>
      <!-- informations sur l'encodage :
           - tei:editorialDecl, d&#233;crivant la m&#233;thode de production du document XML 
           - tei:projectDesc, contexte de production du XML 
      -->
      <editorialDecl>
        <p>Production de l'encodage XML r&#233;alis&#233;e automatiquement avec la librairie LXML de Python &#224; partir d'une version en texte brut de la correspondance de Matsukata</p>
      </editorialDecl>
      <projectDesc>
        <p>L'atelier "Mod&#233;liser et exploiter des corpus textuels" a donn&#233; lieu &#224; cet encodage.</p>
      </projectDesc>
    </encodingDesc>
    <profileDesc>
      <!-- informations non bibliographiques sur le document encod&#233; 
           cet &#233;l&#233;ment l&#224; sera compl&#233;t&#233; par:
           - un tei:particDesc, qui d&#233;crit tout.es les personnes ayant &#233;crit
             ou re&#231;u des lettres dans le corpus Matsutaka
           - un tei:settingDesc, qui d&#233;crit tous les lieux d'exp&#233;dition/destination
             des lettres du corpus Matsutaka
           ces &#233;l&#233;ments seront rajout&#233; dans le notebook du cours.
      -->
      <correspDesc>
        <!-- description de la correspondance -->
        <correspAction type="sent">
          <persName ref="#georgesgrappe">Georges Grappe</persName>
          <placeName ref="#paris">Paris</placeName>
          <date when="1938-09-27">1938-09-27</date>
        </correspAction>
        <correspAction type="received">
          <persName ref="#directeurgeneraldesbeauxarts">Directeur G&#233;n&#233;ral des Beaux-Arts</persName>
          <placeName ref="#paris">Paris</placeName>
        </correspAction>
      </correspDesc>
      <settingDesc>
        <listPlace>
          <place xml:id="kobe">
            <placeName>Kobe</placeName>
            <location>
              <geo>135.1943764 34.6932379</geo>
            </location>
          </place>
          <place xml:id="paris">
            <placeName>Paris</placeName>
            <location>
              <geo>2.3483915 48.8534951</geo>
            </location>
          </place>
          <place xml:id="londres">
            <placeName>Londres</placeName>
            <location>
              <geo>-0.12765 51.5073359</geo>
            </location>
          </place>
          <place xml:id="na">
            <placeName>NA</placeName>
          </place>
          <place xml:id="abondant">
            <placeName>Abondant</placeName>
            <location>
              <geo>1.4411738 48.7822754</geo>
            </location>
          </place>
          <place xml:id="boulognebillancourt">
            <placeName>Boulogne-Billancourt</placeName>
            <location>
              <geo>2.240206 48.8356649</geo>
            </location>
          </place>
          <place xml:id="newyork">
            <placeName>New York</placeName>
            <location>
              <geo>-74.0060152 40.7127281</geo>
            </location>
          </place>
          <place xml:id="chateauthierry">
            <placeName>Ch&#226;teau-Thierry</placeName>
            <location>
              <geo>3.4027111 49.0457362</geo>
            </location>
          </place>
          <place xml:id="venise">
            <placeName>Venise</placeName>
            <location>
              <geo>12.3345898 45.4371908</geo>
            </location>
          </place>
          <place xml:id="malakoff">
            <placeName>Malakoff</placeName>
            <location>
              <geo>2.3019814 48.8211559</geo>
            </location>
          </place>
          <place xml:id="sevres">
            <placeName>S&#232;vres</placeName>
            <location>
              <geo>2.2127083 48.8247407</geo>
            </location>
          </place>
          <place xml:id="lyon">
            <placeName>Lyon</placeName>
            <location>
              <geo>4.8320114 45.7578137</geo>
            </location>
          </place>
          <place xml:id="nice">
            <placeName>Nice</placeName>
            <location>
              <geo>7.2683912 43.7009358</geo>
            </location>
          </place>
          <place xml:id="bagneresdeluchon">
            <placeName>Bagn&#232;res-de-Luchon</placeName>
            <location>
              <geo>0.5912279 42.7910617</geo>
            </location>
          </place>
          <place xml:id="kobejapon">
            <placeName>Kobe, Japon</placeName>
          </place>
          <place xml:id="prague">
            <placeName>Prague</placeName>
            <location>
              <geo>14.4212535 50.0874654</geo>
            </location>
          </place>
          <place xml:id="deauville">
            <placeName>Deauville</placeName>
            <location>
              <geo>0.0752778 49.36</geo>
            </location>
          </place>
          <place xml:id="hammersmith">
            <placeName>Hammersmith</placeName>
            <location>
              <geo>-0.2236401 51.4920377</geo>
            </location>
          </place>
          <place xml:id="hassocks31sussex">
            <placeName>Hassocks 31, Sussex</placeName>
          </place>
        </listPlace>
      </settingDesc>
      <particDesc>
        <listPerson>
          <person xml:id="kojiromatsukata">
            <persName>Kojiro Matsukata</persName>
          </person>
          <person xml:id="seichinaruse">
            <persName>Seichi Naruse</persName>
          </person>
          <person xml:id="leoncebenedite">
            <persName>L&#233;once B&#233;n&#233;dite</persName>
            <persName>L&#233;once B&#233;n&#233;dite ?</persName>
          </person>
          <person type="PERSON" xml:id="napartic">
            <persName>NA</persName>
            <persName>inconnu</persName>
            <persName>aucun</persName>
          </person>
          <person type="PERSON" xml:id="vizzavona">
            <persName>F. Vizzavona</persName>
          </person>
          <person type="PERSON" xml:id="barbazanges">
            <persName>M. Barbazanges</persName>
          </person>
          <person type="PERSON" xml:id="hioki">
            <persName>Hioki</persName>
          </person>
          <person type="PERSON" xml:id="georgesgrappe">
            <persName>Georges Grappe</persName>
          </person>
          <person type="PERSON" xml:id="havemeyer">
            <persName>Mrs. H. O. Havemeyer</persName>
          </person>
          <person xml:id="banquesuzukic">
            <persName>Banque Suzuki &amp; C&#176;</persName>
            <persName>Banque Suzuki &amp; C&#176; ?</persName>
          </person>
          <person type="PERSON" xml:id="intermediairesdekojiromatsukata">
            <persName>interm&#233;diaires de Kojiro Matsukata ?</persName>
            <persName>interm&#233;diaires de Kojiro Matsukata</persName>
            <persName>Interm&#233;diaires de Kojiro Matsukata</persName>
          </person>
          <person type="PERSON" xml:id="georgesbernheim">
            <persName>Georges Bernheim</persName>
          </person>
          <person type="PERSON" xml:id="paulrosenberg">
            <persName>Paul Rosenberg</persName>
          </person>
          <person xml:id="lenarsetcie">
            <persName>A. L&#233;nars et Cie</persName>
          </person>
          <person xml:id="societedetravauxetindustriesmaritimes">
            <persName>Soci&#233;t&#233; de travaux et industries maritimes</persName>
          </person>
          <person type="PERSON" xml:id="amanjean">
            <persName>Aman-Jean</persName>
          </person>
          <person type="PERSON" xml:id="rosabenedite">
            <persName>Rosa B&#233;n&#233;dite ?</persName>
            <persName>Rosa B&#233;n&#233;dite</persName>
          </person>
          <person type="PERSON" xml:id="andredezarrois">
            <persName>Andr&#233; Dezarrois</persName>
          </person>
          <person type="PERSON" xml:id="rudier">
            <persName>A. Rudier</persName>
          </person>
          <person type="PERSON" xml:id="joshessel">
            <persName>Jos Hessel</persName>
          </person>
          <person type="PERSON" xml:id="galeriedruet">
            <persName>Galerie E. Druet</persName>
          </person>
          <person xml:id="galeriesgeorgespetit">
            <persName>Galeries Georges Petit</persName>
          </person>
          <person type="PERSON" xml:id="romolobarzoni">
            <persName>Romolo Barzoni</persName>
          </person>
          <person type="PERSON" xml:id="galeriebarbazanges">
            <persName>Galerie Barbazanges</persName>
          </person>
          <person xml:id="directeurdesbeauxarts">
            <persName>Directeur des Beaux-Arts</persName>
          </person>
          <person type="PERSON" xml:id="ftempelaere">
            <persName>F . &amp; J. Tempelaere</persName>
          </person>
          <person type="PERSON" xml:id="edmonddavis">
            <persName>Edmond Davis</persName>
          </person>
          <person type="PERSON" xml:id="bernheimjeuneetcie">
            <persName>Bernheim Jeune et Cie</persName>
          </person>
          <person type="PERSON" xml:id="eugenerudier">
            <persName>Eug&#232;ne Rudier</persName>
          </person>
          <person type="PERSON" xml:id="lehallierauprat">
            <persName>Lehallier Auprat&#176;</persName>
          </person>
          <person xml:id="directeurgeneraldesbeauxarts">
            <persName>Directeur G&#233;n&#233;ral des Beaux-Arts</persName>
          </person>
          <person type="PERSON" xml:id="dreveton">
            <persName>Em. Dreveton</persName>
          </person>
          <person type="PERSON" xml:id="etienneclementel">
            <persName>Etienne Clementel</persName>
          </person>
          <person type="PERSON" xml:id="takahatarepresentantdekojiromatsukata">
            <persName>M. Takahata, repr&#233;sentant de Kojiro Matsukata</persName>
          </person>
          <person type="PERSON" xml:id="knoedler">
            <persName>Knoedler</persName>
          </person>
          <person type="PERSON" xml:id="tirant">
            <persName>M. Tirant</persName>
          </person>
          <person type="PERSON" xml:id="madameclemenceau">
            <persName>Madame Clemenceau</persName>
          </person>
          <person xml:id="yamanakaandc">
            <persName>Yamanaka and C&#176;</persName>
          </person>
          <person xml:id="frankbrangwyn">
            <persName>Frank Brangwyn</persName>
          </person>
        </listPerson>
        <listOrg>
          <org type="FAC" xml:id="museedulouvre">
            <orgName>Mus&#233;e du Louvre</orgName>
          </org>
          <org type="ORG" xml:id="compagniealgerienne">
            <orgName>Compagnie alg&#233;rienne</orgName>
          </org>
          <org type="ORG" xml:id="museerodin">
            <orgName>Mus&#233;e Rodin</orgName>
          </org>
          <org type="ORG" xml:id="galeriesbernheimjeuneetcie">
            <orgName>Galeries Bernheim Jeune et Cie</orgName>
          </org>
          <org type="FAC" xml:id="ambassadedujaponaparis">
            <orgName>Ambassade du Japon &#224; Paris</orgName>
          </org>
          <org type="WORK_OF_ART" xml:id="presse">
            <orgName>Presse</orgName>
          </org>
          <org type="ORG" xml:id="speciebankdeyokohama">
            <orgName>Specie Bank de Yokohama</orgName>
          </org>
          <org type="GPE" xml:id="expositiondartfrancaisaprague">
            <orgName>Exposition d&#8217;Art Fran&#231;ais &#224; Prague</orgName>
          </org>
        </listOrg>
      </particDesc>
    </profileDesc>
  </teiHeader>
  <text>
    <!-- le corps du texte. il peut comporter un tei:front et un tei:back
         et doit comporter un tei:body, comprenant le corps du texte -->
    <body>
      <!-- le corps du texte -->
      <opener>
        <salute>Le Conservateur du Mus&#233;e Rodin, &#224; Monsieur le Directeur G&#233;n&#233;ral des Beaux-Arts, </salute>
      </opener>
      <p>Comme suite au rapport que j&#8217;ai eu l&#8217;honneur de vous adresser dans le courant de ce mois concernant les mesures de protection &#224; prendre en cas de guerre pour mes Mus&#233;e Rodin de Paris et de Meudon, je consid&#232;re indispensable de vous rappeler que l&#8217;H&#244;tel Biron, outre les &#339;uvres et les collections de Rodin abrite encore &#224; l&#8217;heure actuelle, dans l&#8217;H&#244;tel ou ses d&#233;pendances, deux d&#233;p&#244;ts qui lui ont &#233;t&#233; confi&#233;s &#224; des &#233;poques diff&#233;rentes. </p>
      <p>I.Collection Matsukata</p>
      <p>Tout d&#8217;abord, mon pr&#233;d&#233;cesseur, M. L&#233;once B&#233;n&#233;dite, sur la demande de M. Kojiro Matsukata, amateur japonais qui avait acquis du Mus&#233;e un nombre consid&#233;rable de bronzes de Rodin, fut charg&#233; par celui-ci du soin de lui procurer un certain nombre de tableaux des peintres fran&#231;ais du XIXe si&#232;cle, destin&#233;s &#224; constituer &#224; Kob&#233; un mus&#233;e. Il y a l&#224;, comme vous le savez, parmi bien des toiles d&#8217;artistes de second plan, beaucoup d&#8217;&#339;uvres remarquables et m&#234;me de chefs-d&#8217;&#339;uvre sign&#233;s Delacroix, Ingres, Millet, Courbet, Manet, Monet, Renoir, Degas, Matisse, etc&#8230; M. B&#233;n&#233;dite accepta de les entreposer en attendant la construction du Mus&#233;e de Kob&#233;, sur la tribune de la chapelle de l&#8217;H&#244;tel Biron. </p>
      <p>A mon entr&#233;e en fonctions, apr&#232;s la mort de M. B&#233;n&#233;dite, je trouvai cette collection. Tout aussit&#244;t, je d&#233;clinai par lettre toute responsabilit&#233; sur son sort, tant au point de vue du vol, de la d&#233;t&#233;rioration ou de l&#8217;incendie. Je demandais, en m&#234;me temps &#224; M. Matsukata et &#224; son repr&#233;sentant &#224; Paris d&#8217;&#234;tre d&#233;charg&#233; de ce d&#233;p&#244;t, sans d&#8217;ailleurs obtenir satisfaction. Je patientai en consid&#233;ration de la personnalit&#233; de M. Matsukata et des nombreux achats qu&#8217;il avait faits au Mus&#233;e Rodin. Entre temps, je m&#8217;&#233;tais aper&#231;u que la police d&#8217;assurance contract&#233;e par l&#8217;amateur japonais, si elle couvrait son souscripteur, permettait aux assureurs de se retourn&#233;e contre le Mus&#233;e. J&#8217;exigeai donc imm&#233;diatement qu&#8217;un avenant f&#251;t r&#233;dig&#233; d&#233;gageant l&#8217;&#201;tat, le Mus&#233;e, le Conseil d&#8217;Administration et tout le personnel de la fondation, de toute responsabilit&#233;, quel que soit le sinistre pouvant survenir. A cet &#233;gard donc, aucun risque pour l&#8217;Administration.</p>
      <p>Mais bon nombre de ces &#339;uvres, je tiens &#224; le r&#233;p&#233;ter, sont des &#339;uvres fran&#231;aises importantes et il serait d&#233;plorable qu&#8217;elles fussent laiss&#233;es dans un endroit aussi expos&#233;. J&#8217;ajouterai, d&#233;sirant tout pr&#233;voir, qu&#8217;au cas d&#8217;une guerre o&#249; le Japon prendrait parti contre nous, cette collection devrait &#234;tre mise sous s&#233;questre. A l&#8217;heure pr&#233;sente, elle est inventori&#233;e contradictoirement par le repr&#233;sentant de M. Matsukata et par moi-m&#234;me, mise sousscell&#233;s par moi, en pr&#233;sence de M. Hioki. Elle comprend 285 tableaux et dessins, 64 sculptures et est assur&#233;e globalement pou deux millions sept cent mille francs. </p>
      <p>Archives Goncourt </p>
      <p>Voici quelques ann&#233;es, l&#8217;Acad&#233;mie Goncourt demanda, priv&#233;e de si&#232;ge, au Conseil d&#8217;Administration du Mus&#233;e Rodin qui accepta d&#8217;accueillir ses archives. Celles-ci sont constitu&#233;es par quelques caisses contenant des manuscrits, des lettres, des documents concernant l&#8217;Acad&#233;mie, quelques tableaux et un buste. Le tout est install&#233; dans un petit cabinet et pourrait &#234;tre d&#233;m&#233;nag&#233; dans deux ou trois taxis ou une petite tapissi&#232;re. J&#8217;&#233;cris ce jour au Pr&#233;sident de l&#8217;Acad&#233;mie, M. J.-H. Rosny a&#238;n&#233; pour lui renouveler l&#8217;irresponsabilit&#233; de l&#8217;&#201;tat et du Mus&#233;e &#224; l&#8217;occasion de ce d&#233;p&#244;t et l&#8217;inviter &#224; prendre des mesures personnelles touchant sa sauvegarde, en pr&#233;sence des &#233;ventualit&#233;s.</p>
      <closer>
        <salute>Je serais tr&#232;s heureux de conna&#238;tre le sentiment de la Direction ou de recevoir ses instructions concernant ces deux collections. </salute>
        <signed>Georges Grappe</signed>
      </closer>
    </body>
  </text>
</TEI>
