<?xml-model href="http://www.tei-c.org/release/xml/tei/custom/schema/relaxng/tei_all.rng" type="application/xml" schematypens="http://relaxng.org/ns/structure/1.0"?>
<?xml-model href="http://www.tei-c.org/release/xml/tei/custom/schema/relaxng/tei_all.rng" type="application/xml"
	schematypens="http://purl.oclc.org/dsdl/schematron"?>
<TEI xmlns="http://www.tei-c.org/ns/1.0" xml:id="Hioki_GeorgesGrappe_19360813_-1520814096586904119">
  <!-- le document XML, dans sa forme actuelle, n'est pas valide selon la syntaxe TEI:
       la structure d&#233;finie ici devrait contenir d'autres &#233;l&#233;ments -->
  <teiHeader>
    <!-- l'en-t&#234;te de notre document, contenant les m&#233;tadonn&#233;es -->
    <fileDesc>
      <!-- description du fichier encod&#233; et de sa source -->
      <titleStmt>
        <!-- titre du document -->
        <title>Lettre manuscrite de Hioki, Abondant, au Conservateur du mus&#233;e Rodin. </title>
        <author>Hioki</author>
        <respStmt>
          <resp>Production et pr&#233;paration du texte brut</resp>
          <persName>L&#233;a Saint-Raymond</persName>
        </respStmt>
        <respStmt>
          <resp>Transformation automatique du texte brut vers le XML-TEI</resp>
          <persName>Les participant.e.s &#224; l'atelier "Mod&#233;liser et exploiter des corpus textuels" (ENS-PSL, campus d'Ulm)</persName>
        </respStmt>
      </titleStmt>
      <publicationStmt>
        <!-- informations sur le document XML encod&#233; -->
        <publisher>ENS-PSL</publisher>
        <pubPlace>Paris (France)</pubPlace>
        <date>2023-03-31 03:27:18.559633</date>
      </publicationStmt>
      <sourceDesc>
        <!-- informations sur la source: la lettre que l'on encode -->
        <bibl type="lettre">
          <author>Hioki</author>
          <title>Lettre manuscrite de Hioki, Abondant, au Conservateur du mus&#233;e Rodin. </title>
          <date>1936-08-13</date>
          <msIdentifier>
            <institution>Mus&#233;e Rodin</institution>
            <idno>Mus&#233;e Rodin</idno>
          </msIdentifier>
        </bibl>
      </sourceDesc>
    </fileDesc>
    <encodingDesc>
      <!-- informations sur l'encodage :
           - tei:editorialDecl, d&#233;crivant la m&#233;thode de production du document XML 
           - tei:projectDesc, contexte de production du XML 
      -->
      <editorialDecl>
        <p>Production de l'encodage XML r&#233;alis&#233;e automatiquement avec la librairie LXML de Python &#224; partir d'une version en texte brut de la correspondance de Matsukata</p>
      </editorialDecl>
      <projectDesc>
        <p>L'atelier "Mod&#233;liser et exploiter des corpus textuels" a donn&#233; lieu &#224; cet encodage.</p>
      </projectDesc>
    </encodingDesc>
    <profileDesc>
      <!-- informations non bibliographiques sur le document encod&#233; 
           cet &#233;l&#233;ment l&#224; sera compl&#233;t&#233; par:
           - un tei:particDesc, qui d&#233;crit tout.es les personnes ayant &#233;crit
             ou re&#231;u des lettres dans le corpus Matsutaka
           - un tei:settingDesc, qui d&#233;crit tous les lieux d'exp&#233;dition/destination
             des lettres du corpus Matsutaka
           ces &#233;l&#233;ments seront rajout&#233; dans le notebook du cours.
      -->
      <correspDesc>
        <!-- description de la correspondance -->
        <correspAction type="sent">
          <persName>Hioki</persName>
          <placeName>Abondant</placeName>
          <date when="1936-08-13">1936-08-13</date>
        </correspAction>
        <correspAction type="received">
          <persName>Georges Grappe</persName>
          <placeName>Paris</placeName>
        </correspAction>
      </correspDesc>
    </profileDesc>
  </teiHeader>
  <text>
    <!-- le corps du texte. il peut comporter un tei:front et un tei:back
         et doit comporter un tei:body, comprenant le corps du texte -->
    <body>
      <!-- le corps du texte -->
      <opener>
        <salute>Mon cher Monsieur le Conservateur, </salute>
      </opener>
      <p>J&#8217;esp&#232;re que vous ayiez un repos id&#233;al pendant vos vacances. Quant &#224; moi toujours &#224; la campagne sans merveille, surtout dans ce temps maussade.</p>
      <p>Monsieur le conservateur, je vous dis franchement que M. Matsukata est un homme tr&#232;s d&#233;sagr&#233;able. Voil&#224;, je lui &#233;crit [sic] 3 lettres notamment (1) le 26 mai (2) 9 juin (3) 23 juillet. Toutes ont &#233;t&#233; sur m&#234;me sujet, selon vos instructions lors de ma derni&#232;re visite au mus&#233;e. </p>
      <p>Comme il n&#8217;a pas me r&#233;pondu, j&#8217;ai c&#226;bl&#233; le 10 ao&#251;t et lui prie de me r&#233;pondre t&#233;l&#233;graphiquement. Jusqu&#8217;&#224; pr&#233;sent aucune r&#233;ponse encore.</p>
      <p>D&#8217;abord M. Matsukata ne veux [sic] pas payer location de 15 000 fr, sous le pr&#233;texte d&#8217;enl&#232;vement bient&#244;t de ses collections, malgr&#233; notre accord i.e. il me demande de ne pas vous payer dor&#233;navant l&#8217;indemnit&#233; annuelle et je pense que c&#8217;est honteux. Dans ces conditions, voulez-vous m&#8217;envoyer une lettre protestant contre son geste si commercial et qu&#8217;il se moque de nous &#8211; une lettre me serrant tr&#232;s vigoureusement comme quoi vous prendrez la mesure n&#233;cessaire.</p>
      <p>Avec la lettre que vous m&#8217;envoyerez je vais voir M. l&#8217;ambassadeur et j&#8217;expliquerai l&#8217;infid&#233;lit&#233; de cet homme.</p>
      <p>M. Sato fera mieux pour nous.</p>
      <p>Comme vous le savez, je ne touche pas le fixe de M. Matsukata et m&#234;me plus, il ne m&#8217;envoie pas d&#8217;argent pour mon travail que je faisais pour lui depuis longtemps. En tous cas, le 19 juillet 1935, il a pay&#233; pour 4 ans (commen&#231;ant juillet 1931 jusqu&#8217;au juillet 1935) et il a accept&#233; &#171; Eternelle Idol &#187; mais avec beaucoup de difficult&#233;, nous nous convenons bien. Cette fois, je lui ai fait savoir que 15 000 fr comme location devront &#234;tre vers&#233; &#224; la date du 1er juillet 1936 (charge annuelle) car cette d&#233;cision a &#233;t&#233; prise par conseil d&#8217;administration. Mais jamais la r&#233;ponse encore. Quelle toup&#233;e [sic] qu&#8217;il ait. </p>
      <p>Deuxi&#232;mement</p>
      <p>Je vous rappellerai votre bonne accueil comme vous avez &#233;t&#233; toujours si gentille pour moi et comme vous connaissez bien des choses dans la vie actuelle. </p>
      <p>Je suis rest&#233; en France pour m&#8217;occuper de cette collection principalement pour toucher quelque chose. Comme il vous a promis apr&#232;s la livraison de sa fortune, mais quand est-ce ? Je ne sais rien et on ne sais jamais ce que cela nous arrive et on n&#8217;a pas toujours m&#234;me &#226;ge n&#8217;est-ce pas h&#233;las. </p>
      <p>Depuis la crise, d&#233;ficit de la vie chez moi continue. Je ne suis pas tranquille, surtout pour un &#233;tranger comme moi. Un jour peut-&#234;tre je serais oblig&#233; de quitter ma seconde patrie, la France, tant je l&#8217;aime. Cependant, j&#8217;ai r&#233;sist&#233; jusqu&#8217;&#224; pr&#233;sent, esp&#233;rant de finir la livraison de sa collection pour Japon. Je crois que c&#8217;est naturel : sans cela mon travail depuis 10 ans ne sera pas r&#233;compens&#233;. Enfin, je vais battre jusqu&#8217;au bout. Cela va tr&#232;s mal nous manquons, comme des autres actuels. Grande tristess pour tous [sic]. Mais je tiens le courage extraordinaire.</p>
      <p>En r&#233;sum&#233;, si vous ou vos ami avaient quelques travaux manuels &#224; la maison, soit travaux machine &#224; &#233;crire, soit traduction en anglais ou japonais sur beaux arts etc, veuillez me recommander de me les laisser faire, cela me fera un grand plaisir. Justement j&#8217;en ai une machine &#224; &#233;crire &#224; la maison. </p>
      <p>Je regrette infiniment de vous d&#233;ranger &#224; ces sujets votre tranquillit&#233; de vacances et encore mille excuses, car la circonstance actuelles &#233;tant tr&#232;s press&#233;es, </p>
      <closer>
        <salute>Veuillez agr&#233;er, mon cher Monsieur le Conservateur, mes meilleurs salutations les plus distingu&#233;es</salute>
        <signed>Hioki</signed>
      </closer>
      <postscript>
        <p>PS : un bon repos et une bonne sant&#233; surtout.</p>
      </postscript>
    </body>
  </text>
</TEI>
