<?xml-model href="http://www.tei-c.org/release/xml/tei/custom/schema/relaxng/tei_all.rng" type="application/xml" schematypens="http://relaxng.org/ns/structure/1.0"?>
<?xml-model href="http://www.tei-c.org/release/xml/tei/custom/schema/relaxng/tei_all.rng" type="application/xml"
	schematypens="http://purl.oclc.org/dsdl/schematron"?>
<TEI xmlns="http://www.tei-c.org/ns/1.0" xml:id="Hioki_GeorgesGrappe_19360813_-4757715838259400654">
  <!-- le document XML, dans sa forme actuelle, n'est pas valide selon la syntaxe TEI:
       la structure d&#233;finie ici devrait contenir d'autres &#233;l&#233;ments -->
  <teiHeader>
    <!-- l'en-t&#234;te de notre document, contenant les m&#233;tadonn&#233;es -->
    <fileDesc>
      <!-- description du fichier encod&#233; et de sa source -->
      <titleStmt>
        <!-- titre du document -->
        <title>Lettre manuscrite de Hioki, Abondant, &#224; George Grappe, directeur du mus&#233;e Rodin. </title>
        <author>Hioki</author>
        <respStmt>
          <resp>Production et pr&#233;paration du texte brut</resp>
          <persName>L&#233;a Saint-Raymond</persName>
        </respStmt>
        <respStmt>
          <resp>Transformation automatique du texte brut vers le XML-TEI</resp>
          <persName>Les participant.e.s &#224; l'atelier "Mod&#233;liser et exploiter des corpus textuels" (ENS-PSL, campus d'Ulm)</persName>
        </respStmt>
      </titleStmt>
      <publicationStmt>
        <!-- informations sur le document XML encod&#233; -->
        <publisher>ENS-PSL</publisher>
        <pubPlace>Paris (France)</pubPlace>
        <date>2023-03-26 16:02:14.481027</date>
      </publicationStmt>
      <sourceDesc>
        <!-- informations sur la source: la lettre que l'on encode -->
        <bibl type="lettre">
          <author>Hioki</author>
          <title>Lettre manuscrite de Hioki, Abondant, &#224; George Grappe, directeur du mus&#233;e Rodin. </title>
          <date>1936-08-13</date>
          <msIdentifier>
            <institution>Mus&#233;e Rodin</institution>
            <idno>Mus&#233;e Rodin</idno>
          </msIdentifier>
        </bibl>
      </sourceDesc>
    </fileDesc>
    <encodingDesc>
      <!-- informations sur l'encodage :
           - tei:editorialDecl, d&#233;crivant la m&#233;thode de production du document XML 
           - tei:projectDesc, contexte de production du XML 
      -->
      <editorialDecl>
        <p>Production de l'encodage XML r&#233;alis&#233;e automatiquement avec la librairie LXML de Python &#224; partir d'une version en texte brut de la correspondance de Matsukata</p>
      </editorialDecl>
      <projectDesc>
        <p>L'atelier "Mod&#233;liser et exploiter des corpus textuels" a donn&#233; lieu &#224; cet encodage.</p>
      </projectDesc>
    </encodingDesc>
    <profileDesc>
      <!-- informations non bibliographiques sur le document encod&#233; 
           cet &#233;l&#233;ment l&#224; sera compl&#233;t&#233; par:
           - un tei:particDesc, qui d&#233;crit tout.es les personnes ayant &#233;crit
             ou re&#231;u des lettres dans le corpus Matsutaka
           - un tei:settingDesc, qui d&#233;crit tous les lieux d'exp&#233;dition/destination
             des lettres du corpus Matsutaka
           ces &#233;l&#233;ments seront rajout&#233; dans le notebook du cours.
      -->
      <correspDesc>
        <!-- description de la correspondance -->
        <correspAction type="sent">
          <persName>Hioki</persName>
          <placeName>Abondant</placeName>
          <date when="1936-08-13">1936-08-13</date>
        </correspAction>
        <correspAction type="received">
          <persName>Georges Grappe</persName>
          <placeName>Paris</placeName>
        </correspAction>
      </correspDesc>
    </profileDesc>
  </teiHeader>
  <text>
    <!-- le corps du texte. il peut comporter un tei:front et un tei:back
         et doit comporter un tei:body, comprenant le corps du texte -->
    <body>
      <!-- le corps du texte -->
      <opener>
        <salute>Mon Monsieur le Conservateur, </salute>
      </opener>
      <p>Hier je vous ai adress&#233; une lettre au sujet de la location pour des collection et pour votre bont&#233; de me recommander aux certains travaux manuels que je compte toujours sur vous. </p>
      <p>Ce matin, je viens de recevoir une communication de M. Matsukata qu&#8217;il est d&#8217;accord de vous payer annuellement 15 000 frs et aurai accepter bronze avec un grand satisfaction.</p>
      <p>Dans ces conditions, je vais ex&#233;cuter payment apr&#232;s votre retour de vacances. Par cons&#233;quent, cela ne d&#233;range pas de m&#8217;&#233;crire votre mot de porte-plainte &#224; ce sujet : merci d&#8217;avance pour me chercher quelques travaux. Aucune r&#233;compense encore. Je ne touche rien comme je vous ai &#233;crit, Monsieur le directeur, je vous prie, et je vous supplie, de me donner 10% de 15 000 frs quand je vous passe cash au mois de septembre comme je suis tr&#232;s g&#234;n&#233;.</p>
      <p>En ce moent, j&#8217;ai dettes au commer&#231;ant et la somme de 1 500 francs comme commission me fera un grand plaisir. Surtout je peux soulager un peu la tristesse de ma femme qui n&#8217;a pas grande chance avec moi. </p>
      <closer>
        <salute>Je vous remercie d&#8217;avance et veuillez agr&#233;er, mon cher Monsieur le Conservateur, mes salutations bien empress&#233;es</salute>
        <signed>Hioki</signed>
      </closer>
      <postscript>
        <p>PS : un bon repos pour votre famille. </p>
      </postscript>
    </body>
  </text>
</TEI>
