<?xml-model href="http://www.tei-c.org/release/xml/tei/custom/schema/relaxng/tei_all.rng" type="application/xml" schematypens="http://relaxng.org/ns/structure/1.0"?>
<?xml-model href="http://www.tei-c.org/release/xml/tei/custom/schema/relaxng/tei_all.rng" type="application/xml"
	schematypens="http://purl.oclc.org/dsdl/schematron"?>
<TEI xmlns="http://www.tei-c.org/ns/1.0" xml:id="Hioki_GeorgesGrappe_19390916_-1504149051548754229">
  <!-- le document XML, dans sa forme actuelle, n'est pas valide selon la syntaxe TEI:
       la structure d&#233;finie ici devrait contenir d'autres &#233;l&#233;ments -->
  <teiHeader>
    <!-- l'en-t&#234;te de notre document, contenant les m&#233;tadonn&#233;es -->
    <fileDesc>
      <!-- description du fichier encod&#233; et de sa source -->
      <titleStmt>
        <!-- titre du document -->
        <title>Lettre manuscrite d&#8217;Hioki, Abondant, &#224; Monsieur Grappe, Conservateur, Mus&#233;e Rodin. </title>
        <author>Hioki</author>
        <respStmt>
          <resp>Production et pr&#233;paration du texte brut</resp>
          <persName>L&#233;a Saint-Raymond</persName>
        </respStmt>
        <respStmt>
          <resp>Transformation automatique du texte brut vers le XML-TEI</resp>
          <persName>Les participant.e.s &#224; l'atelier "Mod&#233;liser et exploiter des corpus textuels" (ENS-PSL, campus d'Ulm)</persName>
        </respStmt>
      </titleStmt>
      <publicationStmt>
        <!-- informations sur le document XML encod&#233; -->
        <publisher>ENS-PSL</publisher>
        <pubPlace>Paris (France)</pubPlace>
        <date>2023-03-31 03:27:18.574462</date>
      </publicationStmt>
      <sourceDesc>
        <!-- informations sur la source: la lettre que l'on encode -->
        <bibl type="lettre">
          <author>Hioki</author>
          <title>Lettre manuscrite d&#8217;Hioki, Abondant, &#224; Monsieur Grappe, Conservateur, Mus&#233;e Rodin. </title>
          <date>1939-09-16</date>
          <msIdentifier>
            <institution>Mus&#233;e Rodin</institution>
            <idno>Mus&#233;e Rodin</idno>
          </msIdentifier>
        </bibl>
      </sourceDesc>
    </fileDesc>
    <encodingDesc>
      <!-- informations sur l'encodage :
           - tei:editorialDecl, d&#233;crivant la m&#233;thode de production du document XML 
           - tei:projectDesc, contexte de production du XML 
      -->
      <editorialDecl>
        <p>Production de l'encodage XML r&#233;alis&#233;e automatiquement avec la librairie LXML de Python &#224; partir d'une version en texte brut de la correspondance de Matsukata</p>
      </editorialDecl>
      <projectDesc>
        <p>L'atelier "Mod&#233;liser et exploiter des corpus textuels" a donn&#233; lieu &#224; cet encodage.</p>
      </projectDesc>
    </encodingDesc>
    <profileDesc>
      <!-- informations non bibliographiques sur le document encod&#233; 
           cet &#233;l&#233;ment l&#224; sera compl&#233;t&#233; par:
           - un tei:particDesc, qui d&#233;crit tout.es les personnes ayant &#233;crit
             ou re&#231;u des lettres dans le corpus Matsutaka
           - un tei:settingDesc, qui d&#233;crit tous les lieux d'exp&#233;dition/destination
             des lettres du corpus Matsutaka
           ces &#233;l&#233;ments seront rajout&#233; dans le notebook du cours.
      -->
      <correspDesc>
        <!-- description de la correspondance -->
        <correspAction type="sent">
          <persName>Hioki</persName>
          <placeName>Abondant</placeName>
          <date when="1939-09-16">1939-09-16</date>
        </correspAction>
        <correspAction type="received">
          <persName>Georges Grappe</persName>
          <placeName>Paris</placeName>
        </correspAction>
      </correspDesc>
    </profileDesc>
  </teiHeader>
  <text>
    <!-- le corps du texte. il peut comporter un tei:front et un tei:back
         et doit comporter un tei:body, comprenant le corps du texte -->
    <body>
      <!-- le corps du texte -->
      <opener>
        <salute>Mon cher Monsieur le Conservateur, </salute>
      </opener>
      <p>Circonstance actuelle nous fait retarder d&#8217;avoir rapport. Le 3 septembre j&#8217;ai adress&#233; vive [illisible] mots &#224; Monsieur Tirant [illisible] pour la question de M. Matsukata. Je n&#8217;ai pas encore sa r&#233;ponse [X : ajout &#224; l&#8217;encre rouge : &#171; je vous avais envoy&#233; sa lettre r&#233;clament une d&#233;p&#234;che &#187;] Cependant M. Matsukata m&#8217;a t&#233;l&#233;graphi&#233; aujourd&#8217;hui m&#234;me pour vous payer son devoir. </p>
      <p>Dans ces conditions, j&#8217;ai &#233;crit imm&#233;diatement &#224; la banque franco-japonaise &#224; Nordeaux pour elle puisse faire n&#233;cessaire pour vous r&#233;gler. J&#8217;esp&#232;re que vous tous sont bien malgr&#233; des &#233;v&#233;nements et en attendant le plaisir de vous voir d&#8217;ici peu, veuillez agr&#233;er mon cher Monsieur Grappe, mes salutations les plus distingu&#233;es. </p>
      <closer>
        <signed>Hioki</signed>
      </closer>
    </body>
  </text>
</TEI>
