<?xml-model href="http://www.tei-c.org/release/xml/tei/custom/schema/relaxng/tei_all.rng" type="application/xml" schematypens="http://relaxng.org/ns/structure/1.0"?>
<?xml-model href="http://www.tei-c.org/release/xml/tei/custom/schema/relaxng/tei_all.rng" type="application/xml"
	schematypens="http://purl.oclc.org/dsdl/schematron"?>
<TEI xmlns="http://www.tei-c.org/ns/1.0" xml:id="Hioki_GeorgesGrappe_19391006_-409760297991642922">
  <!-- le document XML, dans sa forme actuelle, n'est pas valide selon la syntaxe TEI:
       la structure d&#233;finie ici devrait contenir d'autres &#233;l&#233;ments -->
  <teiHeader>
    <!-- l'en-t&#234;te de notre document, contenant les m&#233;tadonn&#233;es -->
    <fileDesc>
      <!-- description du fichier encod&#233; et de sa source -->
      <titleStmt>
        <!-- titre du document -->
        <title>Lettre manuscrite d&#8217;Hioki, Abondant, &#224; Monsieur Grappe, Conservateur, Mus&#233;e Rodin. </title>
        <author>Hioki</author>
        <respStmt>
          <resp>Production et pr&#233;paration du texte brut</resp>
          <persName>L&#233;a Saint-Raymond</persName>
        </respStmt>
        <respStmt>
          <resp>Transformation automatique du texte brut vers le XML-TEI</resp>
          <persName>Les participant.e.s &#224; l'atelier "Mod&#233;liser et exploiter des corpus textuels" (ENS-PSL, campus d'Ulm)</persName>
        </respStmt>
      </titleStmt>
      <publicationStmt>
        <!-- informations sur le document XML encod&#233; -->
        <publisher>ENS-PSL</publisher>
        <pubPlace>Paris (France)</pubPlace>
        <date>2023-03-31 03:27:18.576919</date>
      </publicationStmt>
      <sourceDesc>
        <!-- informations sur la source: la lettre que l'on encode -->
        <bibl type="lettre">
          <author>Hioki</author>
          <title>Lettre manuscrite d&#8217;Hioki, Abondant, &#224; Monsieur Grappe, Conservateur, Mus&#233;e Rodin. </title>
          <date>1939-10-06</date>
          <msIdentifier>
            <institution>Mus&#233;e Rodin</institution>
            <idno>Mus&#233;e Rodin</idno>
          </msIdentifier>
        </bibl>
      </sourceDesc>
    </fileDesc>
    <encodingDesc>
      <!-- informations sur l'encodage :
           - tei:editorialDecl, d&#233;crivant la m&#233;thode de production du document XML 
           - tei:projectDesc, contexte de production du XML 
      -->
      <editorialDecl>
        <p>Production de l'encodage XML r&#233;alis&#233;e automatiquement avec la librairie LXML de Python &#224; partir d'une version en texte brut de la correspondance de Matsukata</p>
      </editorialDecl>
      <projectDesc>
        <p>L'atelier "Mod&#233;liser et exploiter des corpus textuels" a donn&#233; lieu &#224; cet encodage.</p>
      </projectDesc>
    </encodingDesc>
    <profileDesc>
      <!-- informations non bibliographiques sur le document encod&#233; 
           cet &#233;l&#233;ment l&#224; sera compl&#233;t&#233; par:
           - un tei:particDesc, qui d&#233;crit tout.es les personnes ayant &#233;crit
             ou re&#231;u des lettres dans le corpus Matsutaka
           - un tei:settingDesc, qui d&#233;crit tous les lieux d'exp&#233;dition/destination
             des lettres du corpus Matsutaka
           ces &#233;l&#233;ments seront rajout&#233; dans le notebook du cours.
      -->
      <correspDesc>
        <!-- description de la correspondance -->
        <correspAction type="sent">
          <persName>Hioki</persName>
          <placeName>Abondant</placeName>
          <date when="1939-10-06">1939-10-06</date>
        </correspAction>
        <correspAction type="received">
          <persName>Georges Grappe</persName>
          <placeName>Paris</placeName>
        </correspAction>
      </correspDesc>
    </profileDesc>
  </teiHeader>
  <text>
    <!-- le corps du texte. il peut comporter un tei:front et un tei:back
         et doit comporter un tei:body, comprenant le corps du texte -->
    <body>
      <!-- le corps du texte -->
      <p>Tableaux de Matsukata</p>
      <p>Cher Monsieur, </p>
      <p>J&#8217;ai l&#8217;honneur de vous accuser r&#233;ception de votre lettre recommand&#233;e dat&#233;e 17 octobre et vous remercie. </p>
      <p>En effet, le 1er ao&#251;t dernier, d&#8217;accord avec vous, j&#8217;ai c&#226;bl&#233; &#224; M. Matsukata, lui demandant r&#233;ponse imm&#233;diate pour ma lettre du 15 juin dernier, n&#8217;ayant eu aucune r&#233;ponse. En ce moment la banque franco-japonaise de Paris &#233;tait dispos&#233;e me pr&#234;ter de l&#8217;argent pour r&#232;glement contre garantie, mais cela change tout &#224; fait &#224; cause de circonstance actuelle. D&#8217;ailleurs, M. Matsukata n&#8217;a aucun d&#233;p&#244;t d&#8217;esp&#232;ce en France, il poss&#232;de simplement la collection. C&#8217;est la raison pourquoi j&#8217;ai lui adress&#233; [sic] une lettre du 15 juin. </p>
      <p>Le 17 ao&#251;t, t&#233;l&#233;gramme re&#231;us de Tokio, voici &#171; Sorry delayed concert Grappy decide &#187;</p>
      <p>N&#8217;ayant pas bien compris, je lui &#233;crit [sic] imm&#233;diatement. Le 12 septembre t&#233;l&#233;gramme re&#231;u de Tokio, voici &#171; Leave you all sochow pay mus&#233; &#187;. j&#8217;ai &#233;crit de suite &#224; la Banque de Bordeaux pour m&#8217;avancer 15 000 francs au nom de M. Matsukata et la banque m&#8217;a pri&#233; de savoir le mot sochow. Alors j&#8217;ai c&#226;bl&#233; &#224; Tokio, voici &#171; illisible cablez nouveau &#187;. C&#8217;&#233;tait le 27 septembre. Le 30 septembre r&#233;ponse re&#231;ue voici &#171; Sell picture pay Matsukata &#187;. En tout cas, ma lettre du 15 juin &#233;tait claire pour ce qu&#8217;il faut faire de son c&#244;t&#233;. </p>
      <p>En bref, je ferai tous n&#233;cessaire pour vous r&#233;gler la somme de 15000 francs pour cette ann&#233;e, consultant encore une fois avec lui d&#8217;abord : cela je vous promets de cette ex&#233;cution parce que je n&#8217;ai pas des sous disponible pour lui ici. </p>
      <p>Quant aux tableaux Matsukata, je tiens &#224; vous remercier de votre bonne attention, l&#8217;an dernier d&#233;j&#224; l&#8217;Administration des beaux arts avait manifest&#233; de faire retirer la collection de tableaux de M. Matsukata, que le connaissons. Enfin, vous n&#8217;avez aucune responsibilit&#233; de dommage nouveau du fait de la guerre, car ces choses est d&#233;j&#224; mentionn&#233;es aux nos papiers. Cependant, surtout l&#8217;enl&#232;vement de tableaux est tr&#232;s n&#233;cessaire, je suppose, pour cela je vais m&#8217;occuper &#224; ce sujet le plus t&#244;t possible. </p>
      <p>J&#8217;ai lui envoy&#233; une lettre par avion pour me donner d&#8217;accord &#224; ce sujet, car frais de t&#233;l&#233;gramme monte excessivement cher et moiti&#233; du temps, il ne comprendra pas t&#233;l&#233;gramme, et m&#234;me la situation actuelle de la guerre, dont beaux arts sont expos&#233;s aux risques.</p>
      <closer>
        <salute>Je vous remercie encore une fois, et veuillez agr&#233;er, cher Monsieur le Conservateur, mes salutations les plus distingu&#233;es. </salute>
        <signed>Hioki </signed>
      </closer>
    </body>
  </text>
</TEI>
