<?xml-model href="http://www.tei-c.org/release/xml/tei/custom/schema/relaxng/tei_all.rng" type="application/xml" schematypens="http://relaxng.org/ns/structure/1.0"?>
<?xml-model href="http://www.tei-c.org/release/xml/tei/custom/schema/relaxng/tei_all.rng" type="application/xml"
	schematypens="http://purl.oclc.org/dsdl/schematron"?>
<TEI xmlns="http://www.tei-c.org/ns/1.0" xml:id="Hioki_GeorgesGrappe_19400125_-5962875136818138847">
  <!-- le document XML, dans sa forme actuelle, n'est pas valide selon la syntaxe TEI:
       la structure d&#233;finie ici devrait contenir d'autres &#233;l&#233;ments -->
  <teiHeader>
    <!-- l'en-t&#234;te de notre document, contenant les m&#233;tadonn&#233;es -->
    <fileDesc>
      <!-- description du fichier encod&#233; et de sa source -->
      <titleStmt>
        <!-- titre du document -->
        <title>Lettre typographi&#233;e et recommand&#233;e de Kosaburo Hioki, 13 rue de la France Mutualiste, Boulogne sur Seine, &#224; Monsieur le Conservateur du Mus&#233;e Rodin, 77 rue de Varenne, Paris. </title>
        <author>Hioki</author>
        <respStmt>
          <resp>Production et pr&#233;paration du texte brut</resp>
          <persName>L&#233;a Saint-Raymond</persName>
        </respStmt>
        <respStmt>
          <resp>Transformation automatique du texte brut vers le XML-TEI</resp>
          <persName>Les participant.e.s &#224; l'atelier "Mod&#233;liser et exploiter des corpus textuels" (ENS-PSL, campus d'Ulm)</persName>
        </respStmt>
      </titleStmt>
      <publicationStmt>
        <!-- informations sur le document XML encod&#233; -->
        <publisher>ENS-PSL</publisher>
        <pubPlace>Paris (France)</pubPlace>
        <date>2023-03-31 03:27:18.577769</date>
      </publicationStmt>
      <sourceDesc>
        <!-- informations sur la source: la lettre que l'on encode -->
        <bibl type="lettre">
          <author>Hioki</author>
          <title>Lettre typographi&#233;e et recommand&#233;e de Kosaburo Hioki, 13 rue de la France Mutualiste, Boulogne sur Seine, &#224; Monsieur le Conservateur du Mus&#233;e Rodin, 77 rue de Varenne, Paris. </title>
          <date>1940-01-25</date>
          <msIdentifier>
            <institution>Mus&#233;e Rodin</institution>
            <idno>Mus&#233;e Rodin</idno>
          </msIdentifier>
        </bibl>
      </sourceDesc>
    </fileDesc>
    <encodingDesc>
      <!-- informations sur l'encodage :
           - tei:editorialDecl, d&#233;crivant la m&#233;thode de production du document XML 
           - tei:projectDesc, contexte de production du XML 
      -->
      <editorialDecl>
        <p>Production de l'encodage XML r&#233;alis&#233;e automatiquement avec la librairie LXML de Python &#224; partir d'une version en texte brut de la correspondance de Matsukata</p>
      </editorialDecl>
      <projectDesc>
        <p>L'atelier "Mod&#233;liser et exploiter des corpus textuels" a donn&#233; lieu &#224; cet encodage.</p>
      </projectDesc>
    </encodingDesc>
    <profileDesc>
      <!-- informations non bibliographiques sur le document encod&#233; 
           cet &#233;l&#233;ment l&#224; sera compl&#233;t&#233; par:
           - un tei:particDesc, qui d&#233;crit tout.es les personnes ayant &#233;crit
             ou re&#231;u des lettres dans le corpus Matsutaka
           - un tei:settingDesc, qui d&#233;crit tous les lieux d'exp&#233;dition/destination
             des lettres du corpus Matsutaka
           ces &#233;l&#233;ments seront rajout&#233; dans le notebook du cours.
      -->
      <correspDesc>
        <!-- description de la correspondance -->
        <correspAction type="sent">
          <persName>Hioki</persName>
          <placeName>Boulogne-Billancourt</placeName>
          <date when="1940-01-25">1940-01-25</date>
        </correspAction>
        <correspAction type="received">
          <persName>Georges Grappe</persName>
          <placeName>Paris</placeName>
        </correspAction>
      </correspDesc>
    </profileDesc>
  </teiHeader>
  <text>
    <!-- le corps du texte. il peut comporter un tei:front et un tei:back
         et doit comporter un tei:body, comprenant le corps du texte -->
    <body>
      <!-- le corps du texte -->
      <p>Collecitons de tableaux Matsukata</p>
      <p>Monsieur le Conservateur, </p>
      <p>J&#8217;ai l&#8217;honneur de vous informer que Monsieur Matsukata vient de prendre la d&#233;cision de transf&#233;rer ses collections de tableaux, qui se trouvent actuellement dans la Chapelle de l&#8217;H&#244;tel Byron [sic], &#224; mon domicile &#224; Abondant. </p>
      <p>Mr. Matsukata m&#8217;a charg&#233; de faire le n&#233;cessaire pour le transfert de ses tableaux et cette d&#233;cision a &#233;t&#233; prise 1&#176; &#224; la suite des lettres de Monsieur le Directeur G&#233;n&#233;ral des Beaux-Arts adress&#233;es &#224; vous-m&#234;me, le 8 novembre 1938 et le 9 juin 1939, 2&#176; &#224; la suite de la lettre recommand&#233;e que vous m&#8217;avez adress&#233;e &#224; Abondant en date du 17 octobre 1939. </p>
      <p>Dans ces conditions, je serais tr&#232;s heureux que vous veuillez bien me donner un rendez-vous &#224; votre convenance de fa&#231;on &#224; pouvoir prendre en plein accord avec vous les mesures n&#233;cessaires pour ex&#233;cuter la mission qui m&#8217;a &#233;t&#233; confi&#233;e par Mr. Matsukata.</p>
      <closer>
        <salute>Dans l&#8217;attente du plaisir de vous lire, je vous prie d&#8217;agr&#233;er, Monsieur le Conservateur, mes salutations tr&#232;s distingu&#233;es, </salute>
        <signed>Hioki</signed>
      </closer>
      <postscript>
        <p>PS : Je me permets de vous annexer une lettre de l&#8217;Ambassade du Japon m&#8217;accr&#233;ditant officiellement. D&#8217;autre part, au moment de l&#8217;enl&#232;vement, le Consul du Japon se pr&#233;sentera avec moi. A la suite de notre entretien t&#233;l&#233;phonique, j&#8217;ai pris bonne note que vous voudrez bien me recevoir samedi prochain &#224; 15 heures [au crayon : soit le samedi 27 janvier 1940] </p>
      </postscript>
    </body>
  </text>
</TEI>
