<?xml-model href="http://www.tei-c.org/release/xml/tei/custom/schema/relaxng/tei_all.rng" type="application/xml" schematypens="http://relaxng.org/ns/structure/1.0"?>
<?xml-model href="http://www.tei-c.org/release/xml/tei/custom/schema/relaxng/tei_all.rng" type="application/xml"
	schematypens="http://purl.oclc.org/dsdl/schematron"?>
<TEI xmlns="http://www.tei-c.org/ns/1.0" xml:id="Hioki_GeorgesGrappe_19391006_3407753289308875176">
  <!-- le document XML, dans sa forme actuelle, n'est pas valide selon la syntaxe TEI:
       la structure d&#233;finie ici devrait contenir d'autres &#233;l&#233;ments -->
  <teiHeader>
    <!-- l'en-t&#234;te de notre document, contenant les m&#233;tadonn&#233;es -->
    <fileDesc>
      <!-- description du fichier encod&#233; et de sa source -->
      <titleStmt>
        <!-- titre du document -->
        <title>Lettre manuscrite d&#8217;Hioki, Abondant, &#224; Monsieur Grappe, Conservateur, Mus&#233;e Rodin. </title>
        <author>Hioki</author>
        <respStmt>
          <resp>Production et pr&#233;paration du texte brut</resp>
          <persName>L&#233;a Saint-Raymond</persName>
        </respStmt>
        <respStmt>
          <resp>Transformation automatique du texte brut vers le XML-TEI</resp>
          <persName>Les participant.e.s &#224; l'atelier "Mod&#233;liser et exploiter des corpus textuels" (ENS-PSL, campus d'Ulm)</persName>
        </respStmt>
      </titleStmt>
      <publicationStmt>
        <!-- informations sur le document XML encod&#233; -->
        <publisher>ENS-PSL</publisher>
        <pubPlace>Paris (France)</pubPlace>
        <date>2023-03-31 03:27:18.575212</date>
      </publicationStmt>
      <sourceDesc>
        <!-- informations sur la source: la lettre que l'on encode -->
        <bibl type="lettre">
          <author>Hioki</author>
          <title>Lettre manuscrite d&#8217;Hioki, Abondant, &#224; Monsieur Grappe, Conservateur, Mus&#233;e Rodin. </title>
          <date>1939-10-06</date>
          <msIdentifier>
            <institution>Mus&#233;e Rodin</institution>
            <idno>Mus&#233;e Rodin</idno>
          </msIdentifier>
        </bibl>
      </sourceDesc>
    </fileDesc>
    <encodingDesc>
      <!-- informations sur l'encodage :
           - tei:editorialDecl, d&#233;crivant la m&#233;thode de production du document XML 
           - tei:projectDesc, contexte de production du XML 
      -->
      <editorialDecl>
        <p>Production de l'encodage XML r&#233;alis&#233;e automatiquement avec la librairie LXML de Python &#224; partir d'une version en texte brut de la correspondance de Matsukata</p>
      </editorialDecl>
      <projectDesc>
        <p>L'atelier "Mod&#233;liser et exploiter des corpus textuels" a donn&#233; lieu &#224; cet encodage.</p>
      </projectDesc>
    </encodingDesc>
    <profileDesc>
      <!-- informations non bibliographiques sur le document encod&#233; 
           cet &#233;l&#233;ment l&#224; sera compl&#233;t&#233; par:
           - un tei:particDesc, qui d&#233;crit tout.es les personnes ayant &#233;crit
             ou re&#231;u des lettres dans le corpus Matsutaka
           - un tei:settingDesc, qui d&#233;crit tous les lieux d'exp&#233;dition/destination
             des lettres du corpus Matsutaka
           ces &#233;l&#233;ments seront rajout&#233; dans le notebook du cours.
      -->
      <correspDesc>
        <!-- description de la correspondance -->
        <correspAction type="sent">
          <persName>Hioki</persName>
          <placeName>Abondant</placeName>
          <date when="1939-10-06">1939-10-06</date>
        </correspAction>
        <correspAction type="received">
          <persName>Georges Grappe</persName>
          <placeName>Paris</placeName>
        </correspAction>
      </correspDesc>
    </profileDesc>
  </teiHeader>
  <text>
    <!-- le corps du texte. il peut comporter un tei:front et un tei:back
         et doit comporter un tei:body, comprenant le corps du texte -->
    <body>
      <!-- le corps du texte -->
      <opener>
        <salute>Cher Monsieur le Conservateur, </salute>
      </opener>
      <p>Je m&#8217;empresse de vous signaler que j&#8217;ai re&#231;u t&#233;l&#233;gramme. Voici dat&#233; 12 sept 1939. &#171; Leave you all sochow [illisible] pay Matsukata&#8221; dans lequel un mot illisible n&#8217;ayant pas compris, je lui c&#226;blais voici &#171; Illisible c&#226;bles nouveau Hioki &#187;. </p>
      <p>R&#233;ponse du t&#233;l&#233;gramme re&#231;u ausjourdh&#8217;ui est suivante : &#171; SELL picture pay Matsukata &#187;. Selon d&#233;cret loi du ministre des finances du Japon il est strictement interdit d&#8217;envoyer l&#8217;argent en &#233;tranger. Seulement il est autoris&#233; la somme de 500 yens par an. </p>
      <p>T&#233;l&#233;gramme que je viens de recevoir prouve la difficult&#233; de l&#8217;exportation d&#8217;or. Par cons&#233;quent je dois vendre un ou deux tableaux appartenant &#224; M. Matskata pour vous r&#233;gler 30 000 fr, c&#8217;est-&#224;-dire 2 charges (1) pour 1939 (2&#224; pour 1940 en &#233;change de &#171; Athl&#232;te &#187; de ma&#238;tre Rodin, comme c&#8217;&#233;tait convenu. Malgr&#233; difficult&#233; existe dans circonstance actuelle, je dois ex&#233;cuter cette mission. </p>
      <p>Comment je ferais ; voici mon id&#233;e. </p>
      <p>Tout d&#8217;abord, je chercherai acqu&#233;reur qui s&#8217;int&#233;resse ; je montrerai liste et photos. Cette personne fixera son choix (naturellement pour 30 000 frs env.). Apr&#232;s quoi je consulterai avec vous pour l&#8217;enl&#232;vement de (1) ou (2) ou (x) qui correspond &#224; cette somme, et des frais, etc. </p>
      <p>Je vous serais donc tr&#232;s reconnaissant de bien vouloir me donner accord &#224; ce sujet. </p>
      <p>Justement, en ce moment, il y a une personne qui s&#8217;int&#233;resse beaucoup d&#8217;&#339;uvre de Bonnard. Si vous &#234;tes d&#8217;accord, je commence &#224; ex&#233;cuter la mission de M. Matsukata. </p>
      <closer>
        <salute>Dans cette attente de vous lire. Veuillez agr&#233;er, mon cher Monsieur le conservateur, mes salutations les plus distingu&#233;es.</salute>
        <signed>Hioki</signed>
      </closer>
    </body>
  </text>
</TEI>
