<?xml-model href="http://www.tei-c.org/release/xml/tei/custom/schema/relaxng/tei_all.rng" type="application/xml" schematypens="http://relaxng.org/ns/structure/1.0"?>
<?xml-model href="http://www.tei-c.org/release/xml/tei/custom/schema/relaxng/tei_all.rng" type="application/xml"
	schematypens="http://purl.oclc.org/dsdl/schematron"?>
<TEI xmlns="http://www.tei-c.org/ns/1.0" xml:id="Hioki_Mus&#233;eRodin_19360210_-5978731968887974120">
  <!-- le document XML, dans sa forme actuelle, n'est pas valide selon la syntaxe TEI:
       la structure d&#233;finie ici devrait contenir d'autres &#233;l&#233;ments -->
  <teiHeader>
    <!-- l'en-t&#234;te de notre document, contenant les m&#233;tadonn&#233;es -->
    <fileDesc>
      <!-- description du fichier encod&#233; et de sa source -->
      <titleStmt>
        <!-- titre du document -->
        <title>Lettre manuscrite de Hioki, Abondant, au Conservateur du mus&#233;e Rodin. </title>
        <author>Hioki</author>
        <respStmt>
          <resp>Production et pr&#233;paration du texte brut</resp>
          <persName>L&#233;a Saint-Raymond</persName>
        </respStmt>
        <respStmt>
          <resp>Transformation automatique du texte brut vers le XML-TEI</resp>
          <persName>Les participant.e.s &#224; l'atelier "Mod&#233;liser et exploiter des corpus textuels" (ENS-PSL, campus d'Ulm)</persName>
        </respStmt>
      </titleStmt>
      <publicationStmt>
        <!-- informations sur le document XML encod&#233; -->
        <publisher>ENS-PSL</publisher>
        <pubPlace>Paris (France)</pubPlace>
        <date>2023-03-31 03:27:18.554968</date>
      </publicationStmt>
      <sourceDesc>
        <!-- informations sur la source: la lettre que l'on encode -->
        <bibl type="lettre">
          <author>Hioki</author>
          <title>Lettre manuscrite de Hioki, Abondant, au Conservateur du mus&#233;e Rodin. </title>
          <date>1936-02-10</date>
          <msIdentifier>
            <institution>Mus&#233;e Rodin</institution>
            <idno>Mus&#233;e Rodin</idno>
          </msIdentifier>
        </bibl>
      </sourceDesc>
    </fileDesc>
    <encodingDesc>
      <!-- informations sur l'encodage :
           - tei:editorialDecl, d&#233;crivant la m&#233;thode de production du document XML 
           - tei:projectDesc, contexte de production du XML 
      -->
      <editorialDecl>
        <p>Production de l'encodage XML r&#233;alis&#233;e automatiquement avec la librairie LXML de Python &#224; partir d'une version en texte brut de la correspondance de Matsukata</p>
      </editorialDecl>
      <projectDesc>
        <p>L'atelier "Mod&#233;liser et exploiter des corpus textuels" a donn&#233; lieu &#224; cet encodage.</p>
      </projectDesc>
    </encodingDesc>
    <profileDesc>
      <!-- informations non bibliographiques sur le document encod&#233; 
           cet &#233;l&#233;ment l&#224; sera compl&#233;t&#233; par:
           - un tei:particDesc, qui d&#233;crit tout.es les personnes ayant &#233;crit
             ou re&#231;u des lettres dans le corpus Matsutaka
           - un tei:settingDesc, qui d&#233;crit tous les lieux d'exp&#233;dition/destination
             des lettres du corpus Matsutaka
           ces &#233;l&#233;ments seront rajout&#233; dans le notebook du cours.
      -->
      <correspDesc>
        <!-- description de la correspondance -->
        <correspAction type="sent">
          <persName>Hioki</persName>
          <placeName>Abondant</placeName>
          <date when="1936-02-10">1936-02-10</date>
        </correspAction>
        <correspAction type="received">
          <persName>Mus&#233;e Rodin</persName>
          <placeName>Paris</placeName>
        </correspAction>
      </correspDesc>
    </profileDesc>
  </teiHeader>
  <text>
    <!-- le corps du texte. il peut comporter un tei:front et un tei:back
         et doit comporter un tei:body, comprenant le corps du texte -->
    <body>
      <!-- le corps du texte -->
      <opener>
        <salute>Mon cher Monsieur le Conservateur, </salute>
      </opener>
      <p>Je viens vous demander, et vous serais tr&#232;s reconnaissant de bien vouloir me donner votre opinion &#224; ce sujet et un accord ; en voici la raison Monsieur Rudier me demande de lui pr&#234;ter un Bronze &#171; Bourgeois de Calais &#187; appartenant &#224; M. Matsukata pour le but d&#8217;exposer au Petit Palais pendant certains temps. </p>
      <p>Comme vous le savez qu&#8217;il se trouve dans son atelier &#224; Malakoff actuellement. Monsieur Rudier promet qu&#8217;il se chargera de tous les risques pendant l&#8217;exposition au Petit Malais et je puis l&#8217;enlever par la demande de M. Matsukata &#224; n&#8217;importe quand. </p>
      <p>Cependant, depuis si long temps, vous, M. Matsukata et moi son toujours d&#8217;un commun accord pour l&#8217;entretien des objets lui appartenant au Mus&#233;e. C&#8217;est la raison pourquoi je vous adresse ces mots.</p>
      <closer>
        <salute>En attendant le plaisir de vous lire, veuillez agr&#233;er, mon cher Monsieur le conservateur, mes salutations les plus distingu&#233;es</salute>
        <signed>Hioki</signed>
      </closer>
      <postscript>
        <p>NB : Comme je trouve que cela est m&#234;me chose de le laisser &#224; Malakoff ou &#224; Paris avant enl&#232;vement par M. Matsukata et qu&#8217;il garanti pour tous, j&#8217;ai r&#233;pondu que je puis donne l&#8217;autorisation sous r&#233;serve de M. Matsukata. </p>
      </postscript>
    </body>
  </text>
</TEI>
