<?xml-model href="http://www.tei-c.org/release/xml/tei/custom/schema/relaxng/tei_all.rng" type="application/xml" schematypens="http://relaxng.org/ns/structure/1.0"?>
<?xml-model href="http://www.tei-c.org/release/xml/tei/custom/schema/relaxng/tei_all.rng" type="application/xml"
	schematypens="http://purl.oclc.org/dsdl/schematron"?>
<TEI xmlns="http://www.tei-c.org/ns/1.0" xml:id="Hioki_GeorgesGrappe_19410110_-5711612009280156433">
  <!-- le document XML, dans sa forme actuelle, n'est pas valide selon la syntaxe TEI:
       la structure d&#233;finie ici devrait contenir d'autres &#233;l&#233;ments -->
  <teiHeader>
    <!-- l'en-t&#234;te de notre document, contenant les m&#233;tadonn&#233;es -->
    <fileDesc>
      <!-- description du fichier encod&#233; et de sa source -->
      <titleStmt>
        <!-- titre du document -->
        <title>Lettre manuscrite d&#8217;Hioki, Abondant, &#224; Monsieur Grappe, Conservateur, Mus&#233;e Rodin. </title>
        <author>Hioki</author>
        <respStmt>
          <resp>Production et pr&#233;paration du texte brut</resp>
          <persName>L&#233;a Saint-Raymond</persName>
        </respStmt>
        <respStmt>
          <resp>Transformation automatique du texte brut vers le XML-TEI</resp>
          <persName>Les participant.e.s &#224; l'atelier "Mod&#233;liser et exploiter des corpus textuels" (ENS-PSL, campus d'Ulm)</persName>
        </respStmt>
      </titleStmt>
      <publicationStmt>
        <!-- informations sur le document XML encod&#233; -->
        <publisher>ENS-PSL</publisher>
        <pubPlace>Paris (France)</pubPlace>
        <date>2023-03-26 16:02:14.501017</date>
      </publicationStmt>
      <sourceDesc>
        <!-- informations sur la source: la lettre que l'on encode -->
        <bibl type="lettre">
          <author>Hioki</author>
          <title>Lettre manuscrite d&#8217;Hioki, Abondant, &#224; Monsieur Grappe, Conservateur, Mus&#233;e Rodin. </title>
          <date>1941-01-10</date>
          <msIdentifier>
            <institution>Mus&#233;e Rodin</institution>
            <idno>Mus&#233;e Rodin</idno>
          </msIdentifier>
        </bibl>
      </sourceDesc>
    </fileDesc>
    <encodingDesc>
      <!-- informations sur l'encodage :
           - tei:editorialDecl, d&#233;crivant la m&#233;thode de production du document XML 
           - tei:projectDesc, contexte de production du XML 
      -->
      <editorialDecl>
        <p>Production de l'encodage XML r&#233;alis&#233;e automatiquement avec la librairie LXML de Python &#224; partir d'une version en texte brut de la correspondance de Matsukata</p>
      </editorialDecl>
      <projectDesc>
        <p>L'atelier "Mod&#233;liser et exploiter des corpus textuels" a donn&#233; lieu &#224; cet encodage.</p>
      </projectDesc>
    </encodingDesc>
    <profileDesc>
      <!-- informations non bibliographiques sur le document encod&#233; 
           cet &#233;l&#233;ment l&#224; sera compl&#233;t&#233; par:
           - un tei:particDesc, qui d&#233;crit tout.es les personnes ayant &#233;crit
             ou re&#231;u des lettres dans le corpus Matsutaka
           - un tei:settingDesc, qui d&#233;crit tous les lieux d'exp&#233;dition/destination
             des lettres du corpus Matsutaka
           ces &#233;l&#233;ments seront rajout&#233; dans le notebook du cours.
      -->
      <correspDesc>
        <!-- description de la correspondance -->
        <correspAction type="sent">
          <persName>Hioki</persName>
          <placeName>Abondant</placeName>
          <date when="1941-01-10">1941-01-10</date>
        </correspAction>
        <correspAction type="received">
          <persName>Georges Grappe</persName>
          <placeName>Paris</placeName>
        </correspAction>
      </correspDesc>
    </profileDesc>
  </teiHeader>
  <text>
    <!-- le corps du texte. il peut comporter un tei:front et un tei:back
         et doit comporter un tei:body, comprenant le corps du texte -->
    <body>
      <!-- le corps du texte -->
      <opener>
        <salute>Mon cher Monsieur le Conservateur, </salute>
      </opener>
      <p>Je vous pr&#233;sente mes meilleurs v&#339;ux pour 1941. J&#8217;esp&#232;re que vous avez bien organis&#233; les centenaires de Mme Rodin et Monet et je regrettais beaucoup de n&#8217;avoir pu satisfaire votre demande, cause de circonstance d&#8217;impossibilit&#233;. Je viens de recevoir une lettre de 31 d&#233;cembre 1940 de M. Thirant me demandant 15 000 francs. </p>
      <p>Il s&#8217;agit sans doute &#171; Athlet &#187; que j&#8217;ai r&#233;gl&#233; et le moiti&#233; qui reste. </p>
      <p>Je vous savais donc infiniment reconnaissant de bien vouloir faire attendre jusqu&#8217;&#224; enl&#232;vement des bronzes, comme je vous l&#8217;ai pri&#233; le 29 f&#233;vrier 1940. </p>
      <p>D&#8217;abord, le Japon n&#8217;envoie pas du fond. Depuis exhode [sic] j&#8217;ai perdu ma place. Je suis ch&#244;meur. Depuis 1er ao&#251;t correspondance avec Japon sont interdite donc je n&#8217;ai rien savoir ce qui se passe, Monsieur le Conservateur. Je vous prie de penser ce que je suis actuellement. Comme tout le monde. </p>
      <p>Veuillez agr&#233;er, mon cher Monsieur le Conservateur, mes salutations les plus distingu&#233;es</p>
      <p>Hioki </p>
      <p></p>
    </body>
  </text>
</TEI>
