<?xml-model href="http://www.tei-c.org/release/xml/tei/custom/schema/relaxng/tei_all.rng" type="application/xml" schematypens="http://relaxng.org/ns/structure/1.0"?>
<?xml-model href="http://www.tei-c.org/release/xml/tei/custom/schema/relaxng/tei_all.rng" type="application/xml"
	schematypens="http://purl.oclc.org/dsdl/schematron"?>
<TEI xmlns="http://www.tei-c.org/ns/1.0" xml:id="Knoedler_L&#233;onceB&#233;n&#233;dite_19220324_7131832496979232624">
  <!-- le document XML, dans sa forme actuelle, n'est pas valide selon la syntaxe TEI:
       la structure d&#233;finie ici devrait contenir d'autres &#233;l&#233;ments -->
  <teiHeader>
    <!-- l'en-t&#234;te de notre document, contenant les m&#233;tadonn&#233;es -->
    <fileDesc>
      <!-- description du fichier encod&#233; et de sa source -->
      <titleStmt>
        <!-- titre du document -->
        <title>Lettre manuscrite d&#8217;Hamman pour M. Knoedler, Paris, &#224; Monsieur L. B&#233;n&#233;dite, Conservateur du Mus&#233;e Rodin, 77 rue de Varenne. Papier &#224; en-t&#234;te M. Knoedler &amp; C&#176;, Paris 17 place Vend&#244;me, London 15 Old Bond St, New-York, 556&amp;558 Fifth Avenue. </title>
        <author>Knoedler</author>
        <respStmt>
          <resp>Production et pr&#233;paration du texte brut</resp>
          <persName>L&#233;a Saint-Raymond</persName>
        </respStmt>
        <respStmt>
          <resp>Transformation automatique du texte brut vers le XML-TEI</resp>
          <persName>Les participant.e.s &#224; l'atelier "Mod&#233;liser et exploiter des corpus textuels" (ENS-PSL, campus d'Ulm)</persName>
        </respStmt>
      </titleStmt>
      <publicationStmt>
        <!-- informations sur le document XML encod&#233; -->
        <publisher>ENS-PSL</publisher>
        <pubPlace>Paris (France)</pubPlace>
        <date>2023-03-26 16:02:14.384992</date>
      </publicationStmt>
      <sourceDesc>
        <!-- informations sur la source: la lettre que l'on encode -->
        <bibl type="lettre">
          <author>Knoedler</author>
          <title>Lettre manuscrite d&#8217;Hamman pour M. Knoedler, Paris, &#224; Monsieur L. B&#233;n&#233;dite, Conservateur du Mus&#233;e Rodin, 77 rue de Varenne. Papier &#224; en-t&#234;te M. Knoedler &amp; C&#176;, Paris 17 place Vend&#244;me, London 15 Old Bond St, New-York, 556&amp;558 Fifth Avenue. </title>
          <date>1922-03-24</date>
          <msIdentifier>
            <institution>INHA</institution>
            <idno>INHA 155 et 156</idno>
          </msIdentifier>
        </bibl>
      </sourceDesc>
    </fileDesc>
    <encodingDesc>
      <!-- informations sur l'encodage :
           - tei:editorialDecl, d&#233;crivant la m&#233;thode de production du document XML 
           - tei:projectDesc, contexte de production du XML 
      -->
      <editorialDecl>
        <p>Production de l'encodage XML r&#233;alis&#233;e automatiquement avec la librairie LXML de Python &#224; partir d'une version en texte brut de la correspondance de Matsukata</p>
      </editorialDecl>
      <projectDesc>
        <p>L'atelier "Mod&#233;liser et exploiter des corpus textuels" a donn&#233; lieu &#224; cet encodage.</p>
      </projectDesc>
    </encodingDesc>
    <profileDesc>
      <!-- informations non bibliographiques sur le document encod&#233; 
           cet &#233;l&#233;ment l&#224; sera compl&#233;t&#233; par:
           - un tei:particDesc, qui d&#233;crit tout.es les personnes ayant &#233;crit
             ou re&#231;u des lettres dans le corpus Matsutaka
           - un tei:settingDesc, qui d&#233;crit tous les lieux d'exp&#233;dition/destination
             des lettres du corpus Matsutaka
           ces &#233;l&#233;ments seront rajout&#233; dans le notebook du cours.
      -->
      <correspDesc>
        <!-- description de la correspondance -->
        <correspAction type="sent">
          <persName>Knoedler</persName>
          <placeName>Paris</placeName>
          <date when="1922-03-24">1922-03-24</date>
        </correspAction>
        <correspAction type="received">
          <persName>L&#233;once B&#233;n&#233;dite</persName>
          <placeName>Paris</placeName>
        </correspAction>
      </correspDesc>
    </profileDesc>
  </teiHeader>
  <text>
    <!-- le corps du texte. il peut comporter un tei:front et un tei:back
         et doit comporter un tei:body, comprenant le corps du texte -->
    <body>
      <!-- le corps du texte -->
      <opener>
        <salute>Cher Monsieur, </salute>
      </opener>
      <p>Il nous serait indispensable, au point de vue fiscal, d&#8217;avoir les d&#233;tails de l&#8217;exp&#233;dition des tableaux que nous avons vendus &#224; Mr. Matsukata, c&#8217;est-&#224;-dire le num&#233;ro de sortie de la d&#233;claration en Douane, le nom et la date du steamer, et au besoin une copie du connaissement. Nous devons pouvoir justifier de la sortie de ces tableaux avec les pi&#232;ces &#224; l&#8217;appui. </p>
      <p>Vous serait-il possible de nous procurer ces renseignements ou pi&#232;ces, afin que nous soyons en r&#232;gle avec la loi ?</p>
      <closer>
        <salute>Veuillez agr&#233;er, cher Monsieur, avec nos remerciements anticip&#233;s l&#8217;assurance de notre consid&#233;ration tr&#232;s distingu&#233;e.</salute>
        <signed>Pour Mr Knoedler, M. Hamman. </signed>
      </closer>
    </body>
  </text>
</TEI>
