<?xml-model href="http://www.tei-c.org/release/xml/tei/custom/schema/relaxng/tei_all.rng" type="application/xml" schematypens="http://relaxng.org/ns/structure/1.0"?>
<?xml-model href="http://www.tei-c.org/release/xml/tei/custom/schema/relaxng/tei_all.rng" type="application/xml"
	schematypens="http://purl.oclc.org/dsdl/schematron"?>
<TEI xmlns="http://www.tei-c.org/ns/1.0" xml:id="KojiroMatsukata_L&#233;onceB&#233;n&#233;dite_19180822_370744305593520519">
  <!-- le document XML, dans sa forme actuelle, n'est pas valide selon la syntaxe TEI:
       la structure d&#233;finie ici devrait contenir d'autres &#233;l&#233;ments -->
  <teiHeader>
    <!-- l'en-t&#234;te de notre document, contenant les m&#233;tadonn&#233;es -->
    <fileDesc>
      <!-- description du fichier encod&#233; et de sa source -->
      <titleStmt>
        <!-- titre du document -->
        <title>Lettre de Kojiro Matsukata, 15 Yamamoto Dori Shichiome, Kobe, Japan, &#224; M. L&#233;once B&#233;n&#233;dite, conservateur du mus&#233;e Rodin, 77 rue de Varennes, Paris. </title>
        <author>Kojiro Matsukata</author>
        <respStmt>
          <resp>Production et pr&#233;paration du texte brut</resp>
          <persName>L&#233;a Saint-Raymond</persName>
        </respStmt>
        <respStmt>
          <resp>Transformation automatique du texte brut vers le XML-TEI</resp>
          <persName>Les participant.e.s &#224; l'atelier "Mod&#233;liser et exploiter des corpus textuels" (ENS-PSL, campus d'Ulm)</persName>
        </respStmt>
      </titleStmt>
      <publicationStmt>
        <!-- informations sur le document XML encod&#233; -->
        <publisher>ENS-PSL</publisher>
        <pubPlace>Paris (France)</pubPlace>
        <date>2023-03-26 16:02:14.261853</date>
      </publicationStmt>
      <sourceDesc>
        <!-- informations sur la source: la lettre que l'on encode -->
        <bibl type="lettre">
          <author>Kojiro Matsukata</author>
          <title>Lettre de Kojiro Matsukata, 15 Yamamoto Dori Shichiome, Kobe, Japan, &#224; M. L&#233;once B&#233;n&#233;dite, conservateur du mus&#233;e Rodin, 77 rue de Varennes, Paris. </title>
          <date>1918-08-22</date>
          <msIdentifier>
            <institution>INHA</institution>
            <idno>INHA 1</idno>
          </msIdentifier>
        </bibl>
      </sourceDesc>
    </fileDesc>
    <encodingDesc>
      <!-- informations sur l'encodage :
           - tei:editorialDecl, d&#233;crivant la m&#233;thode de production du document XML 
           - tei:projectDesc, contexte de production du XML 
      -->
      <editorialDecl>
        <p>Production de l'encodage XML r&#233;alis&#233;e automatiquement avec la librairie LXML de Python &#224; partir d'une version en texte brut de la correspondance de Matsukata</p>
      </editorialDecl>
      <projectDesc>
        <p>L'atelier "Mod&#233;liser et exploiter des corpus textuels" a donn&#233; lieu &#224; cet encodage.</p>
      </projectDesc>
    </encodingDesc>
    <profileDesc>
      <!-- informations non bibliographiques sur le document encod&#233; 
           cet &#233;l&#233;ment l&#224; sera compl&#233;t&#233; par:
           - un tei:particDesc, qui d&#233;crit tout.es les personnes ayant &#233;crit
             ou re&#231;u des lettres dans le corpus Matsutaka
           - un tei:settingDesc, qui d&#233;crit tous les lieux d'exp&#233;dition/destination
             des lettres du corpus Matsutaka
           ces &#233;l&#233;ments seront rajout&#233; dans le notebook du cours.
      -->
      <correspDesc>
        <!-- description de la correspondance -->
        <correspAction type="sent">
          <persName>Kojiro Matsukata</persName>
          <placeName>Kobe, Japon</placeName>
          <date when="1918-08-22">1918-08-22</date>
        </correspAction>
        <correspAction type="received">
          <persName>L&#233;once B&#233;n&#233;dite</persName>
          <placeName>Paris</placeName>
        </correspAction>
      </correspDesc>
    </profileDesc>
  </teiHeader>
  <text>
    <!-- le corps du texte. il peut comporter un tei:front et un tei:back
         et doit comporter un tei:body, comprenant le corps du texte -->
    <body>
      <!-- le corps du texte -->
      <opener>
        <salute>Dear Mr. B&#233;n&#233;dite, </salute>
      </opener>
      <p>I beg to confirm the order I passed you for reproduction of Rodin&#8217;s works, which are to be placed in a Galery that I expect to open publicly at Tokyo. </p>
      <p>These works are mentioned in the Catalogue I handed you. I accept the prices marked with reduction of 10% on the total amount the order. </p>
      <p>Kindly proceed with the founding of the works at once. I shall, nevertheless, ask you to keep them at the h&#244;tel till the end of the war. </p>
      <p>As regards settlement, I agree to make you an advance of 60 000 francs in order to pay the first expenses of reprodpuction. </p>
      <p>I shall, then, settle the price of each work at the time of its execution, which you will please let me know by letter. The latter will be considered by me as a certificate of deposition and, consequently, as a title of propriety. </p>
      <closer>
        <salute>Yours very truly, </salute>
        <signed>Kojiro Matsukata </signed>
      </closer>
    </body>
  </text>
</TEI>
