<?xml-model href="http://www.tei-c.org/release/xml/tei/custom/schema/relaxng/tei_all.rng" type="application/xml" schematypens="http://relaxng.org/ns/structure/1.0"?>
<?xml-model href="http://www.tei-c.org/release/xml/tei/custom/schema/relaxng/tei_all.rng" type="application/xml"
	schematypens="http://purl.oclc.org/dsdl/schematron"?>
<TEI xmlns="http://www.tei-c.org/ns/1.0" xml:id="KojiroMatsukata_aucun_19210709_4974332393898836891">
  <!-- le document XML, dans sa forme actuelle, n'est pas valide selon la syntaxe TEI:
       la structure d&#233;finie ici devrait contenir d'autres &#233;l&#233;ments -->
  <teiHeader>
    <!-- l'en-t&#234;te de notre document, contenant les m&#233;tadonn&#233;es -->
    <fileDesc>
      <!-- description du fichier encod&#233; et de sa source -->
      <titleStmt>
        <!-- titre du document -->
        <title>Discours de r&#233;ception de Matsukata &#224; la L&#233;gion d&#8217;honneur ? (Sans date : 9 juillet 1921 ?). </title>
        <author>Kojiro Matsukata</author>
        <respStmt>
          <resp>Production et pr&#233;paration du texte brut</resp>
          <persName>L&#233;a Saint-Raymond</persName>
        </respStmt>
        <respStmt>
          <resp>Transformation automatique du texte brut vers le XML-TEI</resp>
          <persName>Les participant.e.s &#224; l'atelier "Mod&#233;liser et exploiter des corpus textuels" (ENS-PSL, campus d'Ulm)</persName>
        </respStmt>
      </titleStmt>
      <publicationStmt>
        <!-- informations sur le document XML encod&#233; -->
        <publisher>ENS-PSL</publisher>
        <pubPlace>Paris (France)</pubPlace>
        <date>2023-03-26 16:02:14.338334</date>
      </publicationStmt>
      <sourceDesc>
        <!-- informations sur la source: la lettre que l'on encode -->
        <bibl type="discours">
          <author>Kojiro Matsukata</author>
          <title>Discours de r&#233;ception de Matsukata &#224; la L&#233;gion d&#8217;honneur ? (Sans date : 9 juillet 1921 ?). </title>
          <date>1921-07-09</date>
          <msIdentifier>
            <institution>INHA</institution>
            <idno>INHA 299</idno>
          </msIdentifier>
        </bibl>
      </sourceDesc>
    </fileDesc>
    <encodingDesc>
      <!-- informations sur l'encodage :
           - tei:editorialDecl, d&#233;crivant la m&#233;thode de production du document XML 
           - tei:projectDesc, contexte de production du XML 
      -->
      <editorialDecl>
        <p>Production de l'encodage XML r&#233;alis&#233;e automatiquement avec la librairie LXML de Python &#224; partir d'une version en texte brut de la correspondance de Matsukata</p>
      </editorialDecl>
      <projectDesc>
        <p>L'atelier "Mod&#233;liser et exploiter des corpus textuels" a donn&#233; lieu &#224; cet encodage.</p>
      </projectDesc>
    </encodingDesc>
    <profileDesc>
      <!-- informations non bibliographiques sur le document encod&#233; 
           cet &#233;l&#233;ment l&#224; sera compl&#233;t&#233; par:
           - un tei:particDesc, qui d&#233;crit tout.es les personnes ayant &#233;crit
             ou re&#231;u des lettres dans le corpus Matsutaka
           - un tei:settingDesc, qui d&#233;crit tous les lieux d'exp&#233;dition/destination
             des lettres du corpus Matsutaka
           ces &#233;l&#233;ments seront rajout&#233; dans le notebook du cours.
      -->
      <correspDesc>
        <!-- description de la correspondance -->
        <correspAction type="sent">
          <persName>Kojiro Matsukata</persName>
          <placeName>Paris</placeName>
          <date when="1921-07-09">1921-07-09</date>
        </correspAction>
        <correspAction type="received">
          <persName>aucun</persName>
          <placeName>aucun</placeName>
        </correspAction>
      </correspDesc>
    </profileDesc>
  </teiHeader>
  <text>
    <!-- le corps du texte. il peut comporter un tei:front et un tei:back
         et doit comporter un tei:body, comprenant le corps du texte -->
    <body>
      <!-- le corps du texte -->
      <opener>
        <salute>Mesdames et Messieurs, </salute>
      </opener>
      <p>J&#8217;ai l&#8217;honneur de souhaiter la bienvenue &#224; votre Excellence et &#224; vous tous, Messieurs les Artistes des Beaux-Arts qui nous entourez ce soir. </p>
      <p>Votre pr&#233;sence sera un pr&#233;cieux encouragement et un puissant appui pour l&#8217;&#339;uvre que j&#8217;ai entreprise, c&#8217;est-&#224;-dire l&#8217;&#233;tablissement au Japon d&#8217;un mus&#233;e. </p>
      <p>J&#8217;esp&#232;re par ce moyen propager dans mon pays, qui est l&#8217;ami des arts, le go&#251;t et l&#8217;admiration pour les chefs de vos grands artistes.</p>
      <p>L&#8217;&#233;tranger qui visite la France est frapp&#233; tout d&#8217;abord par ces manifestations si nombreuses du g&#233;nie de vos peintres et de vos sculpteurs, dont la renomm&#233;e s&#8217;est &#233;tendue jusqu&#8217;au bout de l&#8217;univers. </p>
      <p>Plus on les conna&#238;t, plus on les admire, c&#8217;est pourquoi j&#8217;ai voulu que mon pays p&#251;t &#224; son tour conna&#238;tre vos artistes et apprendre &#224; les aimer, en y transportant le plus grand nombre possible de vos chefs-d&#8217;&#339;uvre, mes moyens &#233;tant limit&#233;s, je ne puis pas r&#233;aliser toutes mes esp&#233;rances.</p>
      <p>Mes expositions des Beaux-Arts fran&#231;ais chez nous, j&#8217;esp&#232;re d&#233;velopper bon sentiment existant entre nos deux pays. </p>
      <p>M. B&#233;n&#233;dite, Directeur du mus&#233;e Rodin, m&#8217;a d&#233;j&#224; aid&#233; dans ma t&#226;che et je l&#8217;en remercie, vous aussi, Messieurs, vous m&#8217;apporterez votre appui en devenant mes collaborateurs. </p>
      <p>A tous, j&#8217;adresse un cordial merci, en portant un toast de bienvenue et de gratitude, et je l&#232;ve mon verre &#224; la sant&#233; de vous tous et &#224; la gloire des Artistes fran&#231;ais. </p>
    </body>
  </text>
</TEI>
