<?xml-model href="http://www.tei-c.org/release/xml/tei/custom/schema/relaxng/tei_all.rng" type="application/xml" schematypens="http://relaxng.org/ns/structure/1.0"?>
<?xml-model href="http://www.tei-c.org/release/xml/tei/custom/schema/relaxng/tei_all.rng" type="application/xml"
	schematypens="http://purl.oclc.org/dsdl/schematron"?>
<TEI xmlns="http://www.tei-c.org/ns/1.0" xml:id="KojiroMatsukata_L&#233;onceB&#233;n&#233;dite_19200901_2756811691096631621">
  <!-- le document XML, dans sa forme actuelle, n'est pas valide selon la syntaxe TEI:
       la structure d&#233;finie ici devrait contenir d'autres &#233;l&#233;ments -->
  <teiHeader>
    <!-- l'en-t&#234;te de notre document, contenant les m&#233;tadonn&#233;es -->
    <fileDesc>
      <!-- description du fichier encod&#233; et de sa source -->
      <titleStmt>
        <!-- titre du document -->
        <title>Lettre typographi&#233;e sur papier &#224; en-t&#234;te Kawasaki Dockyard, Kob&#233;, de Kojiro Matsukata &#224; M. L&#233;once Benedite, Esqu., Mus&#233;e Rodin. </title>
        <author>Kojiro Matsukata</author>
        <respStmt>
          <resp>Production et pr&#233;paration du texte brut</resp>
          <persName>L&#233;a Saint-Raymond</persName>
        </respStmt>
        <respStmt>
          <resp>Transformation automatique du texte brut vers le XML-TEI</resp>
          <persName>Les participant.e.s &#224; l'atelier "Mod&#233;liser et exploiter des corpus textuels" (ENS-PSL, campus d'Ulm)</persName>
        </respStmt>
      </titleStmt>
      <publicationStmt>
        <!-- informations sur le document XML encod&#233; -->
        <publisher>ENS-PSL</publisher>
        <pubPlace>Paris (France)</pubPlace>
        <date>2023-03-31 03:27:18.403527</date>
      </publicationStmt>
      <sourceDesc>
        <!-- informations sur la source: la lettre que l'on encode -->
        <bibl type="lettre">
          <author>Kojiro Matsukata</author>
          <title>Lettre typographi&#233;e sur papier &#224; en-t&#234;te Kawasaki Dockyard, Kob&#233;, de Kojiro Matsukata &#224; M. L&#233;once Benedite, Esqu., Mus&#233;e Rodin. </title>
          <date>1920-09-01</date>
          <msIdentifier>
            <institution>INHA</institution>
            <idno>INHA 76, 77</idno>
          </msIdentifier>
        </bibl>
      </sourceDesc>
    </fileDesc>
    <encodingDesc>
      <!-- informations sur l'encodage :
           - tei:editorialDecl, d&#233;crivant la m&#233;thode de production du document XML 
           - tei:projectDesc, contexte de production du XML 
      -->
      <editorialDecl>
        <p>Production de l'encodage XML r&#233;alis&#233;e automatiquement avec la librairie LXML de Python &#224; partir d'une version en texte brut de la correspondance de Matsukata</p>
      </editorialDecl>
      <projectDesc>
        <p>L'atelier "Mod&#233;liser et exploiter des corpus textuels" a donn&#233; lieu &#224; cet encodage.</p>
      </projectDesc>
    </encodingDesc>
    <profileDesc>
      <!-- informations non bibliographiques sur le document encod&#233; 
           cet &#233;l&#233;ment l&#224; sera compl&#233;t&#233; par:
           - un tei:particDesc, qui d&#233;crit tout.es les personnes ayant &#233;crit
             ou re&#231;u des lettres dans le corpus Matsutaka
           - un tei:settingDesc, qui d&#233;crit tous les lieux d'exp&#233;dition/destination
             des lettres du corpus Matsutaka
           ces &#233;l&#233;ments seront rajout&#233; dans le notebook du cours.
      -->
      <correspDesc>
        <!-- description de la correspondance -->
        <correspAction type="sent">
          <persName>Kojiro Matsukata</persName>
          <placeName>Kobe</placeName>
          <date when="1920-09-01">1920-09-01</date>
        </correspAction>
        <correspAction type="received">
          <persName>L&#233;once B&#233;n&#233;dite</persName>
          <placeName>Paris</placeName>
        </correspAction>
      </correspDesc>
    </profileDesc>
  </teiHeader>
  <text>
    <!-- le corps du texte. il peut comporter un tei:front et un tei:back
         et doit comporter un tei:body, comprenant le corps du texte -->
    <body>
      <!-- le corps du texte -->
      <opener>
        <salute>Dear Sir, </salute>
      </opener>
      <p>I had the great pleasure of receiving with many thanks your most interesting letter of the 30th June last, on the 17th ult., when I took liberty of cabling you immediately, reading as follows:</p>
      <p>Your letter June 30th received many thanks for unfailing kind endeavor stop agree and approve your letter Matsukata</p>
      <p>I have been obliged since then to keep my rooms, according to a medical advice and I have to apologise for this delay in thanking you for your letter and confirming my telegram before this. Please rest assured, however, that my case is nothing serious; but I am taking a short rest as God-sent after my very hard working. </p>
      <p>Before I proceed any further, I beg to thank you most sincerely for your untiring and ever unfailing kind efforts and enveavours for my Museum. Words can hardly express my gratitude for your kind services and I think I have only to wait for an opportunity to thank you personally in glorious Paris. I beg to mention once more my sincere and heartfelt gratefulness for your zealous efforts for my Museum, when you are very busy yourself and the climate is anything but pleasant during these days.</p>
      <p>I beg to thank you warmly for your exhaustive description about the Groupe of Pygmalion and Golathee [sic]. I have instructed Mr. Hioki since not to buy it at named price, and it may be why he did not come and see you. I am very glad that I did not take it a that price after all, although it may be a good work of Rodin since you know best about them, and your appraisement should be authority about them. I should like to be informed by your next letter how the piece was appraised at the London sale. </p>
      <p>Please proceed with the Porta de l&#8217;Enfer, when you get all estimates. I leave everything to you about the money matter, as I gladly and thankfully accept your kind advice and proposal. I am sure all art admirers will value it without question when completed, and will remember your kind endeavours about it. </p>
      <p>I am also very thankful you have been always on lookout and bought me Aman Jean&#8217;s 2 decorative panels, M. Charlot&#8217;s 2 pictures, Emile Bernard&#8217;s 1, 2 of impressionist Lebacery, 2 of Guost [sic], who was at the point of being awarded with a medal of honour at the Salon and 2 pictures of Puois [sic] Chavannes, whose work I have not heretofore secured at all and was very anxious to obtain his specimen. You have now obtained a pearl of a gentleman collection besides another one. I can not help feeling very happy and fortunate about them. Thank you again very much. I most highly appreciate M. Guoist [sic] disposal of his still life picture for this Oriental Museum at such a nominal price. All these pictures will be valuable addition to my collection of the modern French arts. I am also very glad that you have secured M. Maurice Denis&#8217; promise for 2 pictures.</p>
      <p>However, dear Mr. Benedite, you are flattering me, when you say that the French artists will be grateful to have their pictures exhibited in my Museum, because I am looking upon the French artists as the instructors for the Japanese artists, who have still a great deal to learn from their Occidental brothers, and I am regarding the easy consent of the French artists to part with their good work for the sake of my Gallery, as a great honour bestowed not on me personnaly alone but on the Japanese public, which is only possible through your most esteemed mediation and influence. </p>
      <p>I beg to mention here that I have given a letter of introduction for M. K. Shimidzu of Messrs. Yamanaka &amp; Co., London, and I shall be much obliged to you, if you will kindly receive him when he calls on you. I am sending through his kindness a little souvenir, and shall be greatly pleased, if you will kindly accept if with my best compliments. </p>
      <p>I sincerely wish to thank Madame and Mademoiselle Benedite for their kind resembrance, and beg to request you to convey them my best and cordial salutation. Please also remember me kindly to M. Dezarrois, when he happens again to be in your office and tell him that his beautiful magazine is being delivered monthly and that I am enjoying it very much. </p>
      <p>With my kindest regards to you for the meanwhile, and trusting that this will find you all in the best of health and happiness. </p>
      <p>I remain, dear Sir, </p>
      <closer>
        <salute>Yours most faithfully, </salute>
        <signed>Kojiro Matsukata</signed>
      </closer>
      <postscript>
        <p>PS : Mr. Brangwyn has written to me that he is going to hold an exhibition of his pictures, including those he has painted for my Gallery, in Paris in the coming Autumn, and I shall be very much obliged to you, if you would kindly write me the public opinion on it in details as much as possible. I hope you will not regard me imposing on your generosity again. </p>
      </postscript>
    </body>
  </text>
</TEI>
