<?xml-model href="http://www.tei-c.org/release/xml/tei/custom/schema/relaxng/tei_all.rng" type="application/xml" schematypens="http://relaxng.org/ns/structure/1.0"?>
<?xml-model href="http://www.tei-c.org/release/xml/tei/custom/schema/relaxng/tei_all.rng" type="application/xml"
	schematypens="http://purl.oclc.org/dsdl/schematron"?>
<TEI xmlns="http://www.tei-c.org/ns/1.0" xml:id="KojiroMatsukata_L&#233;onceB&#233;n&#233;dite_19201104_-2951389611686651094">
  <!-- le document XML, dans sa forme actuelle, n'est pas valide selon la syntaxe TEI:
       la structure d&#233;finie ici devrait contenir d'autres &#233;l&#233;ments -->
  <teiHeader>
    <!-- l'en-t&#234;te de notre document, contenant les m&#233;tadonn&#233;es -->
    <fileDesc>
      <!-- description du fichier encod&#233; et de sa source -->
      <titleStmt>
        <!-- titre du document -->
        <title>Lettre typographi&#233;e de Matsukata &#224; Leone </title>
        <author>Kojiro Matsukata</author>
        <respStmt>
          <resp>Production et pr&#233;paration du texte brut</resp>
          <persName>L&#233;a Saint-Raymond</persName>
        </respStmt>
        <respStmt>
          <resp>Transformation automatique du texte brut vers le XML-TEI</resp>
          <persName>Les participant.e.s &#224; l'atelier "Mod&#233;liser et exploiter des corpus textuels" (ENS-PSL, campus d'Ulm)</persName>
        </respStmt>
      </titleStmt>
      <publicationStmt>
        <!-- informations sur le document XML encod&#233; -->
        <publisher>ENS-PSL</publisher>
        <pubPlace>Paris (France)</pubPlace>
        <date>2023-03-26 16:02:14.318282</date>
      </publicationStmt>
      <sourceDesc>
        <!-- informations sur la source: la lettre que l'on encode -->
        <bibl type="lettre">
          <author>Kojiro Matsukata</author>
          <title>Lettre typographi&#233;e de Matsukata &#224; Leone </title>
          <date>1920-11-04</date>
          <msIdentifier>
            <institution>INHA</institution>
            <idno>INHA 83</idno>
          </msIdentifier>
        </bibl>
      </sourceDesc>
    </fileDesc>
    <encodingDesc>
      <!-- informations sur l'encodage :
           - tei:editorialDecl, d&#233;crivant la m&#233;thode de production du document XML 
           - tei:projectDesc, contexte de production du XML 
      -->
      <editorialDecl>
        <p>Production de l'encodage XML r&#233;alis&#233;e automatiquement avec la librairie LXML de Python &#224; partir d'une version en texte brut de la correspondance de Matsukata</p>
      </editorialDecl>
      <projectDesc>
        <p>L'atelier "Mod&#233;liser et exploiter des corpus textuels" a donn&#233; lieu &#224; cet encodage.</p>
      </projectDesc>
    </encodingDesc>
    <profileDesc>
      <!-- informations non bibliographiques sur le document encod&#233; 
           cet &#233;l&#233;ment l&#224; sera compl&#233;t&#233; par:
           - un tei:particDesc, qui d&#233;crit tout.es les personnes ayant &#233;crit
             ou re&#231;u des lettres dans le corpus Matsutaka
           - un tei:settingDesc, qui d&#233;crit tous les lieux d'exp&#233;dition/destination
             des lettres du corpus Matsutaka
           ces &#233;l&#233;ments seront rajout&#233; dans le notebook du cours.
      -->
      <correspDesc>
        <!-- description de la correspondance -->
        <correspAction type="sent">
          <persName>Kojiro Matsukata</persName>
          <placeName>Kobe</placeName>
          <date when="1920-11-04">1920-11-04</date>
        </correspAction>
        <correspAction type="received">
          <persName>L&#233;once B&#233;n&#233;dite</persName>
          <placeName>Paris</placeName>
        </correspAction>
      </correspDesc>
    </profileDesc>
  </teiHeader>
  <text>
    <!-- le corps du texte. il peut comporter un tei:front et un tei:back
         et doit comporter un tei:body, comprenant le corps du texte -->
    <body>
      <!-- le corps du texte -->
      <opener>
        <salute>Dear Mr. Benedite, </salute>
      </opener>
      <p>I beg to acknowledge with many thanks receipt of your two esteemed letters dated the 18th, July and 14th, August last respectively. I took liberty of cabling you on the 11th, September last, in response to your first mentioned letter, reading as follows. </p>
      <p>Your letter 18th July received stop Please accept heartfelt thanks stop Please ascertain prices Durand Ruel wants for Renoir an Puvis stop Thank Darde for kindness stop Give your American address stop Don&#8217;t visit Paris during your absence stop Wish American trip bon voyage Matsukata</p>
      <p>I was very anxious to hear your American address, since you wrote me that you were coming so far as San Francisco, because I thought that it will be very opportune to invite you just cross over to Japan when you came so near to us. I am afraid the cable was not delivered to you before your sailing for America, and I am exceedingly sorry on account of the reason just mentioned. I shall be much obliged to you for information if you were successful in inducing M. Durand Ruel to part with Renoir and Puvis [rajout&#233; manuscript : at what price].</p>
      <p>Now I have to acknowledge with many thanks receipt of your second letter and as I have not confirmed my cable, neither acknowledge receipt of your first letter, I am hastening to write you to Paris, as I was not in receipt of you American address as stated above. </p>
      <p>You will please excuse my failure for writing to you before this, when I explain to you with regrets that I was compelled to keep rooms from illness and thereafter absent from office altogether for several weeks, owing to unexpected sudden demise of my mother. I have now just been able to see my way through the long neglected business matters, and I am thus taking the first opportunity to write to you, to acknowledge receipt of your letters and to tender you my deep gratitude for your kind and much appreciated efforts.  </p>
      <p>I am rather disappointed to hear your efforts on Cottet and Claude Monet have been futile so far; but I am still hoping you will succeed for securing their representative samples on my behalf, through your influence and unfailing kind efforts. [ajout&#233; manuscrit : I rely upon you so much that if you were insuccessful I consider it my misfortune and am ready to give it up] I am very glad that you have successfully obtained two of Puvis de Chavannes and more so at low prices. </p>
      <p>Very many thanks for your kind caution about the brokers and imitations ; I shall never buy any piece without first consulting you, if I were going to buy one from the dealers in Paris. I know too well that there are a lot of these sharp dealers even in your country as they are rife here. Very many thanks again for your kind warning. I do not know really how to thank you and express my deep appreciation to M. Darde for his giving me one of his two bronzes &#8220;Eternel Grief&#8221; at such a sacrifice through one of his sublime idea. It was very noble of him to act in such a way, and try to help any one like myself trying to develop fine arts universally. By the way, can you not contract with him to get more bronzes and some marble work for me? In your doing so I shall owe you more thanks.</p>
      <p>I was always exceedingly thankful to you, because you are so keenly taking troubles for my Museum and collection, and there is no adequate word to write you expression of my sincere gratitude for all troubles. It will be an idle remark to mention that I know you will always do your best for me. Please exercise your great influence and help me to make my Museum worthy of the name. I am very glad you are preserving photographs for future catalogues and my collection, and your suggestion is quite right, as they will only make the catalogues complete. </p>
      <p>I am also very pleased to hear that my first order for Rodin is nearly completed by this time, and that you are preparing for casting &#8220;la Porte de l&#8217;Enfer&#8221;, which should be a very great thing when finished. Very glad indeed that you have kindly reserved two of Gillot pictures and hope that you have already paid cash to him. Please let me hear later how they were admired by the public during the Exhibition. I am fully aware of difficulties to obtain good pictures by Maurice Denis and I know if I were going to have one of this modern master&#8217;s, it was only successful through your untiring efforts for me. I have only heard definitely from Mr. Brangwyn through cable about this artist&#8217;s two pictures purchased in London with four Mancini&#8217;s one and one Toulouse Lautrec&#8217;s ; but I don&#8217;t know what sort of pictures they are. I did not buy seven pieces of sculptures he telegraphed. </p>
      <p>I am very glad to hear that M. Denis has promised you two pictures for me, and how glad I am feeling. The French artist help me through your influence, to exhibit their work with ardent desire to show the French arts in the Far East. This already I owe you a great deal and moreover, they have kindly reduced prices considerably, besides some of offering etchings, designs and something else. This noble idea is characteristic of your people who have shown they are gallant warriors in the battle field. </p>
      <p>With this association of the French noble character, I always admire to collect French arts through your goodself, although I am afraid I am imposing on your kindness and putting unlimited troubles on your goodself, which I take for granted you will forgive for the sake of arts and civilisation. </p>
      <p>Whatever you may say modestly about your attitude toward my Museum, dear Mr. Benedite, it is my heartfelt gratitude toward you that I am able to have such a collection of the French fine arts, and I am certain that the Japanese public will come to see the birth of this Museum in true light, when it was completed and open to them. </p>
      <p>It is very interesting to hear your brief description of &#8220;Defence&#8221; statue at Verdun. It must be a very colossal one, if it is double size of my &#8220;Defense&#8221;. Surely it would be a most imposing one and proper for the honourable city of Verdun, I am sure. </p>
      <p>I am more than sorry my trip has had to be postponed till next year; but I am most eagerly looking forward for the day, when I will meet you and personally tender you my sincere thanks. Please mention my kindest regards to Miss Benedite and tell her I am praying for the health and happiness of your household members always.</p>
      <p>With kindest wishes to you and again tendering you my apologies for neglecting writing to you sooner.</p>
      <p>I am, dear Mr. Benedite, </p>
      <p>Yours [ajout&#233; : very] faithfully, </p>
      <p>Kojiro Matsukata</p>
      <p>[ajout&#233; manuscrit] Your artist Steinlen is a fine draughtman and splendid painter. I hear. If you think so. Won&#8217;t you kindly arrange with him to sell me four or five pictures for my museum. Any hour I owe you a great obligation. </p>
      <closer>
        <signed>Yours. K. M.</signed>
      </closer>
    </body>
  </text>
</TEI>
