<?xml-model href="http://www.tei-c.org/release/xml/tei/custom/schema/relaxng/tei_all.rng" type="application/xml" schematypens="http://relaxng.org/ns/structure/1.0"?>
<?xml-model href="http://www.tei-c.org/release/xml/tei/custom/schema/relaxng/tei_all.rng" type="application/xml"
	schematypens="http://purl.oclc.org/dsdl/schematron"?>
<TEI xmlns="http://www.tei-c.org/ns/1.0" xml:id="KojiroMatsukata_L&#233;onceB&#233;n&#233;dite_19221220_8393915699032558549">
  <!-- le document XML, dans sa forme actuelle, n'est pas valide selon la syntaxe TEI:
       la structure d&#233;finie ici devrait contenir d'autres &#233;l&#233;ments -->
  <teiHeader>
    <!-- l'en-t&#234;te de notre document, contenant les m&#233;tadonn&#233;es -->
    <fileDesc>
      <!-- description du fichier encod&#233; et de sa source -->
      <titleStmt>
        <!-- titre du document -->
        <title>Lettre typographi&#233;e de Matsukata &#224; Leone </title>
        <author>Kojiro Matsukata</author>
        <respStmt>
          <resp>Production et pr&#233;paration du texte brut</resp>
          <persName>L&#233;a Saint-Raymond</persName>
        </respStmt>
        <respStmt>
          <resp>Transformation automatique du texte brut vers le XML-TEI</resp>
          <persName>Les participant.e.s &#224; l'atelier "Mod&#233;liser et exploiter des corpus textuels" (ENS-PSL, campus d'Ulm)</persName>
        </respStmt>
      </titleStmt>
      <publicationStmt>
        <!-- informations sur le document XML encod&#233; -->
        <publisher>ENS-PSL</publisher>
        <pubPlace>Paris (France)</pubPlace>
        <date>2023-03-31 03:27:18.487072</date>
      </publicationStmt>
      <sourceDesc>
        <!-- informations sur la source: la lettre que l'on encode -->
        <bibl type="lettre">
          <author>Kojiro Matsukata</author>
          <title>Lettre typographi&#233;e de Matsukata &#224; Leone </title>
          <date>1922-12-20</date>
          <msIdentifier>
            <institution>INHA</institution>
            <idno>INHA 185-187</idno>
          </msIdentifier>
        </bibl>
      </sourceDesc>
    </fileDesc>
    <encodingDesc>
      <!-- informations sur l'encodage :
           - tei:editorialDecl, d&#233;crivant la m&#233;thode de production du document XML 
           - tei:projectDesc, contexte de production du XML 
      -->
      <editorialDecl>
        <p>Production de l'encodage XML r&#233;alis&#233;e automatiquement avec la librairie LXML de Python &#224; partir d'une version en texte brut de la correspondance de Matsukata</p>
      </editorialDecl>
      <projectDesc>
        <p>L'atelier "Mod&#233;liser et exploiter des corpus textuels" a donn&#233; lieu &#224; cet encodage.</p>
      </projectDesc>
    </encodingDesc>
    <profileDesc>
      <!-- informations non bibliographiques sur le document encod&#233; 
           cet &#233;l&#233;ment l&#224; sera compl&#233;t&#233; par:
           - un tei:particDesc, qui d&#233;crit tout.es les personnes ayant &#233;crit
             ou re&#231;u des lettres dans le corpus Matsutaka
           - un tei:settingDesc, qui d&#233;crit tous les lieux d'exp&#233;dition/destination
             des lettres du corpus Matsutaka
           ces &#233;l&#233;ments seront rajout&#233; dans le notebook du cours.
      -->
      <correspDesc>
        <!-- description de la correspondance -->
        <correspAction type="sent">
          <persName>Kojiro Matsukata</persName>
          <placeName>Kobe</placeName>
          <date when="1922-12-20">1922-12-20</date>
        </correspAction>
        <correspAction type="received">
          <persName>L&#233;once B&#233;n&#233;dite</persName>
          <placeName>Paris</placeName>
        </correspAction>
      </correspDesc>
    </profileDesc>
  </teiHeader>
  <text>
    <!-- le corps du texte. il peut comporter un tei:front et un tei:back
         et doit comporter un tei:body, comprenant le corps du texte -->
    <body>
      <!-- le corps du texte -->
      <opener>
        <salute>Dear Sir, </salute>
      </opener>
      <p>Your esteemed letter of the 1st, ult., was duly received and its contents noted with much interest and pleasure. It was really a long time since I saw your last dear letter, and I am very pleased to hear Madame and Misses Benedite as well as your goodself are all well and happy. </p>
      <p>I have noted with much interest the contents of Items 1 and 2 of your letter and particularly those of the Item 3, referring to Mr. Hansen&#8217;s collection. I am more than inclined to buy his collection ; but should like to know in detail, how the payment is to be made and how many and whose pictures altogether I would get for the sum of Frs. 1,800,000, and about Frs. 4,000,000. </p>
      <p>Mr. Naruse has sent me the catalogue as mentioned in your letter ; but of course, he has kindly written something about the sales of the collection. </p>
      <p>I hoped that I could fulfill my long standing promise to present our &#8220;Kimono&#8221; to Madame and Misses Benedite this year ; but very sorry to have to advise you that my wife was taken ill some time ago and is not still convalescent, which upset my programme entirely. I do hope you would kindly see how I am placed during these days and to give me some more time, before I can fulfill the promise. </p>
      <p>Regarding Mr. Takenuchi&#8217;s picture, I heard that there was misunderstanding somewhere in the beginning and that it was sent back to Japan once. I heard again recently that it was shipped to Paris. I shall write you on the subject, after ascertaining the whole matter of Mr. Takeuchi, when I see him. I know, however, he appreciates what the Muse [sic] Rodin people have done for him at any rate. </p>
      <p>Referring to the Rodin&#8217;s works, I am glad to learn you have selected 3 or 4 small pieces already and I beg to request you kindly to pick ten pieces or so, as soon as you can.</p>
      <p>I am also anxious to hear about the progress on &#8220;Port of Hell.&#8221;</p>
      <p>With my kindest regards to you and your family members for the meanwhile, and hoping to hear from you on the above points at your convenience, </p>
      <p>I am, dear Sir, </p>
      <closer>
        <salute>Yours faithfully, </salute>
        <signed>K. Matsukata</signed>
      </closer>
    </body>
  </text>
</TEI>
