<?xml-model href="http://www.tei-c.org/release/xml/tei/custom/schema/relaxng/tei_all.rng" type="application/xml" schematypens="http://relaxng.org/ns/structure/1.0"?>
<?xml-model href="http://www.tei-c.org/release/xml/tei/custom/schema/relaxng/tei_all.rng" type="application/xml"
	schematypens="http://purl.oclc.org/dsdl/schematron"?>
<TEI xmlns="http://www.tei-c.org/ns/1.0" xml:id="KojiroMatsukata_L&#233;onceB&#233;n&#233;dite_19230311_8510270776015879700">
  <!-- le document XML, dans sa forme actuelle, n'est pas valide selon la syntaxe TEI:
       la structure d&#233;finie ici devrait contenir d'autres &#233;l&#233;ments -->
  <teiHeader>
    <!-- l'en-t&#234;te de notre document, contenant les m&#233;tadonn&#233;es -->
    <fileDesc>
      <!-- description du fichier encod&#233; et de sa source -->
      <titleStmt>
        <!-- titre du document -->
        <title>Lettre typographi&#233;e de Matsukata &#224; Leone </title>
        <author>Kojiro Matsukata</author>
        <respStmt>
          <resp>Production et pr&#233;paration du texte brut</resp>
          <persName>L&#233;a Saint-Raymond</persName>
        </respStmt>
        <respStmt>
          <resp>Transformation automatique du texte brut vers le XML-TEI</resp>
          <persName>Les participant.e.s &#224; l'atelier "Mod&#233;liser et exploiter des corpus textuels" (ENS-PSL, campus d'Ulm)</persName>
        </respStmt>
      </titleStmt>
      <publicationStmt>
        <!-- informations sur le document XML encod&#233; -->
        <publisher>ENS-PSL</publisher>
        <pubPlace>Paris (France)</pubPlace>
        <date>2023-03-31 03:27:18.498835</date>
      </publicationStmt>
      <sourceDesc>
        <!-- informations sur la source: la lettre que l'on encode -->
        <bibl type="lettre">
          <author>Kojiro Matsukata</author>
          <title>Lettre typographi&#233;e de Matsukata &#224; Leone </title>
          <date>1923-03-11</date>
          <msIdentifier>
            <institution>INHA</institution>
            <idno>INHA 202-203</idno>
          </msIdentifier>
        </bibl>
      </sourceDesc>
    </fileDesc>
    <encodingDesc>
      <!-- informations sur l'encodage :
           - tei:editorialDecl, d&#233;crivant la m&#233;thode de production du document XML 
           - tei:projectDesc, contexte de production du XML 
      -->
      <editorialDecl>
        <p>Production de l'encodage XML r&#233;alis&#233;e automatiquement avec la librairie LXML de Python &#224; partir d'une version en texte brut de la correspondance de Matsukata</p>
      </editorialDecl>
      <projectDesc>
        <p>L'atelier "Mod&#233;liser et exploiter des corpus textuels" a donn&#233; lieu &#224; cet encodage.</p>
      </projectDesc>
    </encodingDesc>
    <profileDesc>
      <!-- informations non bibliographiques sur le document encod&#233; 
           cet &#233;l&#233;ment l&#224; sera compl&#233;t&#233; par:
           - un tei:particDesc, qui d&#233;crit tout.es les personnes ayant &#233;crit
             ou re&#231;u des lettres dans le corpus Matsutaka
           - un tei:settingDesc, qui d&#233;crit tous les lieux d'exp&#233;dition/destination
             des lettres du corpus Matsutaka
           ces &#233;l&#233;ments seront rajout&#233; dans le notebook du cours.
      -->
      <correspDesc>
        <!-- description de la correspondance -->
        <correspAction type="sent">
          <persName>Kojiro Matsukata</persName>
          <placeName>Kobe</placeName>
          <date when="1923-03-11">1923-03-11</date>
        </correspAction>
        <correspAction type="received">
          <persName>L&#233;once B&#233;n&#233;dite</persName>
          <placeName>Paris</placeName>
        </correspAction>
      </correspDesc>
    </profileDesc>
  </teiHeader>
  <text>
    <!-- le corps du texte. il peut comporter un tei:front et un tei:back
         et doit comporter un tei:body, comprenant le corps du texte -->
    <body>
      <!-- le corps du texte -->
      <opener>
        <salute>Dear Sir, </salute>
      </opener>
      <p>I beg to express my gratitude for the purchase of thirty pieces of the Hansen&#8217;s collections which was carried out through your joint kind efforts with Mr. Naruse, and I am feeling sincerely pleased and gratified. As you may know, the money market here is still very tight ; but I was more than anxious to secure them, which reluctantly resulted in troubling you and Mr. Naruse as to open another negotiations with the Banque de Fran&#231;aise japonaise [sic]. The whole transaction, both the selection and the financing were entirely your joint troubles and I am appreciating the purchase, which was only effected through your untiring kindness for me. I am further thinking that those pictures are the gifts of your esteemed endeavours, and I am feeling very grateful to you. </p>
      <p>I also beg to mention that my trip to Europe is so far very remote, and I am missing the consolation in coming touch with the latest European fine arts these days which is probably more than I can briefly admit. </p>
      <p>Some of my collections were exhibited in Osaka and Tokio sometime ago, at the request of the Osaka Mainichi and the Tokio Nichi Nichi. The exhibitions were greatly patronized by the general public, and it was really wonderful how deeply they were appreciated by the Japanese artists for the Japanese pictures. It was beyond what I expected, and I am convinced that when my collections are to be all thrown open to the public, they will be greatly appreciated, and that a great deal of good lessons would be received by them therefrom. It would be unquestionably the joint gifts of your goodself, and others, who have and are so ardently helping my poor efforts. </p>
      <p>I beg to mention that my eldest daughter Hanako and Mrs. Berncastle are shortly to visit your Paris and I have taken the liberty of introducing them to Miss Benedite. I shall be much obliged to you, if you would kindly befriend them when they come, and I shall appreciate all your courtesies for them as my personal favour.</p>
      <p>With my best wished to Madame Benedite and your goodself, </p>
      <p>I am, dear Sir, </p>
      <closer>
        <salute>Yours faithfully, </salute>
        <signed>Kojiro Matsukata</signed>
      </closer>
    </body>
  </text>
</TEI>
