<?xml-model href="http://www.tei-c.org/release/xml/tei/custom/schema/relaxng/tei_all.rng" type="application/xml" schematypens="http://relaxng.org/ns/structure/1.0"?>
<?xml-model href="http://www.tei-c.org/release/xml/tei/custom/schema/relaxng/tei_all.rng" type="application/xml"
	schematypens="http://purl.oclc.org/dsdl/schematron"?>
<TEI xmlns="http://www.tei-c.org/ns/1.0" xml:id="LehallierAuprat_L&#233;onceB&#233;n&#233;dite_19210909_-8499795002800118188">
  <!-- le document XML, dans sa forme actuelle, n'est pas valide selon la syntaxe TEI:
       la structure d&#233;finie ici devrait contenir d'autres &#233;l&#233;ments -->
  <teiHeader>
    <!-- l'en-t&#234;te de notre document, contenant les m&#233;tadonn&#233;es -->
    <fileDesc>
      <!-- description du fichier encod&#233; et de sa source -->
      <titleStmt>
        <!-- titre du document -->
        <title>Lettre typographi&#233;e de </title>
        <author>Lehallier Auprat&#176;</author>
        <respStmt>
          <resp>Production et pr&#233;paration du texte brut</resp>
          <persName>L&#233;a Saint-Raymond</persName>
        </respStmt>
        <respStmt>
          <resp>Transformation automatique du texte brut vers le XML-TEI</resp>
          <persName>Les participant.e.s &#224; l'atelier "Mod&#233;liser et exploiter des corpus textuels" (ENS-PSL, campus d'Ulm)</persName>
        </respStmt>
      </titleStmt>
      <publicationStmt>
        <!-- informations sur le document XML encod&#233; -->
        <publisher>ENS-PSL</publisher>
        <pubPlace>Paris (France)</pubPlace>
        <date>2023-03-31 03:27:18.432334</date>
      </publicationStmt>
      <sourceDesc>
        <!-- informations sur la source: la lettre que l'on encode -->
        <bibl type="lettre">
          <author>Lehallier Auprat&#176;</author>
          <title>Lettre typographi&#233;e de </title>
          <date>1921-09-09</date>
          <msIdentifier>
            <institution>Mus&#233;e Rodin</institution>
            <idno>Mus&#233;e Rodin, fonds B&#233;n&#233;dite, don avril 1992</idno>
          </msIdentifier>
        </bibl>
      </sourceDesc>
    </fileDesc>
    <encodingDesc>
      <!-- informations sur l'encodage :
           - tei:editorialDecl, d&#233;crivant la m&#233;thode de production du document XML 
           - tei:projectDesc, contexte de production du XML 
      -->
      <editorialDecl>
        <p>Production de l'encodage XML r&#233;alis&#233;e automatiquement avec la librairie LXML de Python &#224; partir d'une version en texte brut de la correspondance de Matsukata</p>
      </editorialDecl>
      <projectDesc>
        <p>L'atelier "Mod&#233;liser et exploiter des corpus textuels" a donn&#233; lieu &#224; cet encodage.</p>
      </projectDesc>
    </encodingDesc>
    <profileDesc>
      <!-- informations non bibliographiques sur le document encod&#233; 
           cet &#233;l&#233;ment l&#224; sera compl&#233;t&#233; par:
           - un tei:particDesc, qui d&#233;crit tout.es les personnes ayant &#233;crit
             ou re&#231;u des lettres dans le corpus Matsutaka
           - un tei:settingDesc, qui d&#233;crit tous les lieux d'exp&#233;dition/destination
             des lettres du corpus Matsutaka
           ces &#233;l&#233;ments seront rajout&#233; dans le notebook du cours.
      -->
      <correspDesc>
        <!-- description de la correspondance -->
        <correspAction type="sent">
          <persName>Lehallier Auprat&#176;</persName>
          <placeName>S&#232;vres</placeName>
          <date when="1921-09-09">1921-09-09</date>
        </correspAction>
        <correspAction type="received">
          <persName>L&#233;once B&#233;n&#233;dite</persName>
          <placeName>Paris</placeName>
        </correspAction>
      </correspDesc>
    </profileDesc>
  </teiHeader>
  <text>
    <!-- le corps du texte. il peut comporter un tei:front et un tei:back
         et doit comporter un tei:body, comprenant le corps du texte -->
    <body>
      <!-- le corps du texte -->
      <opener>
        <salute>Mon Cher Conservateur et Ami, </salute>
      </opener>
      <p>J&#8217;ai eu la visite de votre ami M. Matsukata, homme fort intelligent et d&#8217;agr&#233;able commerce, auquel je me suis fait un plaisir de faire visiter la Manufacture. Il m&#8217;a fait part de son intention de nous commander un service de table et un service &#224; th&#233;, en me priant de m&#8217;entendre avec vous pour le choix des mod&#232;les que nous mettrions en fabrication &#224; son intention. Voudriez-vous me faire le plaisir de venir &#224; S&#232;vres d&#233;jeuner avec moi, Mercredi ou Jeudi prochain ; nous nous occuperions ensemble de cette affaire, en sorte que je puisse, lorsque M. Matsukata repassera &#224; Paris, lui soumettre les mod&#232;les que nous aurons d&#8217;un commun accord choisis &#224; son intention.</p>
      <closer>
        <salute>Recevez, je vous prie, Mon Cher Conservateur et ami, l&#8217;expression de mes sentiments bien d&#233;vou&#233;s</salute>
      </closer>
    </body>
  </text>
</TEI>
