<?xml-model href="http://www.tei-c.org/release/xml/tei/custom/schema/relaxng/tei_all.rng" type="application/xml" schematypens="http://relaxng.org/ns/structure/1.0"?>
<?xml-model href="http://www.tei-c.org/release/xml/tei/custom/schema/relaxng/tei_all.rng" type="application/xml"
	schematypens="http://purl.oclc.org/dsdl/schematron"?>
<TEI xmlns="http://www.tei-c.org/ns/1.0" xml:id="L&#233;onceB&#233;n&#233;dite_KojiroMatsukata_19230306_-4574216028309823216">
  <!-- le document XML, dans sa forme actuelle, n'est pas valide selon la syntaxe TEI:
       la structure d&#233;finie ici devrait contenir d'autres &#233;l&#233;ments -->
  <teiHeader>
    <!-- l'en-t&#234;te de notre document, contenant les m&#233;tadonn&#233;es -->
    <fileDesc>
      <!-- description du fichier encod&#233; et de sa source -->
      <titleStmt>
        <!-- titre du document -->
        <title>Liste typographi&#233;e envoy&#233;e &#224; Matsukata ( ?). </title>
        <author>L&#233;once B&#233;n&#233;dite</author>
        <respStmt>
          <resp>Production et pr&#233;paration du texte brut</resp>
          <persName>L&#233;a Saint-Raymond</persName>
        </respStmt>
        <respStmt>
          <resp>Transformation automatique du texte brut vers le XML-TEI</resp>
          <persName>Les participant.e.s &#224; l'atelier "Mod&#233;liser et exploiter des corpus textuels" (ENS-PSL, campus d'Ulm)</persName>
        </respStmt>
      </titleStmt>
      <publicationStmt>
        <!-- informations sur le document XML encod&#233; -->
        <publisher>ENS-PSL</publisher>
        <pubPlace>Paris (France)</pubPlace>
        <date>2023-03-26 16:02:14.417558</date>
      </publicationStmt>
      <sourceDesc>
        <!-- informations sur la source: la lettre que l'on encode -->
        <bibl type="liste">
          <author>L&#233;once B&#233;n&#233;dite</author>
          <title>Liste typographi&#233;e envoy&#233;e &#224; Matsukata ( ?). </title>
          <date>1923-03-06</date>
          <msIdentifier>
            <institution>INHA</institution>
            <idno>INHA 200</idno>
          </msIdentifier>
        </bibl>
      </sourceDesc>
    </fileDesc>
    <encodingDesc>
      <!-- informations sur l'encodage :
           - tei:editorialDecl, d&#233;crivant la m&#233;thode de production du document XML 
           - tei:projectDesc, contexte de production du XML 
      -->
      <editorialDecl>
        <p>Production de l'encodage XML r&#233;alis&#233;e automatiquement avec la librairie LXML de Python &#224; partir d'une version en texte brut de la correspondance de Matsukata</p>
      </editorialDecl>
      <projectDesc>
        <p>L'atelier "Mod&#233;liser et exploiter des corpus textuels" a donn&#233; lieu &#224; cet encodage.</p>
      </projectDesc>
    </encodingDesc>
    <profileDesc>
      <!-- informations non bibliographiques sur le document encod&#233; 
           cet &#233;l&#233;ment l&#224; sera compl&#233;t&#233; par:
           - un tei:particDesc, qui d&#233;crit tout.es les personnes ayant &#233;crit
             ou re&#231;u des lettres dans le corpus Matsutaka
           - un tei:settingDesc, qui d&#233;crit tous les lieux d'exp&#233;dition/destination
             des lettres du corpus Matsutaka
           ces &#233;l&#233;ments seront rajout&#233; dans le notebook du cours.
      -->
      <correspDesc>
        <!-- description de la correspondance -->
        <correspAction type="sent">
          <persName>L&#233;once B&#233;n&#233;dite</persName>
          <placeName>Paris</placeName>
          <date when="1923-03-06">1923-03-06</date>
        </correspAction>
        <correspAction type="received">
          <persName>Kojiro Matsukata</persName>
          <placeName>Kobe</placeName>
        </correspAction>
      </correspDesc>
    </profileDesc>
  </teiHeader>
  <text>
    <!-- le corps du texte. il peut comporter un tei:front et un tei:back
         et doit comporter un tei:body, comprenant le corps du texte -->
    <body>
      <!-- le corps du texte -->
      <p>53. Camille Pissarro _ Seinen ved Marly&#8230; fr. 30 000</p>
      <p>55. Camille Pissarro _ En Kokkenhave i Pontoise, Vincersoi&#8230; 40 000</p>
      <p>56. Camille Pissarro _ Hosten&#8230; 22 000</p>
      <p>60. Camille Pissarro _ Havnen ved Rouen&#8230; 25 000</p>
      <p>64. Edouard Manet _ Selvportroet &#8230; 145 000</p>
      <p>77. Fantin-Latour_ Selvportroet &#8230; 40 000</p>
      <p>78. Fantin-Latour _ Roser I et Glao &#8230; 20 000</p>
      <p>80. Alfred Sisley_ Ved en Have I Louveciennes &#8230; 40 000</p>
      <p>84. Alfred Sisley_ Efteraar ved Seinen &#8230; 18 000 </p>
      <p>85. Alfred Sisley_Ved Seinen I Graavejt &#8230; 18 000</p>
      <p>88. Alfred Sisley_ Bourgogne-Slusen i Loing-Kanalen &#8230; 25 000</p>
      <p>89. Alfred Sisley_ Byen Moret&#8230; 35 0000</p>
      <p>93. Paul C&#233;zanne_ Portroet af en ung Mand med en Bog I Haaenden &#8230; 110 000</p>
      <p>97. Claude Monet_ Vetheuil. Sent Eftermiddagslys&#8230; 80 000</p>
      <p>98. Claude Monet_ Parc Monceau&#8230; 35 000</p>
      <p>99. Claude Monet_ Hostakkene&#8230;  50 000</p>
      <p>100. Claude Monet_ Klipperne ved Port Coton, Belle Isle, Regn og Storm&#8230; 40 000</p>
      <p>102. Claude Monet_ Oversvommelsen&#8230; 80 000</p>
      <p>123. Paul Gauguin_ Bondegaard i Bretagne&#8230; 15 000</p>
      <p>131. Paul Gauguin_ Fra Sydhavsoerne&#8230; 100 000</p>
      <p>132. Paul Gauguin_ To Tahitierinder&#8230; 50 000</p>
      <p>___ Ialt : frs. 1 018 000</p>
      <p>[au crayon : prix Hansen 1 018 000 fr ; demand&#233; par moi &#224; 958 000]</p>
    </body>
  </text>
</TEI>
