<?xml-model href="http://www.tei-c.org/release/xml/tei/custom/schema/relaxng/tei_all.rng" type="application/xml" schematypens="http://relaxng.org/ns/structure/1.0"?>
<?xml-model href="http://www.tei-c.org/release/xml/tei/custom/schema/relaxng/tei_all.rng" type="application/xml"
	schematypens="http://purl.oclc.org/dsdl/schematron"?>
<TEI xmlns="http://www.tei-c.org/ns/1.0" xml:id="L&#233;onceB&#233;n&#233;dite_KojiroMatsukata_19200630_-6841636596507991009">
  <!-- le document XML, dans sa forme actuelle, n'est pas valide selon la syntaxe TEI:
       la structure d&#233;finie ici devrait contenir d'autres &#233;l&#233;ments -->
  <teiHeader>
    <!-- l'en-t&#234;te de notre document, contenant les m&#233;tadonn&#233;es -->
    <fileDesc>
      <!-- description du fichier encod&#233; et de sa source -->
      <titleStmt>
        <!-- titre du document -->
        <title>Brouillon de lettre, manuscrit, de B&#233;n&#233;dite &#224; Matsukata, en fran&#231;ais sur papier &#224; en-t&#234;te American YMCA, &#171; On active service with the American Expeditionary force &#187;. </title>
        <author>L&#233;once B&#233;n&#233;dite</author>
        <respStmt>
          <resp>Production et pr&#233;paration du texte brut</resp>
          <persName>L&#233;a Saint-Raymond</persName>
        </respStmt>
        <respStmt>
          <resp>Transformation automatique du texte brut vers le XML-TEI</resp>
          <persName>Les participant.e.s &#224; l'atelier "Mod&#233;liser et exploiter des corpus textuels" (ENS-PSL, campus d'Ulm)</persName>
        </respStmt>
      </titleStmt>
      <publicationStmt>
        <!-- informations sur le document XML encod&#233; -->
        <publisher>ENS-PSL</publisher>
        <pubPlace>Paris (France)</pubPlace>
        <date>2023-03-26 16:02:14.304553</date>
      </publicationStmt>
      <sourceDesc>
        <!-- informations sur la source: la lettre que l'on encode -->
        <bibl type="brouillon">
          <author>L&#233;once B&#233;n&#233;dite</author>
          <title>Brouillon de lettre, manuscrit, de B&#233;n&#233;dite &#224; Matsukata, en fran&#231;ais sur papier &#224; en-t&#234;te American YMCA, &#171; On active service with the American Expeditionary force &#187;. </title>
          <date>1920-06-30</date>
          <msIdentifier>
            <institution>INHA</institution>
            <idno>INHA 64-66</idno>
          </msIdentifier>
        </bibl>
      </sourceDesc>
    </fileDesc>
    <encodingDesc>
      <!-- informations sur l'encodage :
           - tei:editorialDecl, d&#233;crivant la m&#233;thode de production du document XML 
           - tei:projectDesc, contexte de production du XML 
      -->
      <editorialDecl>
        <p>Production de l'encodage XML r&#233;alis&#233;e automatiquement avec la librairie LXML de Python &#224; partir d'une version en texte brut de la correspondance de Matsukata</p>
      </editorialDecl>
      <projectDesc>
        <p>L'atelier "Mod&#233;liser et exploiter des corpus textuels" a donn&#233; lieu &#224; cet encodage.</p>
      </projectDesc>
    </encodingDesc>
    <profileDesc>
      <!-- informations non bibliographiques sur le document encod&#233; 
           cet &#233;l&#233;ment l&#224; sera compl&#233;t&#233; par:
           - un tei:particDesc, qui d&#233;crit tout.es les personnes ayant &#233;crit
             ou re&#231;u des lettres dans le corpus Matsutaka
           - un tei:settingDesc, qui d&#233;crit tous les lieux d'exp&#233;dition/destination
             des lettres du corpus Matsutaka
           ces &#233;l&#233;ments seront rajout&#233; dans le notebook du cours.
      -->
      <correspDesc>
        <!-- description de la correspondance -->
        <correspAction type="sent">
          <persName ref="#leoncebenedite">L&#233;once B&#233;n&#233;dite</persName>
          <placeName ref="#paris">Paris</placeName>
          <date when="1920-06-30">1920-06-30</date>
        </correspAction>
        <correspAction type="received">
          <persName ref="#kojiromatsukata">Kojiro Matsukata</persName>
          <placeName ref="#kobe">Kobe</placeName>
        </correspAction>
      </correspDesc>
      <settingDesc>
        <listPlace>
          <place xml:id="kobe">
            <placeName>Kobe</placeName>
            <location>
              <geo>135.1943764 34.6932379</geo>
            </location>
          </place>
          <place xml:id="paris">
            <placeName>Paris</placeName>
            <location>
              <geo>2.3483915 48.8534951</geo>
            </location>
          </place>
          <place xml:id="londres">
            <placeName>Londres</placeName>
            <location>
              <geo>-0.12765 51.5073359</geo>
            </location>
          </place>
          <place xml:id="na">
            <placeName>NA</placeName>
          </place>
          <place xml:id="abondant">
            <placeName>Abondant</placeName>
            <location>
              <geo>1.4411738 48.7822754</geo>
            </location>
          </place>
          <place xml:id="boulognebillancourt">
            <placeName>Boulogne-Billancourt</placeName>
            <location>
              <geo>2.240206 48.8356649</geo>
            </location>
          </place>
          <place xml:id="newyork">
            <placeName>New York</placeName>
            <location>
              <geo>-74.0060152 40.7127281</geo>
            </location>
          </place>
          <place xml:id="chateauthierry">
            <placeName>Ch&#226;teau-Thierry</placeName>
            <location>
              <geo>3.4027111 49.0457362</geo>
            </location>
          </place>
          <place xml:id="venise">
            <placeName>Venise</placeName>
            <location>
              <geo>12.3345898 45.4371908</geo>
            </location>
          </place>
          <place xml:id="malakoff">
            <placeName>Malakoff</placeName>
            <location>
              <geo>2.3019814 48.8211559</geo>
            </location>
          </place>
          <place xml:id="sevres">
            <placeName>S&#232;vres</placeName>
            <location>
              <geo>2.2127083 48.8247407</geo>
            </location>
          </place>
          <place xml:id="lyon">
            <placeName>Lyon</placeName>
            <location>
              <geo>4.8320114 45.7578137</geo>
            </location>
          </place>
          <place xml:id="nice">
            <placeName>Nice</placeName>
            <location>
              <geo>7.2683912 43.7009358</geo>
            </location>
          </place>
          <place xml:id="bagneresdeluchon">
            <placeName>Bagn&#232;res-de-Luchon</placeName>
            <location>
              <geo>0.5912279 42.7910617</geo>
            </location>
          </place>
          <place xml:id="kobejapon">
            <placeName>Kobe, Japon</placeName>
          </place>
          <place xml:id="prague">
            <placeName>Prague</placeName>
            <location>
              <geo>14.4212535 50.0874654</geo>
            </location>
          </place>
          <place xml:id="deauville">
            <placeName>Deauville</placeName>
            <location>
              <geo>0.0752778 49.36</geo>
            </location>
          </place>
          <place xml:id="hammersmith">
            <placeName>Hammersmith</placeName>
            <location>
              <geo>-0.2236401 51.4920377</geo>
            </location>
          </place>
          <place xml:id="hassocks31sussex">
            <placeName>Hassocks 31, Sussex</placeName>
          </place>
        </listPlace>
      </settingDesc>
      <particDesc>
        <listPerson>
          <person xml:id="kojiromatsukata">
            <persName>Kojiro Matsukata</persName>
          </person>
          <person xml:id="seichinaruse">
            <persName>Seichi Naruse</persName>
          </person>
          <person xml:id="leoncebenedite">
            <persName>L&#233;once B&#233;n&#233;dite</persName>
            <persName>L&#233;once B&#233;n&#233;dite ?</persName>
          </person>
          <person type="PERSON" xml:id="napartic">
            <persName>NA</persName>
            <persName>inconnu</persName>
            <persName>aucun</persName>
          </person>
          <person type="PERSON" xml:id="vizzavona">
            <persName>F. Vizzavona</persName>
          </person>
          <person type="PERSON" xml:id="barbazanges">
            <persName>M. Barbazanges</persName>
          </person>
          <person type="PERSON" xml:id="hioki">
            <persName>Hioki</persName>
          </person>
          <person type="PERSON" xml:id="georgesgrappe">
            <persName>Georges Grappe</persName>
          </person>
          <person type="PERSON" xml:id="havemeyer">
            <persName>Mrs. H. O. Havemeyer</persName>
          </person>
          <person xml:id="banquesuzukic">
            <persName>Banque Suzuki &amp; C&#176;</persName>
            <persName>Banque Suzuki &amp; C&#176; ?</persName>
          </person>
          <person type="PERSON" xml:id="intermediairesdekojiromatsukata">
            <persName>interm&#233;diaires de Kojiro Matsukata ?</persName>
            <persName>interm&#233;diaires de Kojiro Matsukata</persName>
            <persName>Interm&#233;diaires de Kojiro Matsukata</persName>
          </person>
          <person type="PERSON" xml:id="georgesbernheim">
            <persName>Georges Bernheim</persName>
          </person>
          <person type="PERSON" xml:id="paulrosenberg">
            <persName>Paul Rosenberg</persName>
          </person>
          <person xml:id="lenarsetcie">
            <persName>A. L&#233;nars et Cie</persName>
          </person>
          <person xml:id="societedetravauxetindustriesmaritimes">
            <persName>Soci&#233;t&#233; de travaux et industries maritimes</persName>
          </person>
          <person type="PERSON" xml:id="amanjean">
            <persName>Aman-Jean</persName>
          </person>
          <person type="PERSON" xml:id="rosabenedite">
            <persName>Rosa B&#233;n&#233;dite ?</persName>
            <persName>Rosa B&#233;n&#233;dite</persName>
          </person>
          <person type="PERSON" xml:id="andredezarrois">
            <persName>Andr&#233; Dezarrois</persName>
          </person>
          <person type="PERSON" xml:id="rudier">
            <persName>A. Rudier</persName>
          </person>
          <person type="PERSON" xml:id="joshessel">
            <persName>Jos Hessel</persName>
          </person>
          <person type="PERSON" xml:id="galeriedruet">
            <persName>Galerie E. Druet</persName>
          </person>
          <person xml:id="galeriesgeorgespetit">
            <persName>Galeries Georges Petit</persName>
          </person>
          <person type="PERSON" xml:id="romolobarzoni">
            <persName>Romolo Barzoni</persName>
          </person>
          <person type="PERSON" xml:id="galeriebarbazanges">
            <persName>Galerie Barbazanges</persName>
          </person>
          <person xml:id="directeurdesbeauxarts">
            <persName>Directeur des Beaux-Arts</persName>
          </person>
          <person type="PERSON" xml:id="ftempelaere">
            <persName>F . &amp; J. Tempelaere</persName>
          </person>
          <person type="PERSON" xml:id="edmonddavis">
            <persName>Edmond Davis</persName>
          </person>
          <person type="PERSON" xml:id="bernheimjeuneetcie">
            <persName>Bernheim Jeune et Cie</persName>
          </person>
          <person type="PERSON" xml:id="eugenerudier">
            <persName>Eug&#232;ne Rudier</persName>
          </person>
          <person type="PERSON" xml:id="lehallierauprat">
            <persName>Lehallier Auprat&#176;</persName>
          </person>
          <person xml:id="directeurgeneraldesbeauxarts">
            <persName>Directeur G&#233;n&#233;ral des Beaux-Arts</persName>
          </person>
          <person type="PERSON" xml:id="dreveton">
            <persName>Em. Dreveton</persName>
          </person>
          <person type="PERSON" xml:id="etienneclementel">
            <persName>Etienne Clementel</persName>
          </person>
          <person type="PERSON" xml:id="takahatarepresentantdekojiromatsukata">
            <persName>M. Takahata, repr&#233;sentant de Kojiro Matsukata</persName>
          </person>
          <person type="PERSON" xml:id="knoedler">
            <persName>Knoedler</persName>
          </person>
          <person type="PERSON" xml:id="tirant">
            <persName>M. Tirant</persName>
          </person>
          <person type="PERSON" xml:id="madameclemenceau">
            <persName>Madame Clemenceau</persName>
          </person>
          <person xml:id="yamanakaandc">
            <persName>Yamanaka and C&#176;</persName>
          </person>
          <person xml:id="frankbrangwyn">
            <persName>Frank Brangwyn</persName>
          </person>
        </listPerson>
        <listOrg>
          <org type="FAC" xml:id="museedulouvre">
            <orgName>Mus&#233;e du Louvre</orgName>
          </org>
          <org type="ORG" xml:id="compagniealgerienne">
            <orgName>Compagnie alg&#233;rienne</orgName>
          </org>
          <org type="ORG" xml:id="museerodin">
            <orgName>Mus&#233;e Rodin</orgName>
          </org>
          <org type="ORG" xml:id="galeriesbernheimjeuneetcie">
            <orgName>Galeries Bernheim Jeune et Cie</orgName>
          </org>
          <org type="FAC" xml:id="ambassadedujaponaparis">
            <orgName>Ambassade du Japon &#224; Paris</orgName>
          </org>
          <org type="WORK_OF_ART" xml:id="presse">
            <orgName>Presse</orgName>
          </org>
          <org type="ORG" xml:id="speciebankdeyokohama">
            <orgName>Specie Bank de Yokohama</orgName>
          </org>
          <org type="GPE" xml:id="expositiondartfrancaisaprague">
            <orgName>Exposition d&#8217;Art Fran&#231;ais &#224; Prague</orgName>
          </org>
        </listOrg>
      </particDesc>
    </profileDesc>
  </teiHeader>
  <text>
    <!-- le corps du texte. il peut comporter un tei:front et un tei:back
         et doit comporter un tei:body, comprenant le corps du texte -->
    <body>
      <!-- le corps du texte -->
      <opener>
        <salute>Cher M. Matsukata, </salute>
      </opener>
      <p>J&#8217;ai bien re&#231;u vos 2 lettres et j&#8217;ai quelque confusion d&#8217;avoir tard&#233; &#224; r&#233;pondre &#224; la premi&#232;re. </p>
      <p>Dans tous les cas, je r&#233;ponds d&#8217;ensemble &#224; toutes les deux. Je commence par vous remercier de l&#8217;invitation que vous voulez bien me faire d&#8217;assister &#224; l&#8217;inauguration du Mus&#233;e Matsukata. Si les circonstances le permettent, je vous assure que je ne manquerai pas de l&#8217;accepter. J&#8217;ai une trop grande envie d&#8217;aller voir ce pays merveilleux qui a tant fait travailler nos imaginations occidentales. Et les chefs-d&#8217;&#339;uvre ont enrichi nos inspirations. Vous pensez qu&#8217;&#224; notre tour notre art et nos grands artistes peuvent donner des conseils utiles &#224; vos artistes et former le go&#251;t des artisans, je le souhaite fort et ce serait un grand honneur pour eux s&#8217;ils y pouvaient r&#233;ussir. </p>
      <p>L&#8217;honneur que vous faites &#224; notre &#201;cole m&#8217;attache tout particuli&#232;rement &#224; vous seconder de tout mon pouvoir et de tout mon c&#339;ur dans l&#8217;&#339;uvre que vous voulez accomplir. Je pense vous avoir remis jusqu&#8217;&#224; pr&#233;sent un certain nombre de pi&#232;ces qui ont valeur d&#8217;art et dans des conditions particuli&#232;rement avantageuses, au point de vue des achats. Je n&#8217;osais gu&#232;re jusqu&#8217;&#224; ce jour m&#8217;aventurer plus loin hors des noms que nous avions fix&#233;s ensemble et je mettais une r&#233;serve naturelle &#224; ne pas vous pousser entra&#238;ner &#224; des d&#233;penses qui puissent exc&#233;der le chiffre de 12000 francs que vous aviez mis &#224; ma disposition pour le paiement des Rodin et pour votre collection de peintures. </p>
      <p>Puisque vous m&#8217;autorisez et puisque vous b&#233;n&#233;ficiez actuellement des avantages formidables du change, je vais toujours avec prudence d&#8217;ailleurs compl&#233;ter votre collection dans le sens que vous m&#8217;indiquez. Je devais aller chez Claude Monet, ce lundi de P&#226;ques, mais il a &#233;t&#233; souffrant et a remis notre rendez-vous au lundi de la Pentec&#244;te qui est tr&#232;s prochain, c&#8217;est-&#224;-dire le 24 de ce mois. Il est pr&#233;venu du choix que je dois faire chez lui de tableaux pour votre mus&#233;e. Je ne crois pas qu&#8217;il soit possible de mettre moins de 30 000 francs pour une toile. </p>
      <p>Quant &#224; Renoir, dont je dois faire l&#8217;exposition au printemps prochain, les h&#233;ritiers ne veulent faire aucune vente avant l&#8217;ann&#233;e prochaine, l&#8217;un des fils &#233;tant encore mineur, mais je ne d&#233;sesp&#232;re pas de faire quelque acquisition auparavant, les prix cependant restent de ce c&#244;t&#233; tr&#232;s &#233;lev&#233;s. </p>
      <p>Pour Carri&#232;re qui est mort depuis 13 ans et qui a &#233;t&#233; mon ami, c&#8217;est moi qui ai fait son exposition posthume en 1907, j&#8217;ai voulu vous acheter au moins une toile &#224; la vente r&#233;cente de son atelier au sujet de laquelle vous avez vu mon article dans la Rev l&#8217;A A &amp; M. Les prix ont &#233;t&#233; si &#233;lev&#233;s que je n&#8217;ai pas os&#233; suivre les ench&#232;res, mais puisque vous le d&#233;sirez, je vais voir aupr&#232;s de la famille ou des amis. </p>
      <p>Je compl&#232;terai vos achats pour Aman Jean et j&#8217;ai bien l&#8217;intention de m&#8217;adresser &#224; Maurice Denis qui est un grand artiste et un de mes amis. Je vais d&#8217;ailleurs faire une tourn&#233;e aux Salons pour relever les ouvrages qui pourraient dignement figurer dans votre collection. C&#8217;est une grande satisfaction pour moi de pr&#233;parer ainsi librement un mus&#233;e selon mes id&#233;es, d&#8217;apr&#232;s le go&#251;t d&#8217;un vrai amateur d&#8217;art &#233;clair&#233; et g&#233;n&#233;reux. </p>
      <p>En ce qui concerne le mus&#233;e Rodin, les reproductions que vous avez command&#233;es sont tr&#232;s avanc&#233;es. Sur les 6 bourgeois de Calais. Il y en a d&#233;j&#224; 3 de fondus, les 3 autres sont en train. </p>
      <p>On met en train &#233;galement le St Jean Baptiste, la m&#233;ditation et l&#8217;Orph&#233;e. Ce sont les derni&#232;res pi&#232;ces qui restent &#224; faire. Je m&#8217;en suis tenu l&#224; jusqu&#8217;&#224; ce jour, puisque ces sujets ont &#233;t&#233; d&#233;sign&#233;s par vous-m&#234;me. Il y aurait eu peut-&#234;tre int&#233;r&#234;t &#224; apporter &#224; cet ensemble quelques autres pi&#232;ces in&#233;dites &#233;tant donn&#233;s les avantages momentan&#233;s que vous avez gr&#226;ce au change. Mais je ne veux rien faire dans ce sens sans votre autorisation pr&#233;cise. Il y a en particulier un grand projet dont je crois devoir vous entretenir.</p>
      <p>On m&#8217;a propos&#233; du c&#244;t&#233; am&#233;ricain d&#8217;acqu&#233;rir une reproduction en bronze de la Porte de l&#8217;Enfer en m&#8217;offrant en &#233;change de payer l&#8217;ex&#233;cution compl&#232;te de l&#8217;exemplaire qui resterait au Mus&#233;e Rodin et de mani&#232;re qu&#8217;il n&#8217;y ait que ces 2 exemplaires au monde. On n&#8217;a pas trouv&#233; &#224; ce moment ce que f&#251;t un avantage suffisant pour le mus&#233;e Rodin et je n&#8217;ai pas r&#233;pondu &#224; cette proposition. Je vous la signale pour le cas o&#249; cela pourrait vous int&#233;resser de votre c&#244;t&#233;. La Porte de l&#8217;Enfer est l&#8217;&#339;uvre capitale et unique de Rodin dans ses 186 figures, elle r&#233;sume toute la puissance et toute la gr&#226;ce de son g&#233;nie. Il avait r&#234;v&#233; que les montants et le fronton fussent ex&#233;cut&#233;s en marbre et le centre en bronze. Aujourd&#8217;hui, je crois qu&#8217;il faudrait ex&#233;cuter le tout en bronze. Ce travail formidable de fonte s&#8217;&#233;l&#232;verait n&#233;cessairement &#224; un prix tr&#232;s &#233;lev&#233;. Je crois qu&#8217;il faudrait compter pour chacune des portes reproductions fontes un somme d&#8217;environ 250 &#224; 300 000 francs, en tout pour les 2 par suite ce serait une somme de 500 &#224; 600 000 fr. Etant donn&#233; le taux actuel du change, ce ne serait donc que la &#189; pour une commande pay&#233;e en lire [illisible]. Au cas o&#249; cette suggestion conviendrait, veuillez bien m&#8217;en aviser aussit&#244;t pour que je fasse mettre en &#233;tat les moules qui apr&#232;s ces travaux seraient d&#233;truits.</p>
      <p>Je compte partir au moins de septembre en Am&#233;rique avec ma fille [ ? illisible]. J&#8217;esp&#232;re qbien que si vous venez en France cet &#233;t&#233; comme vous me le faisiez esp&#233;rer, ce serait avant mon d&#233;part. Le r&#234;ve serait que ma fille et moi puissions aller de San Francisco pour vous dire bonjour &#224; Kob&#233;. Mais c&#8217;est si loin qu&#8217;on ne peut que r&#234;ver et qu&#8217;on n&#8217;est s&#251;r de rien. Je suis si sensible &#224; la pens&#233;e que vous avez de me faire accorder une distinction honorifique du Japon, ce serait certainement la plus flatteuse que j&#8217;aurais re&#231;ue de ma vie : ce ne serait d&#8217;ailleurs qu&#8217;&#224; titre d&#8217;&#233;change car le gouvernement fran&#231;ais ne saurait trop faire pour reconna&#238;tre les services &#233;minents que vous rendez en &#233;tendant le rayonnement du g&#233;nie fran&#231;ais dans les limites lointaines de l&#8217;Empire du Levant.</p>
      <closer>
        <salute>Ma fille se joint &#224; moi pour vous envoyer ses meilleurs souvenirs. Mon Lt Dezarrois vous fait tous ses compliments. </salute>
      </closer>
    </body>
  </text>
</TEI>
