<?xml-model href="http://www.tei-c.org/release/xml/tei/custom/schema/relaxng/tei_all.rng" type="application/xml" schematypens="http://relaxng.org/ns/structure/1.0"?>
<?xml-model href="http://www.tei-c.org/release/xml/tei/custom/schema/relaxng/tei_all.rng" type="application/xml"
	schematypens="http://purl.oclc.org/dsdl/schematron"?>
<TEI xmlns="http://www.tei-c.org/ns/1.0" xml:id="L&#233;onceB&#233;n&#233;dite_KojiroMatsukata_19210220_-1573628860186470505">
  <!-- le document XML, dans sa forme actuelle, n'est pas valide selon la syntaxe TEI:
       la structure d&#233;finie ici devrait contenir d'autres &#233;l&#233;ments -->
  <teiHeader>
    <!-- l'en-t&#234;te de notre document, contenant les m&#233;tadonn&#233;es -->
    <fileDesc>
      <!-- description du fichier encod&#233; et de sa source -->
      <titleStmt>
        <!-- titre du document -->
        <title>Brouillon de lettre manuscrite sur papier &#224; en-t&#234;te de Park Avenue H&#244;tel, Park avenue, 32nd and 33rd streets, New York, de L&#233;once B&#233;n&#233;dite &#224; Matsukata. </title>
        <author>L&#233;once B&#233;n&#233;dite</author>
        <respStmt>
          <resp>Production et pr&#233;paration du texte brut</resp>
          <persName>L&#233;a Saint-Raymond</persName>
        </respStmt>
        <respStmt>
          <resp>Transformation automatique du texte brut vers le XML-TEI</resp>
          <persName>Les participant.e.s &#224; l'atelier "Mod&#233;liser et exploiter des corpus textuels" (ENS-PSL, campus d'Ulm)</persName>
        </respStmt>
      </titleStmt>
      <publicationStmt>
        <!-- informations sur le document XML encod&#233; -->
        <publisher>ENS-PSL</publisher>
        <pubPlace>Paris (France)</pubPlace>
        <date>2023-03-26 16:02:14.320835</date>
      </publicationStmt>
      <sourceDesc>
        <!-- informations sur la source: la lettre que l'on encode -->
        <bibl type="brouillon">
          <author>L&#233;once B&#233;n&#233;dite</author>
          <title>Brouillon de lettre manuscrite sur papier &#224; en-t&#234;te de Park Avenue H&#244;tel, Park avenue, 32nd and 33rd streets, New York, de L&#233;once B&#233;n&#233;dite &#224; Matsukata. </title>
          <date>1921-02-20</date>
          <msIdentifier>
            <institution>INHA</institution>
            <idno>INHA 89, 90</idno>
          </msIdentifier>
        </bibl>
      </sourceDesc>
    </fileDesc>
    <encodingDesc>
      <!-- informations sur l'encodage :
           - tei:editorialDecl, d&#233;crivant la m&#233;thode de production du document XML 
           - tei:projectDesc, contexte de production du XML 
      -->
      <editorialDecl>
        <p>Production de l'encodage XML r&#233;alis&#233;e automatiquement avec la librairie LXML de Python &#224; partir d'une version en texte brut de la correspondance de Matsukata</p>
      </editorialDecl>
      <projectDesc>
        <p>L'atelier "Mod&#233;liser et exploiter des corpus textuels" a donn&#233; lieu &#224; cet encodage.</p>
      </projectDesc>
    </encodingDesc>
    <profileDesc>
      <!-- informations non bibliographiques sur le document encod&#233; 
           cet &#233;l&#233;ment l&#224; sera compl&#233;t&#233; par:
           - un tei:particDesc, qui d&#233;crit tout.es les personnes ayant &#233;crit
             ou re&#231;u des lettres dans le corpus Matsutaka
           - un tei:settingDesc, qui d&#233;crit tous les lieux d'exp&#233;dition/destination
             des lettres du corpus Matsutaka
           ces &#233;l&#233;ments seront rajout&#233; dans le notebook du cours.
      -->
      <correspDesc>
        <!-- description de la correspondance -->
        <correspAction type="sent">
          <persName>L&#233;once B&#233;n&#233;dite</persName>
          <placeName>New York</placeName>
          <date when="1921-02-20">1921-02-20</date>
        </correspAction>
        <correspAction type="received">
          <persName>Kojiro Matsukata</persName>
          <placeName>Kobe</placeName>
        </correspAction>
      </correspDesc>
    </profileDesc>
  </teiHeader>
  <text>
    <!-- le corps du texte. il peut comporter un tei:front et un tei:back
         et doit comporter un tei:body, comprenant le corps du texte -->
    <body>
      <!-- le corps du texte -->
      <opener>
        <salute>C/o Miss Emmet, 120 East 34th Street, New York City. </salute>
      </opener>
      <p>Dear Mr Matsukata, </p>
      <p>I received your two letters, the one Dec 4th addressed to my daughter and the one from Jan 10th to me and they forwarded me another one dated Nov 4th from France. Thank you so much too for your cable. They have been received at a very short distance one from the other because of my trip in the East : the second was half burned on the boat. </p>
      <p>Nous avons bien pris part au deuil si cruel qui vous a frapp&#233; et nous vous en exprimons ma fille et moi toutes nos sympathies. Nous avons &#233;t&#233; &#233;galement tr&#232;s affect&#233;s d&#8217;apprendre que vous avez &#233;t&#233; malade. Votre derni&#232;re lettre cependant nous a rassur&#233;s. </p>
      <p>Pour [illisible] malheureusement j&#8217;ai d&#251; rester 2 mois &#224; l&#8217;h&#244;pital. J&#8217;ai pu n&#233;anmoins depuis faire ma journ&#233;e de conf&#233;rence dans l&#8217;Est sans trop de fatigue et nous voici retourn&#233;s &#224; New York o&#249; nous resterons encore vraisemblablement jusqu&#8217;&#224; la mi mars. </p>
      <p>Je vous remercie encore de toutes vos bonnes pens&#233;es &#224; mon &#233;gard mais c&#8217;est un point d&#8217;honneur de ma part, je vous l&#8217;ai toujours dit, de r&#233;pondre &#224; votre confiance et de vous aider &#224; former ce mus&#233;e fran&#231;ais. </p>
      <p>D&#232;s ma rentr&#233;e &#224; Paris, je verrai Maurice Denis et lui rappellerai sa promesse de m[illisible] pour le sculpteur Dard&#233;.</p>
      <p>Quant &#224; Claude Monet, je suis heureux qu&#8217;il consente &#224; vous c&#233;der plusieurs toiles de son atelier. Kojima que je connais est un jeune artiste s&#233;rieux et intelligent mais je d&#233;sirerais choisir moi-m&#234;me les 2 ou 3 pi&#232;ces en arrangeant avec Claude Monet pour un don important qu&#8217;il fait &#224; l&#8217;&#201;tat fran&#231;ais. J&#8217;ai vu &#224; New York M. Durand-Ruel. Je lui ai reparl&#233; du Pauvre P&#234;cheur de Puvis de Chavannes dont je vous ai entretenu. C&#8217;est une r&#233;p&#233;tition tr&#232;s importante du tableau du Luxembourg et une pi&#232;ce capitale du mus&#233;e M&#233;tropolitain de New York d&#233;sire l&#8217;acqu&#233;rir. Des proportions ont &#233;t&#233; faits arr&#234;t&#233;s par les lenteurs administratives. </p>
      <p>Le prix demand&#233; par Durand-Ruel est de 30 000 dollars. Je ne sais si le prix ne vous effraierait pas mais les &#339;uvres de Puvis de Chavannes sont extr&#234;mement rares ; toute son &#339;uvre &#233;tant &#224; peu pr&#232;s enti&#232;rement fix&#233;e dans les mus&#233;es. </p>
      <p>Quant &#224; Renoir, M. Durand-Ruel qui a apport&#233; &#224; New York ses plus belles pi&#232;ces &#224; cause de la loi fran&#231;aise pour les prohibitions m&#8217;a pr&#233;sent&#233; 2 tr&#232;s importants tableaux du ma&#238;tre. Comme vous m&#8217;annoncez votre venue en Europe pour le mois de mars, si comme je le pense vous traversez New York, vous pourriez peut-&#234;tre les examiner : le prix est si consid&#233;rable que je n&#8217;oserais pas prendre une d&#233;cision personnellement. </p>
      <p>Je vous envoie d&#8217;ailleurs la lettre de Durand-Ruel ce propos. Je note que vous pourrions peut-&#234;tre nous trouver ici avant votre d&#233;part puisque le n&#244;tre est tr&#232;s probablement fix&#233; au 17 mars. Ce serait pour nous un tr&#232;s vif plaisir de nous retrouver un peu plus t&#244;t tout en me r&#233;jouissant de vous montrer vos acquisitions &#224; Paris. </p>
      <p>Je vous remercie de vouloir bien m&#8217;inviter &#224; venir vous visiter au Japon. Certes si ma sant&#233; me le permettait, ce serait la r&#233;alisation d&#8217;un des plus chers r&#234;ves de ma vie. Je souhaite qu&#8217;il puisse s&#8217;accomplir. </p>
      <closer>
        <salute>Ma fille vous adresse ses meilleurs souvenirs. Elle porte toujours avec reconnaissance le joli bijou de jade que vous lui avez donn&#233; &#224; Londres et dont elle pense qu&#8217;elle ne vous a jamais dit comme elle le voulait tant le plaisir que vous lui avez fait.</salute>
        <signed>Votre toujours tout d&#233;vou&#233;, L.B.</signed>
      </closer>
    </body>
  </text>
</TEI>
