<?xml-model href="http://www.tei-c.org/release/xml/tei/custom/schema/relaxng/tei_all.rng" type="application/xml" schematypens="http://relaxng.org/ns/structure/1.0"?>
<?xml-model href="http://www.tei-c.org/release/xml/tei/custom/schema/relaxng/tei_all.rng" type="application/xml"
	schematypens="http://purl.oclc.org/dsdl/schematron"?>
<TEI xmlns="http://www.tei-c.org/ns/1.0" xml:id="L&#233;onceB&#233;n&#233;dite_BanqueSuzukiC_19211124_-685452462967866424">
  <!-- le document XML, dans sa forme actuelle, n'est pas valide selon la syntaxe TEI:
       la structure d&#233;finie ici devrait contenir d'autres &#233;l&#233;ments -->
  <teiHeader>
    <!-- l'en-t&#234;te de notre document, contenant les m&#233;tadonn&#233;es -->
    <fileDesc>
      <!-- description du fichier encod&#233; et de sa source -->
      <titleStmt>
        <!-- titre du document -->
        <title>Note manuscrite de B&#233;n&#233;dite &#224; Suzuki &amp; Co. </title>
        <author>L&#233;once B&#233;n&#233;dite</author>
        <respStmt>
          <resp>Production et pr&#233;paration du texte brut</resp>
          <persName>L&#233;a Saint-Raymond</persName>
        </respStmt>
        <respStmt>
          <resp>Transformation automatique du texte brut vers le XML-TEI</resp>
          <persName>Les participant.e.s &#224; l'atelier "Mod&#233;liser et exploiter des corpus textuels" (ENS-PSL, campus d'Ulm)</persName>
        </respStmt>
      </titleStmt>
      <publicationStmt>
        <!-- informations sur le document XML encod&#233; -->
        <publisher>ENS-PSL</publisher>
        <pubPlace>Paris (France)</pubPlace>
        <date>2023-03-31 03:27:18.442751</date>
      </publicationStmt>
      <sourceDesc>
        <!-- informations sur la source: la lettre que l'on encode -->
        <bibl type="note">
          <author>L&#233;once B&#233;n&#233;dite</author>
          <title>Note manuscrite de B&#233;n&#233;dite &#224; Suzuki &amp; Co. </title>
          <date>1921-11-24</date>
          <msIdentifier>
            <institution>Mus&#233;e Rodin</institution>
            <idno>Mus&#233;e Rodin</idno>
          </msIdentifier>
        </bibl>
      </sourceDesc>
    </fileDesc>
    <encodingDesc>
      <!-- informations sur l'encodage :
           - tei:editorialDecl, d&#233;crivant la m&#233;thode de production du document XML 
           - tei:projectDesc, contexte de production du XML 
      -->
      <editorialDecl>
        <p>Production de l'encodage XML r&#233;alis&#233;e automatiquement avec la librairie LXML de Python &#224; partir d'une version en texte brut de la correspondance de Matsukata</p>
      </editorialDecl>
      <projectDesc>
        <p>L'atelier "Mod&#233;liser et exploiter des corpus textuels" a donn&#233; lieu &#224; cet encodage.</p>
      </projectDesc>
    </encodingDesc>
    <profileDesc>
      <!-- informations non bibliographiques sur le document encod&#233; 
           cet &#233;l&#233;ment l&#224; sera compl&#233;t&#233; par:
           - un tei:particDesc, qui d&#233;crit tout.es les personnes ayant &#233;crit
             ou re&#231;u des lettres dans le corpus Matsutaka
           - un tei:settingDesc, qui d&#233;crit tous les lieux d'exp&#233;dition/destination
             des lettres du corpus Matsutaka
           ces &#233;l&#233;ments seront rajout&#233; dans le notebook du cours.
      -->
      <correspDesc>
        <!-- description de la correspondance -->
        <correspAction type="sent">
          <persName>L&#233;once B&#233;n&#233;dite</persName>
          <placeName>Paris</placeName>
          <date when="1921-11-24">1921-11-24</date>
        </correspAction>
        <correspAction type="received">
          <persName>Banque Suzuki &amp; C&#176;</persName>
          <placeName>Londres</placeName>
        </correspAction>
      </correspDesc>
    </profileDesc>
  </teiHeader>
  <text>
    <!-- le corps du texte. il peut comporter un tei:front et un tei:back
         et doit comporter un tei:body, comprenant le corps du texte -->
    <body>
      <!-- le corps du texte -->
      <p>Suzuki &amp; Co.</p>
      <p>J&#8217;ai l&#8217;honneur de vous faire conna&#238;tre que sur l&#8217;ordre de M. Matsukata, les ouvrages suivants de Rodin ont &#233;t&#233; fondus en bronze et livr&#233;s au mus&#233;e Rodin</p>
      <p>A savoir : </p>
      <p>    &#8226; L&#8217;Ombre : 35 000</p>
      <p>    &#8226; Le femme accroupie (en bronze) : 30 000</p>
      <p>    &#8226; Le p&#232;re de Rodin : 10 000</p>
      <p>    &#8226; Cl&#233;mentel : 10 000</p>
      <p>    &#8226; Jeune femme &#224; la fleur : 15 000</p>
      <p>    &#8226; G&#233;n&#233;ral Lynch &#224; cheval : 18 000</p>
      <p>__ 118 000</p>
      <p>Soit pour la somme de cent dix huit mille francs que je vous serai oblig&#233; de me faire parvenir. </p>
      <p>Ci-joint les certificats de d&#233;p&#244;t.</p>
      <p>24 nov 21.</p>
    </body>
  </text>
</TEI>
