<?xml-model href="http://www.tei-c.org/release/xml/tei/custom/schema/relaxng/tei_all.rng" type="application/xml" schematypens="http://relaxng.org/ns/structure/1.0"?>
<?xml-model href="http://www.tei-c.org/release/xml/tei/custom/schema/relaxng/tei_all.rng" type="application/xml"
	schematypens="http://purl.oclc.org/dsdl/schematron"?>
<TEI xmlns="http://www.tei-c.org/ns/1.0" xml:id="L&#233;onceB&#233;n&#233;dite_interm&#233;diairesdeKojiroMatsukata_19211122_7807592792240429637">
  <!-- le document XML, dans sa forme actuelle, n'est pas valide selon la syntaxe TEI:
       la structure d&#233;finie ici devrait contenir d'autres &#233;l&#233;ments -->
  <teiHeader>
    <!-- l'en-t&#234;te de notre document, contenant les m&#233;tadonn&#233;es -->
    <fileDesc>
      <!-- description du fichier encod&#233; et de sa source -->
      <titleStmt>
        <!-- titre du document -->
        <title>Lettre manuscrite de B&#233;n&#233;dite aux repr&#233;sentants de Matsukata, papier &#224; en-t&#234;te du mus&#233;e Rodin. </title>
        <author>L&#233;once B&#233;n&#233;dite</author>
        <respStmt>
          <resp>Production et pr&#233;paration du texte brut</resp>
          <persName>L&#233;a Saint-Raymond</persName>
        </respStmt>
        <respStmt>
          <resp>Transformation automatique du texte brut vers le XML-TEI</resp>
          <persName>Les participant.e.s &#224; l'atelier "Mod&#233;liser et exploiter des corpus textuels" (ENS-PSL, campus d'Ulm)</persName>
        </respStmt>
      </titleStmt>
      <publicationStmt>
        <!-- informations sur le document XML encod&#233; -->
        <publisher>ENS-PSL</publisher>
        <pubPlace>Paris (France)</pubPlace>
        <date>2023-03-31 03:27:18.441141</date>
      </publicationStmt>
      <sourceDesc>
        <!-- informations sur la source: la lettre que l'on encode -->
        <bibl type="lettre">
          <author>L&#233;once B&#233;n&#233;dite</author>
          <title>Lettre manuscrite de B&#233;n&#233;dite aux repr&#233;sentants de Matsukata, papier &#224; en-t&#234;te du mus&#233;e Rodin. </title>
          <date>1921-11-22</date>
          <msIdentifier>
            <institution>INHA</institution>
            <idno>INHA 123</idno>
          </msIdentifier>
        </bibl>
      </sourceDesc>
    </fileDesc>
    <encodingDesc>
      <!-- informations sur l'encodage :
           - tei:editorialDecl, d&#233;crivant la m&#233;thode de production du document XML 
           - tei:projectDesc, contexte de production du XML 
      -->
      <editorialDecl>
        <p>Production de l'encodage XML r&#233;alis&#233;e automatiquement avec la librairie LXML de Python &#224; partir d'une version en texte brut de la correspondance de Matsukata</p>
      </editorialDecl>
      <projectDesc>
        <p>L'atelier "Mod&#233;liser et exploiter des corpus textuels" a donn&#233; lieu &#224; cet encodage.</p>
      </projectDesc>
    </encodingDesc>
    <profileDesc>
      <!-- informations non bibliographiques sur le document encod&#233; 
           cet &#233;l&#233;ment l&#224; sera compl&#233;t&#233; par:
           - un tei:particDesc, qui d&#233;crit tout.es les personnes ayant &#233;crit
             ou re&#231;u des lettres dans le corpus Matsutaka
           - un tei:settingDesc, qui d&#233;crit tous les lieux d'exp&#233;dition/destination
             des lettres du corpus Matsutaka
           ces &#233;l&#233;ments seront rajout&#233; dans le notebook du cours.
      -->
      <correspDesc>
        <!-- description de la correspondance -->
        <correspAction type="sent">
          <persName>L&#233;once B&#233;n&#233;dite</persName>
          <placeName>Paris</placeName>
          <date when="1921-11-22">1921-11-22</date>
        </correspAction>
        <correspAction type="received">
          <persName>interm&#233;diaires de Kojiro Matsukata ?</persName>
          <placeName>Kobe ?</placeName>
        </correspAction>
      </correspDesc>
    </profileDesc>
  </teiHeader>
  <text>
    <!-- le corps du texte. il peut comporter un tei:front et un tei:back
         et doit comporter un tei:body, comprenant le corps du texte -->
    <body>
      <!-- le corps du texte -->
      <opener>
        <salute>Cher Monsieur, </salute>
      </opener>
      <p>J&#8217;ai l&#8217;honneur de vous faire conna&#238;tre qu&#8217;il a &#233;t&#233; acquis, siot par M. Matsukata directement, soit par moi pour le compte de M. Matsukata, les ouvrages suivants d&#233;pos&#233;s au Mus&#233;e Rodin, pour lesquels je vous adresse ci-inclus, un certificat de d&#233;p&#244;t. </p>
      <p>Paul Paulin. Buste de M. Le S[illisible] 6000 </p>
      <p>Paul Dard&#233;. </p>
      <p>T&#234;te de Christ, pierre, figure originale : 20 000</p>
      <p>T&#234;te de faune &#224; la grappe pierre, figure originale : 15 000</p>
      <p>Forain. La pr&#233;sentation, peinture &#224; l&#8217;huile : 15 000</p>
      <p>Carri&#232;re. Portrait de Clemenceau jeune, peint &#224; l&#8217;huile : 15 000</p>
      <p>Rodin. Les Erynnies, petit groupe de trois figures bronze 35 000</p>
      <p>Rodin. Lion rugissant bronze, 10 500</p>
      <p>Un lot de livres d&#8217;art (Bernheim &#233;diteur) 2657</p>
      <p>Encadrement </p>
      <p>note Roche 1500</p>
      <p>note Pellerin 150</p>
      <p>(timbres quittances, affranchissements, d&#233;placements 1920-1921 : 300)</p>
      <p>___ 121 107. </p>
    </body>
  </text>
</TEI>
