<?xml-model href="http://www.tei-c.org/release/xml/tei/custom/schema/relaxng/tei_all.rng" type="application/xml" schematypens="http://relaxng.org/ns/structure/1.0"?>
<?xml-model href="http://www.tei-c.org/release/xml/tei/custom/schema/relaxng/tei_all.rng" type="application/xml"
	schematypens="http://purl.oclc.org/dsdl/schematron"?>
<TEI xmlns="http://www.tei-c.org/ns/1.0" xml:id="L&#233;onceB&#233;n&#233;dite_interm&#233;diairesdeKojiroMatsukata_19211012_4667395044030723550">
  <!-- le document XML, dans sa forme actuelle, n'est pas valide selon la syntaxe TEI:
       la structure d&#233;finie ici devrait contenir d'autres &#233;l&#233;ments -->
  <teiHeader>
    <!-- l'en-t&#234;te de notre document, contenant les m&#233;tadonn&#233;es -->
    <fileDesc>
      <!-- description du fichier encod&#233; et de sa source -->
      <titleStmt>
        <!-- titre du document -->
        <title>Lettre manuscrite de B&#233;n&#233;dite aux repr&#233;sentants de Matsukata, papier &#224; en-t&#234;te du mus&#233;e Rodin. </title>
        <author>L&#233;once B&#233;n&#233;dite</author>
        <respStmt>
          <resp>Production et pr&#233;paration du texte brut</resp>
          <persName>L&#233;a Saint-Raymond</persName>
        </respStmt>
        <respStmt>
          <resp>Transformation automatique du texte brut vers le XML-TEI</resp>
          <persName>Les participant.e.s &#224; l'atelier "Mod&#233;liser et exploiter des corpus textuels" (ENS-PSL, campus d'Ulm)</persName>
        </respStmt>
      </titleStmt>
      <publicationStmt>
        <!-- informations sur le document XML encod&#233; -->
        <publisher>ENS-PSL</publisher>
        <pubPlace>Paris (France)</pubPlace>
        <date>2023-03-31 03:27:18.434712</date>
      </publicationStmt>
      <sourceDesc>
        <!-- informations sur la source: la lettre que l'on encode -->
        <bibl type="lettre">
          <author>L&#233;once B&#233;n&#233;dite</author>
          <title>Lettre manuscrite de B&#233;n&#233;dite aux repr&#233;sentants de Matsukata, papier &#224; en-t&#234;te du mus&#233;e Rodin. </title>
          <date>1921-10-12</date>
          <msIdentifier>
            <institution>INHA</institution>
            <idno>INHA 112 &#224; 114</idno>
          </msIdentifier>
        </bibl>
      </sourceDesc>
    </fileDesc>
    <encodingDesc>
      <!-- informations sur l'encodage :
           - tei:editorialDecl, d&#233;crivant la m&#233;thode de production du document XML 
           - tei:projectDesc, contexte de production du XML 
      -->
      <editorialDecl>
        <p>Production de l'encodage XML r&#233;alis&#233;e automatiquement avec la librairie LXML de Python &#224; partir d'une version en texte brut de la correspondance de Matsukata</p>
      </editorialDecl>
      <projectDesc>
        <p>L'atelier "Mod&#233;liser et exploiter des corpus textuels" a donn&#233; lieu &#224; cet encodage.</p>
      </projectDesc>
    </encodingDesc>
    <profileDesc>
      <!-- informations non bibliographiques sur le document encod&#233; 
           cet &#233;l&#233;ment l&#224; sera compl&#233;t&#233; par:
           - un tei:particDesc, qui d&#233;crit tout.es les personnes ayant &#233;crit
             ou re&#231;u des lettres dans le corpus Matsutaka
           - un tei:settingDesc, qui d&#233;crit tous les lieux d'exp&#233;dition/destination
             des lettres du corpus Matsutaka
           ces &#233;l&#233;ments seront rajout&#233; dans le notebook du cours.
      -->
      <correspDesc>
        <!-- description de la correspondance -->
        <correspAction type="sent">
          <persName>L&#233;once B&#233;n&#233;dite</persName>
          <placeName>Paris</placeName>
          <date when="1921-10-12">1921-10-12</date>
        </correspAction>
        <correspAction type="received">
          <persName>interm&#233;diaires de Kojiro Matsukata ?</persName>
          <placeName>Kobe ?</placeName>
        </correspAction>
      </correspDesc>
    </profileDesc>
  </teiHeader>
  <text>
    <!-- le corps du texte. il peut comporter un tei:front et un tei:back
         et doit comporter un tei:body, comprenant le corps du texte -->
    <body>
      <!-- le corps du texte -->
      <opener>
        <salute>Cher Monsieur, </salute>
      </opener>
      <p>J&#8217;ai l&#8217;honneur de vous faire conna&#238;tre que M. Matsukata a acquis, lors de son passage &#224; Paris et que j&#8217;ai acquis, en m&#234;me temps pour lui, les ouvrages suivants, d&#233;pos&#233;s au Mus&#233;e Rodin et donc je vous envoie le certificat de d&#233;p&#244;t ci inclus.</p>
      <p>Je vous serai oblig&#233; de m&#8217;en faire parvenir le paiement soit :</p>
      <p>Degas &#8211; portrait de femme 25 000</p>
      <p>Carri&#232;re &#8211; portrait de Mme Carri&#232;re 10 000</p>
      <p>Aman-Jean, t&#234;te de jeune fille 4 000</p>
      <p>Henri Martin : </p>
      <p>Femme nue : 25 000</p>
      <p>Le pont de Cahors 5 000</p>
      <p>Venise : 5 000</p>
      <p>T&#234;te de femme 3 000</p>
      <p>Vue du jardin avec une femme 12 000</p>
      <p>Port de Marseille 8 000</p>
      <p>Etude pour la d&#233;coration du Conseil d&#8217;&#201;tat 3 000</p>
      <p>Ch. Cottet</p>
      <p>Le mod&#232;le : 10 000</p>
      <p>Pommes et cire &#224; cacheter 2 500</p>
      <p>Printemps &#224; Camaret 5 000</p>
      <p>Crique &#224; Ouessant 5 000</p>
      <p>Marine 4 500</p>
      <p>Jean Launois : Six pastels Alg&#233;rie 4 000</p>
      <p>S. L&#233;pine, quai de d&#233;chargement &#224; Paris 3 000</p>
      <p>Total : 134 000 fr</p>
      <closer>
        <salute>Votre bien d&#233;vou&#233;</salute>
        <signed>L&#233;once B&#233;n&#233;dite</signed>
      </closer>
    </body>
  </text>
</TEI>
