<?xml-model href="http://www.tei-c.org/release/xml/tei/custom/schema/relaxng/tei_all.rng" type="application/xml" schematypens="http://relaxng.org/ns/structure/1.0"?>
<?xml-model href="http://www.tei-c.org/release/xml/tei/custom/schema/relaxng/tei_all.rng" type="application/xml"
	schematypens="http://purl.oclc.org/dsdl/schematron"?>
<TEI xmlns="http://www.tei-c.org/ns/1.0" xml:id="L&#233;onceB&#233;n&#233;dite_MTakahatarepr&#233;sentantdeKojiroMatsukata_19190110_4799940115117630385">
  <!-- le document XML, dans sa forme actuelle, n'est pas valide selon la syntaxe TEI:
       la structure d&#233;finie ici devrait contenir d'autres &#233;l&#233;ments -->
  <teiHeader>
    <!-- l'en-t&#234;te de notre document, contenant les m&#233;tadonn&#233;es -->
    <fileDesc>
      <!-- description du fichier encod&#233; et de sa source -->
      <titleStmt>
        <!-- titre du document -->
        <title>Lettre manuscrite, sur en-t&#234;te du mus&#233;e Rodin, de B&#233;n&#233;dite ( ?) &#224;  M. Takahata &#224; ??. </title>
        <author>L&#233;once B&#233;n&#233;dite</author>
        <respStmt>
          <resp>Production et pr&#233;paration du texte brut</resp>
          <persName>L&#233;a Saint-Raymond</persName>
        </respStmt>
        <respStmt>
          <resp>Transformation automatique du texte brut vers le XML-TEI</resp>
          <persName>Les participant.e.s &#224; l'atelier "Mod&#233;liser et exploiter des corpus textuels" (ENS-PSL, campus d'Ulm)</persName>
        </respStmt>
      </titleStmt>
      <publicationStmt>
        <!-- informations sur le document XML encod&#233; -->
        <publisher>ENS-PSL</publisher>
        <pubPlace>Paris (France)</pubPlace>
        <date>2023-03-31 03:27:18.366316</date>
      </publicationStmt>
      <sourceDesc>
        <!-- informations sur la source: la lettre que l'on encode -->
        <bibl type="lettre">
          <author>L&#233;once B&#233;n&#233;dite</author>
          <title>Lettre manuscrite, sur en-t&#234;te du mus&#233;e Rodin, de B&#233;n&#233;dite ( ?) &#224;  M. Takahata &#224; ??. </title>
          <date>1919-01-10</date>
          <msIdentifier>
            <institution>INHA</institution>
            <idno>INHA 19</idno>
          </msIdentifier>
        </bibl>
      </sourceDesc>
    </fileDesc>
    <encodingDesc>
      <!-- informations sur l'encodage :
           - tei:editorialDecl, d&#233;crivant la m&#233;thode de production du document XML 
           - tei:projectDesc, contexte de production du XML 
      -->
      <editorialDecl>
        <p>Production de l'encodage XML r&#233;alis&#233;e automatiquement avec la librairie LXML de Python &#224; partir d'une version en texte brut de la correspondance de Matsukata</p>
      </editorialDecl>
      <projectDesc>
        <p>L'atelier "Mod&#233;liser et exploiter des corpus textuels" a donn&#233; lieu &#224; cet encodage.</p>
      </projectDesc>
    </encodingDesc>
    <profileDesc>
      <!-- informations non bibliographiques sur le document encod&#233; 
           cet &#233;l&#233;ment l&#224; sera compl&#233;t&#233; par:
           - un tei:particDesc, qui d&#233;crit tout.es les personnes ayant &#233;crit
             ou re&#231;u des lettres dans le corpus Matsutaka
           - un tei:settingDesc, qui d&#233;crit tous les lieux d'exp&#233;dition/destination
             des lettres du corpus Matsutaka
           ces &#233;l&#233;ments seront rajout&#233; dans le notebook du cours.
      -->
      <correspDesc>
        <!-- description de la correspondance -->
        <correspAction type="sent">
          <persName>L&#233;once B&#233;n&#233;dite</persName>
          <placeName>Paris</placeName>
          <date when="1919-01-10">1919-01-10</date>
        </correspAction>
        <correspAction type="received">
          <persName>M. Takahata, repr&#233;sentant de Kojiro Matsukata</persName>
          <placeName>NA</placeName>
        </correspAction>
      </correspDesc>
    </profileDesc>
  </teiHeader>
  <text>
    <!-- le corps du texte. il peut comporter un tei:front et un tei:back
         et doit comporter un tei:body, comprenant le corps du texte -->
    <body>
      <!-- le corps du texte -->
      <opener>
        <salute>Cher Monsieur, </salute>
      </opener>
      <p>J&#8217;ai l&#8217;honneur de vous faire conna&#238;tre que j&#8217;ai acquis pour le compte de M. Matsukata les ouvrages suivants ; comme les pr&#233;c&#233;dentes acquisitions, ces ouvrages sont conserv&#233;s &#224; l&#8217;h&#244;tel Biron dans une m&#234;me salle et chacun porte une &#233;quelle indicative. </p>
      <p>Je vous envoie ci-inclus le certificat de d&#233;p&#244;t, justifiant des droits de M. Matsukata.</p>
      <p>En ce qui concerne l&#8217;assurance, je charge la Cie La Nationale d&#8217;assurer pour un an tous les ouvrages aujourd&#8217;hui rassembl&#233;s. Il sera fait une nouvelle assurance pour le second lot quand les ouvrages seront remis. </p>
      <p>Je ne puis vous envoyer la police mais je demande &#224; la Compagnie un duplicata que je vous ferai parvenir ; veuillez d&#8217;autre part adresser &#224; mon nom et non pas &#224; celui du Mus&#233;e Rodin le ch&#232;que repr&#233;sentant la somme de ces nouveaux achats. </p>
      <p>Ren&#233; M&#233;nard</p>
      <p>    &#8226; L&#8217;Acropole : 12 000 fr</p>
      <p>    &#8226; For&#234;t en automne : 8 000 fr</p>
      <p>    &#8226; Int&#233;rieur de for&#234;t : 8 000 fr</p>
      <p>    &#8226; La pinetta &#224; Ravenne : 4 000 fr</p>
      <p>    &#8226; Le temple de Corinthe : 4 000 fr</p>
      <p>    &#8226; Jeunes filles sur la gr&#232;ve : 4 000 fr</p>
      <p>__ 40 000 fr</p>
      <p>Degas : </p>
      <p>    &#8226; La coiffure apr&#232;s le bain, pastel : 1 760 fr</p>
      <p>Legros : </p>
      <p>    &#8226; La maison du p&#234;cheur : 1 540 fr</p>
      <p>Delacroix : </p>
      <p>    &#8226; Trois dessins : 1 700 fr</p>
      <p>Rodin : </p>
      <p>    &#8226; Une aquarelle : 1 800 fr</p>
      <p>Dinet : </p>
      <p>    &#8226; Vie de Mahomet (livre illustr&#233;) : 200 fr</p>
      <p>____ 47000 fr</p>
      <p>Soit 47000 fr que je vous prie de m&#8217;envoyer aussit&#244;t que vous pourrez</p>
      <closer>
        <salute>Agr&#233;ez&#8230; </salute>
      </closer>
    </body>
  </text>
</TEI>
