<?xml-model href="http://www.tei-c.org/release/xml/tei/custom/schema/relaxng/tei_all.rng" type="application/xml" schematypens="http://relaxng.org/ns/structure/1.0"?>
<?xml-model href="http://www.tei-c.org/release/xml/tei/custom/schema/relaxng/tei_all.rng" type="application/xml"
	schematypens="http://purl.oclc.org/dsdl/schematron"?>
<TEI xmlns="http://www.tei-c.org/ns/1.0" xml:id="L&#233;onceB&#233;n&#233;dite_Interm&#233;diairesdeKojiroMatsukata_19210525_-1700295486713759385">
  <!-- le document XML, dans sa forme actuelle, n'est pas valide selon la syntaxe TEI:
       la structure d&#233;finie ici devrait contenir d'autres &#233;l&#233;ments -->
  <teiHeader>
    <!-- l'en-t&#234;te de notre document, contenant les m&#233;tadonn&#233;es -->
    <fileDesc>
      <!-- description du fichier encod&#233; et de sa source -->
      <titleStmt>
        <!-- titre du document -->
        <title>Brouillon de lettre aux interm&#233;diaires de Kojiro Matsukata. </title>
        <author>L&#233;once B&#233;n&#233;dite</author>
        <respStmt>
          <resp>Production et pr&#233;paration du texte brut</resp>
          <persName>L&#233;a Saint-Raymond</persName>
        </respStmt>
        <respStmt>
          <resp>Transformation automatique du texte brut vers le XML-TEI</resp>
          <persName>Les participant.e.s &#224; l'atelier "Mod&#233;liser et exploiter des corpus textuels" (ENS-PSL, campus d'Ulm)</persName>
        </respStmt>
      </titleStmt>
      <publicationStmt>
        <!-- informations sur le document XML encod&#233; -->
        <publisher>ENS-PSL</publisher>
        <pubPlace>Paris (France)</pubPlace>
        <date>2023-03-26 16:02:14.326421</date>
      </publicationStmt>
      <sourceDesc>
        <!-- informations sur la source: la lettre que l'on encode -->
        <bibl type="brouillon">
          <author>L&#233;once B&#233;n&#233;dite</author>
          <title>Brouillon de lettre aux interm&#233;diaires de Kojiro Matsukata. </title>
          <date>1921-05-25</date>
          <msIdentifier>
            <institution>INHA</institution>
            <idno>INHA 94</idno>
          </msIdentifier>
        </bibl>
      </sourceDesc>
    </fileDesc>
    <encodingDesc>
      <!-- informations sur l'encodage :
           - tei:editorialDecl, d&#233;crivant la m&#233;thode de production du document XML 
           - tei:projectDesc, contexte de production du XML 
      -->
      <editorialDecl>
        <p>Production de l'encodage XML r&#233;alis&#233;e automatiquement avec la librairie LXML de Python &#224; partir d'une version en texte brut de la correspondance de Matsukata</p>
      </editorialDecl>
      <projectDesc>
        <p>L'atelier "Mod&#233;liser et exploiter des corpus textuels" a donn&#233; lieu &#224; cet encodage.</p>
      </projectDesc>
    </encodingDesc>
    <profileDesc>
      <!-- informations non bibliographiques sur le document encod&#233; 
           cet &#233;l&#233;ment l&#224; sera compl&#233;t&#233; par:
           - un tei:particDesc, qui d&#233;crit tout.es les personnes ayant &#233;crit
             ou re&#231;u des lettres dans le corpus Matsutaka
           - un tei:settingDesc, qui d&#233;crit tous les lieux d'exp&#233;dition/destination
             des lettres du corpus Matsutaka
           ces &#233;l&#233;ments seront rajout&#233; dans le notebook du cours.
      -->
      <correspDesc>
        <!-- description de la correspondance -->
        <correspAction type="sent">
          <persName>L&#233;once B&#233;n&#233;dite</persName>
          <placeName>Paris</placeName>
          <date when="1921-05-25">1921-05-25</date>
        </correspAction>
        <correspAction type="received">
          <persName>Interm&#233;diaires de Kojiro Matsukata</persName>
          <placeName>Kobe ?</placeName>
        </correspAction>
      </correspDesc>
    </profileDesc>
  </teiHeader>
  <text>
    <!-- le corps du texte. il peut comporter un tei:front et un tei:back
         et doit comporter un tei:body, comprenant le corps du texte -->
    <body>
      <!-- le corps du texte -->
      <p>J&#8217;ai bien re&#231;u votre lettre et le ch&#232;que de 200.000 francs duquel je vous envoie le re&#231;u en double. Mais je tiens &#224; vous dire que j&#8217;ai &#233;t&#233; tr&#232;s g&#234;n&#233; par votre retard d&#8217;un mois &#224; m&#8217;envoyer la somme demand&#233;e, qui m&#8217;&#233;tait indispensable, pour la fin du mois d&#8217;avril, ainsi que je l&#8217;avais stipul&#233; dans une premi&#232;re lettre. J&#8217;ai d&#251; en cons&#233;quence suspendre les travaux et j&#8217;allais envoyer un c&#226;ble &#224; M. Matsukata au moment m&#234;me o&#249; m&#8217;a &#233;t&#233; remise votre lettre. </p>
      <p>J&#8217;esp&#232;re que le retard ne se reproduira plus &#224; l&#8217;avenir, comme vous m&#8217;en donnez l&#8217;assurance. </p>
      <p>J&#8217;ai aujourd&#8217;hui comme je vous &#173;en ai averti &#224; vous demander une somme de nouveau assez importante : j&#8217;ai acquis en effet pour le compte de M. Matsukata les ouvrages suivants : </p>
      <p>Cottet : Le noy&#233; 30.000</p>
      <p>(conform&#233;ment &#224; l&#8217;autorisation accord&#233;e par M. Matsukata, cette toile pourra rester accroch&#233;e dans l&#8217;atelier de l&#8217;artiste jusqu&#8217;&#224; nouvel ordre. Ci-joint duplicata d&#8217;une lettre sign&#233;e par M. Cottet, dont je garde un autre exemplaire dans les archives de M. Matsukata qui lui servira de titre de propri&#233;t&#233; pour r&#233;clamer la toile en temps voulu)</p>
      <p>E. Dinet. Le bless&#233; : 14 000</p>
      <p>Livraison de ce tableau sera faite &#224; la cl&#244;ture du Salon</p>
      <p>A Bourdelle, statuaire, figures groupes bronze</p>
      <p>[compl&#233;t&#233; dans un brouilon en anglais] Groupes of figure bronze : </p>
      <p>Herakles archer : 10.000</p>
      <p>Bacchante 10.000</p>
      <p>Vierge &#224; l&#8217;Enfant : 15.000</p>
      <p>Centaure mourant : 15.000</p>
      <p>S&#233;l&#233;n&#233; &#224; l&#8217;art : 20.000</p>
      <p>An. France : 15.000</p>
      <closer>
        <signed>P. Koeterl&#233; : 15.000</signed>
      </closer>
    </body>
  </text>
</TEI>
