<?xml-model href="http://www.tei-c.org/release/xml/tei/custom/schema/relaxng/tei_all.rng" type="application/xml" schematypens="http://relaxng.org/ns/structure/1.0"?>
<?xml-model href="http://www.tei-c.org/release/xml/tei/custom/schema/relaxng/tei_all.rng" type="application/xml"
	schematypens="http://purl.oclc.org/dsdl/schematron"?>
<TEI xmlns="http://www.tei-c.org/ns/1.0" xml:id="L&#233;onceB&#233;n&#233;dite_KojiroMatsukata_19191201_-8495522320461979484">
  <!-- le document XML, dans sa forme actuelle, n'est pas valide selon la syntaxe TEI:
       la structure d&#233;finie ici devrait contenir d'autres &#233;l&#233;ments -->
  <teiHeader>
    <!-- l'en-t&#234;te de notre document, contenant les m&#233;tadonn&#233;es -->
    <fileDesc>
      <!-- description du fichier encod&#233; et de sa source -->
      <titleStmt>
        <!-- titre du document -->
        <title>Brouillon de lettre, non dat&#233;, juste apr&#232;s le 3 d&#233;cembre 1919 (mort de Renoir), de B&#233;n&#233;dite &#224; Matsukata. </title>
        <author>L&#233;once B&#233;n&#233;dite</author>
        <respStmt>
          <resp>Production et pr&#233;paration du texte brut</resp>
          <persName>L&#233;a Saint-Raymond</persName>
        </respStmt>
        <respStmt>
          <resp>Transformation automatique du texte brut vers le XML-TEI</resp>
          <persName>Les participant.e.s &#224; l'atelier "Mod&#233;liser et exploiter des corpus textuels" (ENS-PSL, campus d'Ulm)</persName>
        </respStmt>
      </titleStmt>
      <publicationStmt>
        <!-- informations sur le document XML encod&#233; -->
        <publisher>ENS-PSL</publisher>
        <pubPlace>Paris (France)</pubPlace>
        <date>2023-03-31 03:27:18.386867</date>
      </publicationStmt>
      <sourceDesc>
        <!-- informations sur la source: la lettre que l'on encode -->
        <bibl type="brouillon">
          <author>L&#233;once B&#233;n&#233;dite</author>
          <title>Brouillon de lettre, non dat&#233;, juste apr&#232;s le 3 d&#233;cembre 1919 (mort de Renoir), de B&#233;n&#233;dite &#224; Matsukata. </title>
          <date>1919-12-01</date>
          <msIdentifier>
            <institution>INHA</institution>
            <idno>INHA 277</idno>
          </msIdentifier>
        </bibl>
      </sourceDesc>
    </fileDesc>
    <encodingDesc>
      <!-- informations sur l'encodage :
           - tei:editorialDecl, d&#233;crivant la m&#233;thode de production du document XML 
           - tei:projectDesc, contexte de production du XML 
      -->
      <editorialDecl>
        <p>Production de l'encodage XML r&#233;alis&#233;e automatiquement avec la librairie LXML de Python &#224; partir d'une version en texte brut de la correspondance de Matsukata</p>
      </editorialDecl>
      <projectDesc>
        <p>L'atelier "Mod&#233;liser et exploiter des corpus textuels" a donn&#233; lieu &#224; cet encodage.</p>
      </projectDesc>
    </encodingDesc>
    <profileDesc>
      <!-- informations non bibliographiques sur le document encod&#233; 
           cet &#233;l&#233;ment l&#224; sera compl&#233;t&#233; par:
           - un tei:particDesc, qui d&#233;crit tout.es les personnes ayant &#233;crit
             ou re&#231;u des lettres dans le corpus Matsutaka
           - un tei:settingDesc, qui d&#233;crit tous les lieux d'exp&#233;dition/destination
             des lettres du corpus Matsutaka
           ces &#233;l&#233;ments seront rajout&#233; dans le notebook du cours.
      -->
      <correspDesc>
        <!-- description de la correspondance -->
        <correspAction type="sent">
          <persName>L&#233;once B&#233;n&#233;dite</persName>
          <placeName>Paris</placeName>
          <date when="1919-12-01">1919-12-01</date>
        </correspAction>
        <correspAction type="received">
          <persName>Kojiro Matsukata</persName>
          <placeName>Kobe</placeName>
        </correspAction>
      </correspDesc>
    </profileDesc>
  </teiHeader>
  <text>
    <!-- le corps du texte. il peut comporter un tei:front et un tei:back
         et doit comporter un tei:body, comprenant le corps du texte -->
    <body>
      <!-- le corps du texte -->
      <opener>
        <salute>Cher Mr. Matsukata, </salute>
      </opener>
      <p>J&#8217;ai bien re&#231;u vos deux lettres et de mon c&#244;t&#233;, il y a bien longtemps que j&#8217;aurais voulu vous &#233;crire mais j&#8217;ai eu une ann&#233;e terriblement charg&#233;e depuis que, pour la derni&#232;re fois, nous nous sommes rencontr&#233;s &#224; Londres. </p>
      <p>Le Mus&#233;e Rodin, entre autres m&#8217;a donn&#233; beaucoup de soucis ; l&#8217;&#233;cho n&#8217;en est peut-&#234;tre pas venu jusqu&#8217;au Japon ! Il y a eu, en effet, une bande organis&#233;e de malfaiteurs qui exploitaient l&#8217;&#339;uvre du Ma&#238;tre, jetaient sur le march&#233; une foule de falsifications honteuses qui la discr&#233;ditaient, j&#8217;ai d&#251; poursuivre tous ces forbans, ce qui m&#8217;a caus&#233; 6 mois de v&#233;ritable lutte mais j&#8217;ai enfin obtenu leur condamnation et assaini le march&#233;. Depuis, j&#8217;ai fini l&#8217;organisation du Mus&#233;e qui fonctionne depuis 4 mois dans les conditions les meilleures avec une prosp&#233;rit&#233; certaine. Me voici donc rassur&#233; de ce c&#244;t&#233;, je n&#8217;ai plus que la maison et les collections de Meudon &#224; mettre en &#233;tat pour le printemps. </p>
      <p>Mais ce qui vous int&#233;resse plus particuli&#232;rement ce sont les collections que vous m&#8217;avez pri&#233; de vous constituer. En ce qui concerne les bronzes de Rodin, la plus grande partie a d&#233;j&#224; &#233;t&#233; livr&#233;e car il me manque exactement que les Bourgeois de Calais, le St Jean Baptiste, la M&#233;ditation et l&#8217;Orph&#233;e, lesquelles figures sont du reste en pr&#233;paration pour la fonte. J&#8217;ai maintenu naturellement pour tous ces travaux les prix dont nous &#233;tions convenus vous faisant b&#233;n&#233;ficier comme nous en &#233;tions &#233;galement d&#8217;accord une (r&#233;duction ?) de 10% que nous faisons aux mus&#233;es et cela malgr&#233; la hausse de plus en plus formidable du prix de la main d&#8217;&#339;uvre et de la mati&#232;re premi&#232;re. </p>
      <p>IL ne peut &#234;tre question, vous le pensez bien, de modifier notre accord sur les prix quelles que soient les pertes que nous &#233;prouvions et bien que tous ces prix aient &#233;t&#233; doubl&#233;s, sauf en ce qui vous concerne, mais je vous demande de comprendre que pour les quelques derniers ouvrages qu&#8217;il nous reste &#224; vous livrer, nous ne pourrions conserver la remise de 10% sans pr&#233;judice. </p>
      <p>En ce qui concerne maintenant votre collection de peinture, je crois vous avoir fourni &#224; tr&#232;s bon compte ( ?) au d&#233;sint&#233;ressement de mes amis une tr&#232;s belle s&#233;rie de nos ma&#238;tres principaux. </p>
      <p>Je vous en envoie du reste l&#8217;&#233;tat avec les prix, ce qui vous int&#233;resse j&#8217;en suis s&#251;r ! J&#8217;ajoute que les uns et les autres m&#8217;ont donn&#233; pour vous, &#224; titre gracieux, soit des dessins, soit des estampes qui vous refont une tr&#232;s int&#233;ressante petite collection. </p>
      <p>Je voudrais maintenant compl&#233;ter cette s&#233;rie par Claude Monet et par Renoir. Je suis all&#233; une premi&#232;re fois chez Claude Monet mais sans rien pouvoir tenter ; je ne d&#233;sesp&#232;re pas toutefois de r&#233;ussir, quant &#224; Renoir, il vient, h&#233;las !, de mourir, juste comme j&#8217;avais d&#233;cid&#233; avec lui d&#8217;aller le voir dans le Midi de la France. Je dois tout de m&#234;me m&#8217;y rendre, aupr&#232;s des fils, et je ne vous oublierai pas. </p>
      <p>Voici, cher M. Matsukata, le r&#233;sum&#233; de mes op&#233;rations. Je trouve encore quelques morceaux int&#233;ressants, soit du c&#244;t&#233; de Rodin, soit du c&#244;t&#233; des peintres, je n&#8217;h&#233;siterai pas de vous faire b&#233;n&#233;ficier de quelques bonnes occasions qui seront si utiles &#224; l&#8217;art fran&#231;ais. </p>
      <closer>
        <salute>Ma femme et ma fille vous adressent leurs meilleurs souvenirs ainsi que votre grand ami Dez ( ?) qui vient de toute ( ?) revue d&#8217;art. Nous attendons avec impatience votre retour chez nous. </salute>
      </closer>
    </body>
  </text>
</TEI>
