<?xml-model href="http://www.tei-c.org/release/xml/tei/custom/schema/relaxng/tei_all.rng" type="application/xml" schematypens="http://relaxng.org/ns/structure/1.0"?>
<?xml-model href="http://www.tei-c.org/release/xml/tei/custom/schema/relaxng/tei_all.rng" type="application/xml"
	schematypens="http://purl.oclc.org/dsdl/schematron"?>
<TEI xmlns="http://www.tei-c.org/ns/1.0" xml:id="L&#233;onceB&#233;n&#233;dite_interm&#233;diairesdeKojiroMatsukata_19211227_-7207617707475180988">
  <!-- le document XML, dans sa forme actuelle, n'est pas valide selon la syntaxe TEI:
       la structure d&#233;finie ici devrait contenir d'autres &#233;l&#233;ments -->
  <teiHeader>
    <!-- l'en-t&#234;te de notre document, contenant les m&#233;tadonn&#233;es -->
    <fileDesc>
      <!-- description du fichier encod&#233; et de sa source -->
      <titleStmt>
        <!-- titre du document -->
        <title>Lettre de Benedite aux interm&#233;diaires de M. Matsukata, papier &#224; en-t&#234;te du mus&#233;e Rodin. </title>
        <author>L&#233;once B&#233;n&#233;dite</author>
        <respStmt>
          <resp>Production et pr&#233;paration du texte brut</resp>
          <persName>L&#233;a Saint-Raymond</persName>
        </respStmt>
        <respStmt>
          <resp>Transformation automatique du texte brut vers le XML-TEI</resp>
          <persName>Les participant.e.s &#224; l'atelier "Mod&#233;liser et exploiter des corpus textuels" (ENS-PSL, campus d'Ulm)</persName>
        </respStmt>
      </titleStmt>
      <publicationStmt>
        <!-- informations sur le document XML encod&#233; -->
        <publisher>ENS-PSL</publisher>
        <pubPlace>Paris (France)</pubPlace>
        <date>2023-03-26 16:02:14.370414</date>
      </publicationStmt>
      <sourceDesc>
        <!-- informations sur la source: la lettre que l'on encode -->
        <bibl type="lettre">
          <author>L&#233;once B&#233;n&#233;dite</author>
          <title>Lettre de Benedite aux interm&#233;diaires de M. Matsukata, papier &#224; en-t&#234;te du mus&#233;e Rodin. </title>
          <date>1921-12-27</date>
          <msIdentifier>
            <institution>INHA</institution>
            <idno>INHA 131</idno>
          </msIdentifier>
        </bibl>
      </sourceDesc>
    </fileDesc>
    <encodingDesc>
      <!-- informations sur l'encodage :
           - tei:editorialDecl, d&#233;crivant la m&#233;thode de production du document XML 
           - tei:projectDesc, contexte de production du XML 
      -->
      <editorialDecl>
        <p>Production de l'encodage XML r&#233;alis&#233;e automatiquement avec la librairie LXML de Python &#224; partir d'une version en texte brut de la correspondance de Matsukata</p>
      </editorialDecl>
      <projectDesc>
        <p>L'atelier "Mod&#233;liser et exploiter des corpus textuels" a donn&#233; lieu &#224; cet encodage.</p>
      </projectDesc>
    </encodingDesc>
    <profileDesc>
      <!-- informations non bibliographiques sur le document encod&#233; 
           cet &#233;l&#233;ment l&#224; sera compl&#233;t&#233; par:
           - un tei:particDesc, qui d&#233;crit tout.es les personnes ayant &#233;crit
             ou re&#231;u des lettres dans le corpus Matsutaka
           - un tei:settingDesc, qui d&#233;crit tous les lieux d'exp&#233;dition/destination
             des lettres du corpus Matsutaka
           ces &#233;l&#233;ments seront rajout&#233; dans le notebook du cours.
      -->
      <correspDesc>
        <!-- description de la correspondance -->
        <correspAction type="sent">
          <persName>L&#233;once B&#233;n&#233;dite</persName>
          <placeName>Paris</placeName>
          <date when="1921-12-27">1921-12-27</date>
        </correspAction>
        <correspAction type="received">
          <persName>interm&#233;diaires de Kojiro Matsukata ?</persName>
          <placeName>Kobe ?</placeName>
        </correspAction>
      </correspDesc>
    </profileDesc>
  </teiHeader>
  <text>
    <!-- le corps du texte. il peut comporter un tei:front et un tei:back
         et doit comporter un tei:body, comprenant le corps du texte -->
    <body>
      <!-- le corps du texte -->
      <opener>
        <salute>Cher Monsieur, </salute>
      </opener>
      <p>J&#8217;ai l&#8217;honneur de vous faire conna&#238;tre qu&#8217;il a &#233;t&#233; acquis par M. Matsukata lui-m&#234;me ou pour son compte, les ouvrages suivants d&#233;pos&#233;s au Mus&#233;e Rodin et dont je vous envoie ci-inclus un certificat de d&#233;p&#244;t. Ce sont : </p>
      <p>Maurice Denis : </p>
      <p>    &#8226; Le Go&#251;ter : 10 000 f</p>
      <p>    &#8226; Le Cimeti&#232;re d&#8217;El Ketar : 8 000 f</p>
      <p>    &#8226; Saint Laurent hors les murs : 8 000 f</p>
      <p>    &#8226; Constantine : 8 000 f</p>
      <p>    &#8226; Quatro Torri : 5 000 F</p>
      <p>    &#8226; Vingt dessins : 20 000 f</p>
      <p>___ 59 000</p>
      <p>Marquet : </p>
      <p>    &#8226; Les Sables d&#8217;Olonne : 2 500 f</p>
      <p>    &#8226; Les Sables d&#8217;Olonne : 2 500 f</p>
      <p>    &#8226; Les Sables d&#8217;Olonne : 2 500 f</p>
      <p>    &#8226; Les Sables d&#8217;Olonne : 5 300 f</p>
      <p>___ 15 800 f</p>
      <p>Caro-Delvaille :</p>
      <p>    &#8226; Grande figure nue : 10 000 f</p>
      <p>Aman-Jean : </p>
      <p>    &#8226; Portrait de Mme Kuroki : 15 000 f</p>
      <p>Renoir : </p>
      <p>    &#8226; La modiste, dessin aux 2 crayons : 20 000 f</p>
      <p>Carolus-Duran : </p>
      <p>    &#8226; Etude : 1 200 f</p>
      <p>Bonnard : </p>
      <p>    &#8226; Parisienne : 5 000 f</p>
      <p>    &#8226; Paysage : 10 000 f</p>
      <p>__ 15 000 f</p>
      <p>Soit au total : 136 000 f que je vous serais oblig&#233; de me faire parvenir.</p>
      <closer>
        <salute>Votre bien d&#233;vou&#233;</salute>
      </closer>
    </body>
  </text>
</TEI>
