<?xml-model href="http://www.tei-c.org/release/xml/tei/custom/schema/relaxng/tei_all.rng" type="application/xml" schematypens="http://relaxng.org/ns/structure/1.0"?>
<?xml-model href="http://www.tei-c.org/release/xml/tei/custom/schema/relaxng/tei_all.rng" type="application/xml"
	schematypens="http://purl.oclc.org/dsdl/schematron"?>
<TEI xmlns="http://www.tei-c.org/ns/1.0" xml:id="L&#233;onceB&#233;n&#233;dite_KojiroMatsukata_19180826_5118646341162945674">
  <!-- le document XML, dans sa forme actuelle, n'est pas valide selon la syntaxe TEI:
       la structure d&#233;finie ici devrait contenir d'autres &#233;l&#233;ments -->
  <teiHeader>
    <!-- l'en-t&#234;te de notre document, contenant les m&#233;tadonn&#233;es -->
    <fileDesc>
      <!-- description du fichier encod&#233; et de sa source -->
      <titleStmt>
        <!-- titre du document -->
        <title>Lettre manuscrite de L&#233;once B&#233;n&#233;dite au ministre de la Justice, sur papier &#224; en-t&#234;te du Mus&#233;e Rodin, R&#233;publique fran&#231;aise, minist&#232;re de la Justice, de l&#8217;Instruction Publique et des Beaux-Arts, Sous-Secr&#233;tariat d&#8217;&#201;tat des Beaux-Arts. </title>
        <author>L&#233;once B&#233;n&#233;dite</author>
        <respStmt>
          <resp>Production et pr&#233;paration du texte brut</resp>
          <persName>L&#233;a Saint-Raymond</persName>
        </respStmt>
        <respStmt>
          <resp>Transformation automatique du texte brut vers le XML-TEI</resp>
          <persName>Les participant.e.s &#224; l'atelier "Mod&#233;liser et exploiter des corpus textuels" (ENS-PSL, campus d'Ulm)</persName>
        </respStmt>
      </titleStmt>
      <publicationStmt>
        <!-- informations sur le document XML encod&#233; -->
        <publisher>ENS-PSL</publisher>
        <pubPlace>Paris (France)</pubPlace>
        <date>2023-03-26 16:02:14.263510</date>
      </publicationStmt>
      <sourceDesc>
        <!-- informations sur la source: la lettre que l'on encode -->
        <bibl type="lettre">
          <author>L&#233;once B&#233;n&#233;dite</author>
          <title>Lettre manuscrite de L&#233;once B&#233;n&#233;dite au ministre de la Justice, sur papier &#224; en-t&#234;te du Mus&#233;e Rodin, R&#233;publique fran&#231;aise, minist&#232;re de la Justice, de l&#8217;Instruction Publique et des Beaux-Arts, Sous-Secr&#233;tariat d&#8217;&#201;tat des Beaux-Arts. </title>
          <date>1918-08-26</date>
          <msIdentifier>
            <institution>Mus&#233;e Rodin</institution>
            <idno>Mus&#233;e Rodin, fonds B&#233;n&#233;dite, don avril 1992</idno>
          </msIdentifier>
        </bibl>
      </sourceDesc>
    </fileDesc>
    <encodingDesc>
      <!-- informations sur l'encodage :
           - tei:editorialDecl, d&#233;crivant la m&#233;thode de production du document XML 
           - tei:projectDesc, contexte de production du XML 
      -->
      <editorialDecl>
        <p>Production de l'encodage XML r&#233;alis&#233;e automatiquement avec la librairie LXML de Python &#224; partir d'une version en texte brut de la correspondance de Matsukata</p>
      </editorialDecl>
      <projectDesc>
        <p>L'atelier "Mod&#233;liser et exploiter des corpus textuels" a donn&#233; lieu &#224; cet encodage.</p>
      </projectDesc>
    </encodingDesc>
    <profileDesc>
      <!-- informations non bibliographiques sur le document encod&#233; 
           cet &#233;l&#233;ment l&#224; sera compl&#233;t&#233; par:
           - un tei:particDesc, qui d&#233;crit tout.es les personnes ayant &#233;crit
             ou re&#231;u des lettres dans le corpus Matsutaka
           - un tei:settingDesc, qui d&#233;crit tous les lieux d'exp&#233;dition/destination
             des lettres du corpus Matsutaka
           ces &#233;l&#233;ments seront rajout&#233; dans le notebook du cours.
      -->
      <correspDesc>
        <!-- description de la correspondance -->
        <correspAction type="sent">
          <persName>L&#233;once B&#233;n&#233;dite</persName>
          <placeName>Paris</placeName>
          <date when="1918-08-26">1918-08-26</date>
        </correspAction>
        <correspAction type="received">
          <persName>Kojiro Matsukata</persName>
          <placeName>Kobe, Japon</placeName>
        </correspAction>
      </correspDesc>
    </profileDesc>
  </teiHeader>
  <text>
    <!-- le corps du texte. il peut comporter un tei:front et un tei:back
         et doit comporter un tei:body, comprenant le corps du texte -->
    <body>
      <!-- le corps du texte -->
      <opener>
        <salute>Monsieur le Ministre, </salute>
      </opener>
      <p>Depuis le d&#233;c&#232;s de M. Rodin, le mandat qu&#8217;il m&#8217;avait confi&#233; ayant pris fin &#224; la date de ce jour, j&#8217;ai consid&#233;r&#233; comme mon strict devoir, en ce qui concerne le Mus&#233;e Rodin, de ne me livrer qu&#8217;&#224; des actes exclusivement conservatoires et je me suis abstenu de toute vente, de toute commande et de tout contrat de reproduction. </p>
      <p>J&#8217;ai d&#251; m&#234;me, &#224; regret, devant l&#8217;instance de certains demandeurs, les adresser &#224; des &#233;diteurs ou &#224; des marchands.</p>
      <p>Cette situation, devant depuis neuf mois, cause un pr&#233;judice grave au Mus&#233;e. Les commandes importantes &#8211; et m&#234;me consid&#233;rables &#224; la suite des expositions de B&#226;le, de Zurich, comme de la part de certains grands amateurs &#233;trangers, ont d&#251; &#234;tre ajourn&#233;es dans l&#8217;espoir que le Conseil d&#8217;Administration serait nomm&#233; &#224; temps pour prendre les d&#233;cisions n&#233;cessaires. </p>
      <p>C&#8217;est ainsi, par exemple, qu&#8217;un grand amateur japonais, M. Matsukata, d&#233;sireux de fonder &#224; Tokio un mus&#233;e consacr&#233; &#224; gloire de l&#8217;art fran&#231;ais dont le c&#339;ur serait form&#233; par un choix de grandes &#339;uvres de Rodin, me sollicite depuis de longs mois, pour voir aboutir les importantes commandes qu&#8217;il m&#8217;a adress&#233;es. Elles paraissent s&#8217;&#233;lever &#224; un chiffre d&#8217;environ six cent mille francs, sur lesquels il est pr&#234;t &#224; faire une avance imm&#233;diate pour l&#8217;ex&#233;cution des travaux. </p>
      <p>Si l&#8217;on consid&#232;re d&#8217;autre part, la longueur des op&#233;rations n&#233;cessit&#233;es par la fonte, il est urgent pour ces divers motifs, de prendre une d&#233;cision. </p>
      <p>L&#8217;entr&#233;e en fonctions de notre Conseil d&#8217;administration pouvant tarder encore quelque temps du fait des vacances du Conseil d&#8217;&#201;tat, je me permets de vous rappeler, Monsieur le Ministre, que l&#8217;article 1er de la deuxi&#232;me donation, sanctionn&#233;e par la loi du 22 d&#233;cembre 1916, vous autorise, &#224; d&#233;faut, du Conseil d&#8217;Administration, &#224; proc&#233;der directement aux ventes, commandes ou contrats. En cons&#233;quence, et en m&#8217;appuyant de l&#8217;avis hautement qualifi&#233; de M. Cl&#233;mentel, Ministre du Commerce, et de M. Johanny Peytel, Pr&#233;sident du Conseil d&#8217;Administration du Cr&#233;dit Alg&#233;rien, j&#8217;ai l&#8217;honneur de vous prier de me permettre d&#8217;accepter la proposition de M. Matsukata, que je vous ferai conna&#238;tre ult&#233;rieurement en d&#233;tail. </p>
      <p>Les prix qui ont &#233;t&#233; indiqu&#233;s &#224; M. Matsukata sont ceux qui avaient &#233;t&#233; fix&#233; jadis, d&#8217;accord avec l&#8217;Administration des Beaux-Arts. </p>
      <p>L&#233;once B&#233;n&#233;dite, Conservateur du Mus&#233;e Rodin, ex&#233;cuteur testamentaire de Rodin</p>
      <p>Approuv&#233; de ex&#233;cuteur testamentaire</p>
      <p>Approuv&#233; vu ex&#233;cuteur testamentaire</p>
      <p>[1e page : Lu et approuv&#233; L. [Illisible] 16 septembre 1918]</p>
    </body>
  </text>
</TEI>
