<?xml-model href="http://www.tei-c.org/release/xml/tei/custom/schema/relaxng/tei_all.rng" type="application/xml" schematypens="http://relaxng.org/ns/structure/1.0"?>
<?xml-model href="http://www.tei-c.org/release/xml/tei/custom/schema/relaxng/tei_all.rng" type="application/xml"
	schematypens="http://purl.oclc.org/dsdl/schematron"?>
<TEI xmlns="http://www.tei-c.org/ns/1.0" xml:id="L&#233;onceB&#233;n&#233;dite_KojiroMatsukata_19200814_-7478185808717837326">
  <!-- le document XML, dans sa forme actuelle, n'est pas valide selon la syntaxe TEI:
       la structure d&#233;finie ici devrait contenir d'autres &#233;l&#233;ments -->
  <teiHeader>
    <!-- l'en-t&#234;te de notre document, contenant les m&#233;tadonn&#233;es -->
    <fileDesc>
      <!-- description du fichier encod&#233; et de sa source -->
      <titleStmt>
        <!-- titre du document -->
        <title>Brouillon de lettre, manuscrit, de B&#233;n&#233;dite &#224; Matsukata, en fran&#231;ais sur papier &#224; en-t&#234;te American YMCA, &#171; On active service with the American Expeditionary force &#187;, poursuivie avec un papier &#224; en-t&#234;te du mus&#233;e Rodin. </title>
        <author>L&#233;once B&#233;n&#233;dite</author>
        <respStmt>
          <resp>Production et pr&#233;paration du texte brut</resp>
          <persName>L&#233;a Saint-Raymond</persName>
        </respStmt>
        <respStmt>
          <resp>Transformation automatique du texte brut vers le XML-TEI</resp>
          <persName>Les participant.e.s &#224; l'atelier "Mod&#233;liser et exploiter des corpus textuels" (ENS-PSL, campus d'Ulm)</persName>
        </respStmt>
      </titleStmt>
      <publicationStmt>
        <!-- informations sur le document XML encod&#233; -->
        <publisher>ENS-PSL</publisher>
        <pubPlace>Paris (France)</pubPlace>
        <date>2023-03-31 03:27:18.398869</date>
      </publicationStmt>
      <sourceDesc>
        <!-- informations sur la source: la lettre que l'on encode -->
        <bibl type="brouillon">
          <author>L&#233;once B&#233;n&#233;dite</author>
          <title>Brouillon de lettre, manuscrit, de B&#233;n&#233;dite &#224; Matsukata, en fran&#231;ais sur papier &#224; en-t&#234;te American YMCA, &#171; On active service with the American Expeditionary force &#187;, poursuivie avec un papier &#224; en-t&#234;te du mus&#233;e Rodin. </title>
          <date>1920-08-14</date>
          <msIdentifier>
            <institution>INHA</institution>
            <idno>INHA 69 et 70</idno>
          </msIdentifier>
        </bibl>
      </sourceDesc>
    </fileDesc>
    <encodingDesc>
      <!-- informations sur l'encodage :
           - tei:editorialDecl, d&#233;crivant la m&#233;thode de production du document XML 
           - tei:projectDesc, contexte de production du XML 
      -->
      <editorialDecl>
        <p>Production de l'encodage XML r&#233;alis&#233;e automatiquement avec la librairie LXML de Python &#224; partir d'une version en texte brut de la correspondance de Matsukata</p>
      </editorialDecl>
      <projectDesc>
        <p>L'atelier "Mod&#233;liser et exploiter des corpus textuels" a donn&#233; lieu &#224; cet encodage.</p>
      </projectDesc>
    </encodingDesc>
    <profileDesc>
      <!-- informations non bibliographiques sur le document encod&#233; 
           cet &#233;l&#233;ment l&#224; sera compl&#233;t&#233; par:
           - un tei:particDesc, qui d&#233;crit tout.es les personnes ayant &#233;crit
             ou re&#231;u des lettres dans le corpus Matsutaka
           - un tei:settingDesc, qui d&#233;crit tous les lieux d'exp&#233;dition/destination
             des lettres du corpus Matsutaka
           ces &#233;l&#233;ments seront rajout&#233; dans le notebook du cours.
      -->
      <correspDesc>
        <!-- description de la correspondance -->
        <correspAction type="sent">
          <persName>L&#233;once B&#233;n&#233;dite</persName>
          <placeName>Paris</placeName>
          <date when="1920-08-14">1920-08-14</date>
        </correspAction>
        <correspAction type="received">
          <persName>Kojiro Matsukata</persName>
          <placeName>Kobe</placeName>
        </correspAction>
      </correspDesc>
    </profileDesc>
  </teiHeader>
  <text>
    <!-- le corps du texte. il peut comporter un tei:front et un tei:back
         et doit comporter un tei:body, comprenant le corps du texte -->
    <body>
      <!-- le corps du texte -->
      <opener>
        <salute>Cher M. Matsukata, </salute>
      </opener>
      <p>Vous avez bien tort de vous croire importun en m&#8217;entretenant des affaires de votre mus&#233;e. Je vous ai dit et j&#8217;aime &#224; vous le r&#233;p&#233;ter que je porte un tr&#232;s vif int&#233;r&#234;t &#224; cette fondation qui doit exalter en Extr&#234;me-Orient le prestige de l&#8217;art fran&#231;ais. </p>
      <p>Je vous suis donc toujours reconnaissant de m&#8217;avoir associ&#233; &#224; votre &#339;uvre. </p>
      <p>En ce qui concerne vos travaux pour Rodin, tout va &#234;tre termin&#233; d&#8217;ici 2 mois au plus tard. Il y a eu quelques retards apport&#233;s aux fontes puisque nous avons d&#251; proc&#233;der &#224; la fonte de la statue colossale de la D&#233;fense dont nous avons &#233;lev&#233; le monument &#224; Verdun. C&#8217;est exactement le double de la D&#233;fense qui a &#233;t&#233; fondu pour vous. </p>
      <p>Nous nous occupons activement avec le fondeur Rudier et mon mouleur de la pr&#233;paration du travail de la Porte de l&#8217;Enfer car c&#8217;est une affaire importante et d&#233;licate de mani&#232;re &#224; ce que le remontage puisse &#234;tre facilement ex&#233;cut&#233; au Japon. </p>
      <p>Pour votre collection de peintures, je vous ai d&#233;j&#224; mis au courant de ce que j&#8217;avais fait. J&#8217;ai bien re&#231;u vos indications me proposant de consacrer 30 000 francs pour avoir une &#339;uvre exceptionnelle d&#8217;un des ma&#238;tres d&#233;j&#224; repr&#233;sent&#233;s. </p>
      <p>Je pense qu&#8217;il n&#8217;est pas toujours n&#233;cessaire d&#8217;aller jusqu&#8217;&#224; ce prix pour avoir un chef-d&#8217;&#339;uvre et j&#8217;ai justement le plus grand souci qu&#8217;on n&#8217;abuse pas de votre bonne volont&#233; en exag&#233;rant les prix. </p>
      <p>J&#8217;obtiens m&#234;me chaque fois de s&#233;rieuses r&#233;ductions en raison de l&#8217;&#339;uvre poursuivie, mais pour des artistes tels que Renoir, Carri&#232;re ou Claude Monet, il faut certainement aller plus loin car les &#339;uvres de choix de ces ma&#238;tres atteignent aujourd&#8217;hui un prix tr&#232;s &#233;lev&#233;, et il ne faut, &#233;tant donn&#233; ces prix et la r&#233;putation de ces ma&#238;tres que des pi&#232;ces de 1er ordre. </p>
      <p>Pour Maurice Denis, je vous ai dit que je l&#8217;avais vu Il est tr&#232;s occup&#233; en ce moment &#224; terminer une grande d&#233;coration murale. Je lui ai retenu d&#8217;avance ces toiles qu&#8217;il pourrait ex&#233;cuter par la suite, puisque Brangwyn vous en signale m&#234;me &#224; Londres, il sera int&#233;ressant qu&#8217;il vous l&#8217;ach&#232;te &#233;tant donn&#233; le pont de [Illisible]. </p>
      <p>J&#8217;ai su qu&#8217;il avait voulu acheter pour vous &#224; Londres un tableau du peintre Gillot qu&#8217;il appr&#233;cie beaucoup. Je suis all&#233; chez Gillot qui pr&#233;pare une grande exposition de ses &#339;uvres et je lui ai retenu 2 tr&#232;s belles pi&#232;ces. </p>
      <p>Je vous remercie beaucoup d&#8217;avoir mis &#224; ma disposition une nouvelle somme d&#8217;un million de francs pour vos achats. Vous pouvez &#234;tre assur&#233; qu&#8217;elle sera employ&#233;e le plus utilement pour vous et avec la plus s&#233;v&#232;re &#233;conomie.</p>
      <p>J&#8217;ai pr&#233;par&#233; le catalogue de toutes vos pi&#232;ces mais je pense qu&#8217;il vous int&#233;resserait d&#8217;avoir de chacune ou du moins des principales une photographie qui pourrait servir ult&#233;rieurement &#224; l&#8217;illustration du catalogue. Dans ces conditions comme c&#8217;est une d&#233;pense tr&#232;s modeste, je vais en charger un photographe. </p>
      <p>Je suis f&#226;ch&#233; de savoir que nous ne pourrez pas venir en France avant l&#8217;ann&#233;e prochaine. Pour mon compte, j&#8217;aimerais beaucoup aller vous rendre visite au Japon, malgr&#233; la distance et mes occupations. Je compte &#234;tre en Am&#233;rique et particuli&#232;rement &#224; San Francisco. SI par hasard vos affaires vous appelaient en Californie, ce serait pour moi un vrai plaisir de vous rencontrer. </p>
      <closer>
        <salute>Ma fille se joint &#224; moi pour vous envoyer son meilleur souvenir. </salute>
      </closer>
    </body>
  </text>
</TEI>
