<?xml-model href="http://www.tei-c.org/release/xml/tei/custom/schema/relaxng/tei_all.rng" type="application/xml" schematypens="http://relaxng.org/ns/structure/1.0"?>
<?xml-model href="http://www.tei-c.org/release/xml/tei/custom/schema/relaxng/tei_all.rng" type="application/xml"
	schematypens="http://purl.oclc.org/dsdl/schematron"?>
<TEI xmlns="http://www.tei-c.org/ns/1.0" xml:id="L&#233;onceB&#233;n&#233;dite_KojiroMatsukata_19211010_-2366500958359843561">
  <!-- le document XML, dans sa forme actuelle, n'est pas valide selon la syntaxe TEI:
       la structure d&#233;finie ici devrait contenir d'autres &#233;l&#233;ments -->
  <teiHeader>
    <!-- l'en-t&#234;te de notre document, contenant les m&#233;tadonn&#233;es -->
    <fileDesc>
      <!-- description du fichier encod&#233; et de sa source -->
      <titleStmt>
        <!-- titre du document -->
        <title>Brouillon de lettre de Benedite &#224; Matsukata. </title>
        <author>L&#233;once B&#233;n&#233;dite</author>
        <respStmt>
          <resp>Production et pr&#233;paration du texte brut</resp>
          <persName>L&#233;a Saint-Raymond</persName>
        </respStmt>
        <respStmt>
          <resp>Transformation automatique du texte brut vers le XML-TEI</resp>
          <persName>Les participant.e.s &#224; l'atelier "Mod&#233;liser et exploiter des corpus textuels" (ENS-PSL, campus d'Ulm)</persName>
        </respStmt>
      </titleStmt>
      <publicationStmt>
        <!-- informations sur le document XML encod&#233; -->
        <publisher>ENS-PSL</publisher>
        <pubPlace>Paris (France)</pubPlace>
        <date>2023-03-31 03:27:18.433874</date>
      </publicationStmt>
      <sourceDesc>
        <!-- informations sur la source: la lettre que l'on encode -->
        <bibl type="brouillon">
          <author>L&#233;once B&#233;n&#233;dite</author>
          <title>Brouillon de lettre de Benedite &#224; Matsukata. </title>
          <date>1921-10-10</date>
          <msIdentifier>
            <institution>INHA</institution>
            <idno>INHA 110 et 111</idno>
          </msIdentifier>
        </bibl>
      </sourceDesc>
    </fileDesc>
    <encodingDesc>
      <!-- informations sur l'encodage :
           - tei:editorialDecl, d&#233;crivant la m&#233;thode de production du document XML 
           - tei:projectDesc, contexte de production du XML 
      -->
      <editorialDecl>
        <p>Production de l'encodage XML r&#233;alis&#233;e automatiquement avec la librairie LXML de Python &#224; partir d'une version en texte brut de la correspondance de Matsukata</p>
      </editorialDecl>
      <projectDesc>
        <p>L'atelier "Mod&#233;liser et exploiter des corpus textuels" a donn&#233; lieu &#224; cet encodage.</p>
      </projectDesc>
    </encodingDesc>
    <profileDesc>
      <!-- informations non bibliographiques sur le document encod&#233; 
           cet &#233;l&#233;ment l&#224; sera compl&#233;t&#233; par:
           - un tei:particDesc, qui d&#233;crit tout.es les personnes ayant &#233;crit
             ou re&#231;u des lettres dans le corpus Matsutaka
           - un tei:settingDesc, qui d&#233;crit tous les lieux d'exp&#233;dition/destination
             des lettres du corpus Matsutaka
           ces &#233;l&#233;ments seront rajout&#233; dans le notebook du cours.
      -->
      <correspDesc>
        <!-- description de la correspondance -->
        <correspAction type="sent">
          <persName>L&#233;once B&#233;n&#233;dite</persName>
          <placeName>Paris</placeName>
          <date when="1921-10-10">1921-10-10</date>
        </correspAction>
        <correspAction type="received">
          <persName>Kojiro Matsukata</persName>
          <placeName>Kobe</placeName>
        </correspAction>
      </correspDesc>
    </profileDesc>
  </teiHeader>
  <text>
    <!-- le corps du texte. il peut comporter un tei:front et un tei:back
         et doit comporter un tei:body, comprenant le corps du texte -->
    <body>
      <!-- le corps du texte -->
      <opener>
        <salute>Dear Mr. M.</salute>
      </opener>
      <p>J&#8217;autorise bien volontiers votre ami critique d&#8217;art &#224; publier la photo de la Porte de l&#8217;Enfer si cela peut vous &#234;tre agr&#233;able. Cependant, je dois vous dire que jusqu&#8217;&#224; ce jour, je m&#8217;&#233;tais abstenu de toute communication &#224; la presse pour &#233;viter des discussions, pour ne pas susciter les convoitises des artistes non choisis. </p>
      <p>Du moment que le Times de son c&#244;t&#233; a d&#233;j&#224; donn&#233; en Angleterre l&#8217;indication de vos principales acquisitions, il n&#8217;est plus possible de se montrer aussi r&#233;serv&#233; vis-&#224;-vis des journaux fran&#231;ais. </p>
      <p>M. Narus&#233; [illisible] que vous allez voir doit vous reparler de la question des &#339;uvres que vous avez achet&#233;es chez les marchands de tableaux. La plupart m&#8217;ont t&#233;l&#233;phon&#233; pour me demander ce qu&#8217;il fallait faire exactement de vos acquisitions. Je rappelle, comme je l&#8217;ai dit, que pour la commandite de l&#8217;envoi des &#339;uvres anciennes, il vaudrait mieux rassembler le tout &#224; l&#8217;h&#244;tel Biron. Je vous ai d&#233;j&#224; expliqu&#233; cela. Si vous craignez simplement d&#8217;&#234;tre indiscret &#224; mon &#233;gard, je vous r&#233;p&#233;terais que c&#8217;est une affaire qui concernera simplement mon personnel pour lequel vous aurez seulement &#224; donner une modeste gratification. Vous aurez de cette fa&#231;on plus d&#8217;ordre, plus de m&#233;thode, plus de s&#233;curit&#233; pour l&#8217;exp&#233;dition de ces nombreuses acquisitions. </p>
      <p>Ainsi donc si cela vous va, r&#233;pondez-moi que vous acceptez. J&#8217;aviserai avec tous les marchands. Si pour des motifs &#224; vous, vous avez des objections &#224; ce proc&#233;d&#233;, il est bien entendu que je m&#8217;abstiendrai. Cette remise de vos &#339;uvres me permettra en m&#234;me temps de faire faire les notices pour votre catalogue, notices qu&#8217;il est impossible de faire ailleurs qu&#8217;&#224; Paris o&#249; est la source de tout renseignements. </p>
      <postscript>
        <p>Je pense que vous allez partir dans quelques jours. Je tiens avant votre d&#233;part &#224; vous redire encore toute la satisfaction avec laquelle ma famille et moi nous avons pour votre s&#233;jour &#224; Paris. Nous songeons avec quelque regret que nous ne vous reverrons plus que dans 2 ans mais nous esp&#233;rons bien le printemps prochain avoir le plaisir de votre petite ville. Nous serons enti&#232;rement &#224; sa disposition pour tout ce en quoi nous pourrons lui &#234;tre utile. </p>
      </postscript>
    </body>
  </text>
</TEI>
