<?xml-model href="http://www.tei-c.org/release/xml/tei/custom/schema/relaxng/tei_all.rng" type="application/xml" schematypens="http://relaxng.org/ns/structure/1.0"?>
<?xml-model href="http://www.tei-c.org/release/xml/tei/custom/schema/relaxng/tei_all.rng" type="application/xml"
	schematypens="http://purl.oclc.org/dsdl/schematron"?>
<TEI xmlns="http://www.tei-c.org/ns/1.0" xml:id="L&#233;onceB&#233;n&#233;dite_KojiroMatsukata_19230601_2227504954159649154">
  <!-- le document XML, dans sa forme actuelle, n'est pas valide selon la syntaxe TEI:
       la structure d&#233;finie ici devrait contenir d'autres &#233;l&#233;ments -->
  <teiHeader>
    <!-- l'en-t&#234;te de notre document, contenant les m&#233;tadonn&#233;es -->
    <fileDesc>
      <!-- description du fichier encod&#233; et de sa source -->
      <titleStmt>
        <!-- titre du document -->
        <title>Brouillon de lettre de B&#233;n&#233;dite &#224; Matsukata. </title>
        <author>L&#233;once B&#233;n&#233;dite</author>
        <respStmt>
          <resp>Production et pr&#233;paration du texte brut</resp>
          <persName>L&#233;a Saint-Raymond</persName>
        </respStmt>
        <respStmt>
          <resp>Transformation automatique du texte brut vers le XML-TEI</resp>
          <persName>Les participant.e.s &#224; l'atelier "Mod&#233;liser et exploiter des corpus textuels" (ENS-PSL, campus d'Ulm)</persName>
        </respStmt>
      </titleStmt>
      <publicationStmt>
        <!-- informations sur le document XML encod&#233; -->
        <publisher>ENS-PSL</publisher>
        <pubPlace>Paris (France)</pubPlace>
        <date>2023-03-26 16:02:14.426841</date>
      </publicationStmt>
      <sourceDesc>
        <!-- informations sur la source: la lettre que l'on encode -->
        <bibl type="brouillon">
          <author>L&#233;once B&#233;n&#233;dite</author>
          <title>Brouillon de lettre de B&#233;n&#233;dite &#224; Matsukata. </title>
          <date>1923-06-01</date>
          <msIdentifier>
            <institution>INHA</institution>
            <idno>INHA 211-212</idno>
          </msIdentifier>
        </bibl>
      </sourceDesc>
    </fileDesc>
    <encodingDesc>
      <!-- informations sur l'encodage :
           - tei:editorialDecl, d&#233;crivant la m&#233;thode de production du document XML 
           - tei:projectDesc, contexte de production du XML 
      -->
      <editorialDecl>
        <p>Production de l'encodage XML r&#233;alis&#233;e automatiquement avec la librairie LXML de Python &#224; partir d'une version en texte brut de la correspondance de Matsukata</p>
      </editorialDecl>
      <projectDesc>
        <p>L'atelier "Mod&#233;liser et exploiter des corpus textuels" a donn&#233; lieu &#224; cet encodage.</p>
      </projectDesc>
    </encodingDesc>
    <profileDesc>
      <!-- informations non bibliographiques sur le document encod&#233; 
           cet &#233;l&#233;ment l&#224; sera compl&#233;t&#233; par:
           - un tei:particDesc, qui d&#233;crit tout.es les personnes ayant &#233;crit
             ou re&#231;u des lettres dans le corpus Matsutaka
           - un tei:settingDesc, qui d&#233;crit tous les lieux d'exp&#233;dition/destination
             des lettres du corpus Matsutaka
           ces &#233;l&#233;ments seront rajout&#233; dans le notebook du cours.
      -->
      <correspDesc>
        <!-- description de la correspondance -->
        <correspAction type="sent">
          <persName>L&#233;once B&#233;n&#233;dite</persName>
          <placeName>Paris</placeName>
          <date when="1923-06-01">1923-06-01</date>
        </correspAction>
        <correspAction type="received">
          <persName>Kojiro Matsukata</persName>
          <placeName>Kobe</placeName>
        </correspAction>
      </correspDesc>
    </profileDesc>
  </teiHeader>
  <text>
    <!-- le corps du texte. il peut comporter un tei:front et un tei:back
         et doit comporter un tei:body, comprenant le corps du texte -->
    <body>
      <!-- le corps du texte -->
      <opener>
        <salute>Cher Monsieur Matsukata, </salute>
      </opener>
      <p>Nous avons eu beaucoup de plaisir &#224; la maison &#224; voir votre charmante fille, nous avons admir&#233; combien elle vous ressemblait au physique et aussi au moral. Nous regrettons seulement de n&#8217;avoir pu jouir d&#8217;elle comme nous l&#8217;eussions voulu. J&#8217;esp&#232;re qu&#8217;un prochain voyage on pourra lui faire conna&#238;tre les nombreuses distractions intelligentes de Paris. </p>
      <p>Toutes les photos de la collection Hansen ont &#233;t&#233; faites et je pense que vous les avez d&#233;j&#224; re&#231;ues. M. Narus&#233; s&#8217;&#233;tait charg&#233; de l&#8217;envoi. Je ne l&#8217;ai pas vu depuis longtemps car il est toujours en voyage. </p>
      <p>Le choix comme je vous le disais a &#233;t&#233; excellent sauf quelques pi&#232;ces que je regrette. Vous avez en somme le meilleur de la collection Hansen. Je n&#8217;ai plus eu beaucoup &#224; acheter en ce moment ne disant vous acqu&#233;rir que les pi&#232;ces de choix. Je vous ai seulement achet&#233; pour une somme modique 4 500 f cinq tr&#232;s belles aquarelles de Signac qui vous le savez est le successeur de Claude Monet comme impressionniste. </p>
      <p>La Porte de l&#8217;Enfer est en effet sur sa fin et on va bient&#244;t la (illisible) pour juger de l&#8217;ensemble, voir la patine qui lui convient. </p>
      <p>Pour Dard&#233;, on pr&#233;pare la fonte du Faune (illisible) la pierre cause un &#233;merveillement continu &#224; ceux qui visitent le jardin de l&#8217;h&#244;tel Biron o&#249; je l&#8217;ai plac&#233;. </p>
      <p>On vous parle beaucoup d&#8217;une exposition &#224; faire au Japon dont on me demande de prendre la pr&#233;sidence, o&#249; Aman-Jean vient repr&#233;senter le gouvernement fran&#231;ais mais (illisible) reste encore tr&#232;s incertain. J&#8217;enverra Aman-Jean aller vous saluer chez vous. </p>
    </body>
  </text>
</TEI>
