<?xml-model href="http://www.tei-c.org/release/xml/tei/custom/schema/relaxng/tei_all.rng" type="application/xml" schematypens="http://relaxng.org/ns/structure/1.0"?>
<?xml-model href="http://www.tei-c.org/release/xml/tei/custom/schema/relaxng/tei_all.rng" type="application/xml"
	schematypens="http://purl.oclc.org/dsdl/schematron"?>
<TEI xmlns="http://www.tei-c.org/ns/1.0" xml:id="L&#233;onceB&#233;n&#233;dite_KojiroMatsukata_19241204_-3427555011609730289">
  <!-- le document XML, dans sa forme actuelle, n'est pas valide selon la syntaxe TEI:
       la structure d&#233;finie ici devrait contenir d'autres &#233;l&#233;ments -->
  <teiHeader>
    <!-- l'en-t&#234;te de notre document, contenant les m&#233;tadonn&#233;es -->
    <fileDesc>
      <!-- description du fichier encod&#233; et de sa source -->
      <titleStmt>
        <!-- titre du document -->
        <title>Lettre de L&#233;once B&#233;n&#233;dite &#224; Matsukata, en-t&#234;te du mus&#233;e Rodin. </title>
        <author>L&#233;once B&#233;n&#233;dite</author>
        <respStmt>
          <resp>Production et pr&#233;paration du texte brut</resp>
          <persName>L&#233;a Saint-Raymond</persName>
        </respStmt>
        <respStmt>
          <resp>Transformation automatique du texte brut vers le XML-TEI</resp>
          <persName>Les participant.e.s &#224; l'atelier "Mod&#233;liser et exploiter des corpus textuels" (ENS-PSL, campus d'Ulm)</persName>
        </respStmt>
      </titleStmt>
      <publicationStmt>
        <!-- informations sur le document XML encod&#233; -->
        <publisher>ENS-PSL</publisher>
        <pubPlace>Paris (France)</pubPlace>
        <date>2023-03-26 16:02:14.456080</date>
      </publicationStmt>
      <sourceDesc>
        <!-- informations sur la source: la lettre que l'on encode -->
        <bibl type="lettre">
          <author>L&#233;once B&#233;n&#233;dite</author>
          <title>Lettre de L&#233;once B&#233;n&#233;dite &#224; Matsukata, en-t&#234;te du mus&#233;e Rodin. </title>
          <date>1924-12-04</date>
          <msIdentifier>
            <institution>INHA</institution>
            <idno>INHA 245-247</idno>
          </msIdentifier>
        </bibl>
      </sourceDesc>
    </fileDesc>
    <encodingDesc>
      <!-- informations sur l'encodage :
           - tei:editorialDecl, d&#233;crivant la m&#233;thode de production du document XML 
           - tei:projectDesc, contexte de production du XML 
      -->
      <editorialDecl>
        <p>Production de l'encodage XML r&#233;alis&#233;e automatiquement avec la librairie LXML de Python &#224; partir d'une version en texte brut de la correspondance de Matsukata</p>
      </editorialDecl>
      <projectDesc>
        <p>L'atelier "Mod&#233;liser et exploiter des corpus textuels" a donn&#233; lieu &#224; cet encodage.</p>
      </projectDesc>
    </encodingDesc>
    <profileDesc>
      <!-- informations non bibliographiques sur le document encod&#233; 
           cet &#233;l&#233;ment l&#224; sera compl&#233;t&#233; par:
           - un tei:particDesc, qui d&#233;crit tout.es les personnes ayant &#233;crit
             ou re&#231;u des lettres dans le corpus Matsutaka
           - un tei:settingDesc, qui d&#233;crit tous les lieux d'exp&#233;dition/destination
             des lettres du corpus Matsutaka
           ces &#233;l&#233;ments seront rajout&#233; dans le notebook du cours.
      -->
      <correspDesc>
        <!-- description de la correspondance -->
        <correspAction type="sent">
          <persName ref="#leoncebenedite">L&#233;once B&#233;n&#233;dite</persName>
          <placeName ref="#paris">Paris</placeName>
          <date when="1924-12-04">1924-12-04</date>
        </correspAction>
        <correspAction type="received">
          <persName ref="#kojiromatsukata">Kojiro Matsukata</persName>
          <placeName ref="#kobe">Kobe</placeName>
        </correspAction>
      </correspDesc>
      <settingDesc>
        <listPlace>
          <place xml:id="kobe">
            <placeName>Kobe</placeName>
            <location>
              <geo>135.1943764 34.6932379</geo>
            </location>
          </place>
          <place xml:id="paris">
            <placeName>Paris</placeName>
            <location>
              <geo>2.3483915 48.8534951</geo>
            </location>
          </place>
          <place xml:id="londres">
            <placeName>Londres</placeName>
            <location>
              <geo>-0.12765 51.5073359</geo>
            </location>
          </place>
          <place xml:id="na">
            <placeName>NA</placeName>
          </place>
          <place xml:id="abondant">
            <placeName>Abondant</placeName>
            <location>
              <geo>1.4411738 48.7822754</geo>
            </location>
          </place>
          <place xml:id="boulognebillancourt">
            <placeName>Boulogne-Billancourt</placeName>
            <location>
              <geo>2.240206 48.8356649</geo>
            </location>
          </place>
          <place xml:id="newyork">
            <placeName>New York</placeName>
            <location>
              <geo>-74.0060152 40.7127281</geo>
            </location>
          </place>
          <place xml:id="chateauthierry">
            <placeName>Ch&#226;teau-Thierry</placeName>
            <location>
              <geo>3.4027111 49.0457362</geo>
            </location>
          </place>
          <place xml:id="venise">
            <placeName>Venise</placeName>
            <location>
              <geo>12.3345898 45.4371908</geo>
            </location>
          </place>
          <place xml:id="malakoff">
            <placeName>Malakoff</placeName>
            <location>
              <geo>2.3019814 48.8211559</geo>
            </location>
          </place>
          <place xml:id="sevres">
            <placeName>S&#232;vres</placeName>
            <location>
              <geo>2.2127083 48.8247407</geo>
            </location>
          </place>
          <place xml:id="lyon">
            <placeName>Lyon</placeName>
            <location>
              <geo>4.8320114 45.7578137</geo>
            </location>
          </place>
          <place xml:id="nice">
            <placeName>Nice</placeName>
            <location>
              <geo>7.2683912 43.7009358</geo>
            </location>
          </place>
          <place xml:id="bagneresdeluchon">
            <placeName>Bagn&#232;res-de-Luchon</placeName>
            <location>
              <geo>0.5912279 42.7910617</geo>
            </location>
          </place>
          <place xml:id="kobejapon">
            <placeName>Kobe, Japon</placeName>
          </place>
          <place xml:id="prague">
            <placeName>Prague</placeName>
            <location>
              <geo>14.4212535 50.0874654</geo>
            </location>
          </place>
          <place xml:id="deauville">
            <placeName>Deauville</placeName>
            <location>
              <geo>0.0752778 49.36</geo>
            </location>
          </place>
          <place xml:id="hammersmith">
            <placeName>Hammersmith</placeName>
            <location>
              <geo>-0.2236401 51.4920377</geo>
            </location>
          </place>
          <place xml:id="hassocks31sussex">
            <placeName>Hassocks 31, Sussex</placeName>
          </place>
        </listPlace>
      </settingDesc>
      <particDesc>
        <listPerson>
          <person xml:id="kojiromatsukata">
            <persName>Kojiro Matsukata</persName>
          </person>
          <person xml:id="seichinaruse">
            <persName>Seichi Naruse</persName>
          </person>
          <person xml:id="leoncebenedite">
            <persName>L&#233;once B&#233;n&#233;dite</persName>
            <persName>L&#233;once B&#233;n&#233;dite ?</persName>
          </person>
          <person type="PERSON" xml:id="napartic">
            <persName>NA</persName>
            <persName>inconnu</persName>
            <persName>aucun</persName>
          </person>
          <person type="PERSON" xml:id="vizzavona">
            <persName>F. Vizzavona</persName>
          </person>
          <person type="PERSON" xml:id="barbazanges">
            <persName>M. Barbazanges</persName>
          </person>
          <person type="PERSON" xml:id="hioki">
            <persName>Hioki</persName>
          </person>
          <person type="PERSON" xml:id="georgesgrappe">
            <persName>Georges Grappe</persName>
          </person>
          <person type="PERSON" xml:id="havemeyer">
            <persName>Mrs. H. O. Havemeyer</persName>
          </person>
          <person xml:id="banquesuzukic">
            <persName>Banque Suzuki &amp; C&#176;</persName>
            <persName>Banque Suzuki &amp; C&#176; ?</persName>
          </person>
          <person type="PERSON" xml:id="intermediairesdekojiromatsukata">
            <persName>interm&#233;diaires de Kojiro Matsukata ?</persName>
            <persName>interm&#233;diaires de Kojiro Matsukata</persName>
            <persName>Interm&#233;diaires de Kojiro Matsukata</persName>
          </person>
          <person type="PERSON" xml:id="georgesbernheim">
            <persName>Georges Bernheim</persName>
          </person>
          <person type="PERSON" xml:id="paulrosenberg">
            <persName>Paul Rosenberg</persName>
          </person>
          <person xml:id="lenarsetcie">
            <persName>A. L&#233;nars et Cie</persName>
          </person>
          <person xml:id="societedetravauxetindustriesmaritimes">
            <persName>Soci&#233;t&#233; de travaux et industries maritimes</persName>
          </person>
          <person type="PERSON" xml:id="amanjean">
            <persName>Aman-Jean</persName>
          </person>
          <person type="PERSON" xml:id="rosabenedite">
            <persName>Rosa B&#233;n&#233;dite ?</persName>
            <persName>Rosa B&#233;n&#233;dite</persName>
          </person>
          <person type="PERSON" xml:id="andredezarrois">
            <persName>Andr&#233; Dezarrois</persName>
          </person>
          <person type="PERSON" xml:id="rudier">
            <persName>A. Rudier</persName>
          </person>
          <person type="PERSON" xml:id="joshessel">
            <persName>Jos Hessel</persName>
          </person>
          <person type="PERSON" xml:id="galeriedruet">
            <persName>Galerie E. Druet</persName>
          </person>
          <person xml:id="galeriesgeorgespetit">
            <persName>Galeries Georges Petit</persName>
          </person>
          <person type="PERSON" xml:id="romolobarzoni">
            <persName>Romolo Barzoni</persName>
          </person>
          <person type="PERSON" xml:id="galeriebarbazanges">
            <persName>Galerie Barbazanges</persName>
          </person>
          <person xml:id="directeurdesbeauxarts">
            <persName>Directeur des Beaux-Arts</persName>
          </person>
          <person type="PERSON" xml:id="ftempelaere">
            <persName>F . &amp; J. Tempelaere</persName>
          </person>
          <person type="PERSON" xml:id="edmonddavis">
            <persName>Edmond Davis</persName>
          </person>
          <person type="PERSON" xml:id="bernheimjeuneetcie">
            <persName>Bernheim Jeune et Cie</persName>
          </person>
          <person type="PERSON" xml:id="eugenerudier">
            <persName>Eug&#232;ne Rudier</persName>
          </person>
          <person type="PERSON" xml:id="lehallierauprat">
            <persName>Lehallier Auprat&#176;</persName>
          </person>
          <person xml:id="directeurgeneraldesbeauxarts">
            <persName>Directeur G&#233;n&#233;ral des Beaux-Arts</persName>
          </person>
          <person type="PERSON" xml:id="dreveton">
            <persName>Em. Dreveton</persName>
          </person>
          <person type="PERSON" xml:id="etienneclementel">
            <persName>Etienne Clementel</persName>
          </person>
          <person type="PERSON" xml:id="takahatarepresentantdekojiromatsukata">
            <persName>M. Takahata, repr&#233;sentant de Kojiro Matsukata</persName>
          </person>
          <person type="PERSON" xml:id="knoedler">
            <persName>Knoedler</persName>
          </person>
          <person type="PERSON" xml:id="tirant">
            <persName>M. Tirant</persName>
          </person>
          <person type="PERSON" xml:id="madameclemenceau">
            <persName>Madame Clemenceau</persName>
          </person>
          <person xml:id="yamanakaandc">
            <persName>Yamanaka and C&#176;</persName>
          </person>
          <person xml:id="frankbrangwyn">
            <persName>Frank Brangwyn</persName>
          </person>
        </listPerson>
        <listOrg>
          <org type="FAC" xml:id="museedulouvre">
            <orgName>Mus&#233;e du Louvre</orgName>
          </org>
          <org type="ORG" xml:id="compagniealgerienne">
            <orgName>Compagnie alg&#233;rienne</orgName>
          </org>
          <org type="ORG" xml:id="museerodin">
            <orgName>Mus&#233;e Rodin</orgName>
          </org>
          <org type="ORG" xml:id="galeriesbernheimjeuneetcie">
            <orgName>Galeries Bernheim Jeune et Cie</orgName>
          </org>
          <org type="FAC" xml:id="ambassadedujaponaparis">
            <orgName>Ambassade du Japon &#224; Paris</orgName>
          </org>
          <org type="WORK_OF_ART" xml:id="presse">
            <orgName>Presse</orgName>
          </org>
          <org type="ORG" xml:id="speciebankdeyokohama">
            <orgName>Specie Bank de Yokohama</orgName>
          </org>
          <org type="GPE" xml:id="expositiondartfrancaisaprague">
            <orgName>Exposition d&#8217;Art Fran&#231;ais &#224; Prague</orgName>
          </org>
        </listOrg>
      </particDesc>
    </profileDesc>
  </teiHeader>
  <text>
    <!-- le corps du texte. il peut comporter un tei:front et un tei:back
         et doit comporter un tei:body, comprenant le corps du texte -->
    <body>
      <!-- le corps du texte -->
      <opener>
        <salute>Cher Monsieur Matsukata, </salute>
      </opener>
      <p>Il y a vraiment longtemps que je d&#233;sire vous &#233;crire ; j&#8217;ai toujours remis, et j&#8217;en ai du remords, &#224; cause de toutes les affaires que j&#8217;ai lues ici et de la longue et grave maladie de ma femme, qui aujourd&#8217;hui, heureusement, est &#224; peu pr&#232;s r&#233;tablie. </p>
      <p>Je dois commencer par vous dire ce que j&#8217;aurais d&#251; faire depuis longtemps que j&#8217;ai bien re&#231;u les 58 000 francs qui m&#8217;ont &#233;t&#233; vers&#233;s de votre part par M. Narus&#233; qui m&#8217;ont servi &#224; divers paiements 50 000 ont &#233;t&#233; vers&#233;s dont je vous envoie &#224; part le d&#233;tail. </p>
      <p>Depuis, nombre d&#8217;occasions se sont pr&#233;sent&#233;es sans que j&#8217;aie pu vous saisir &#224; temps et vous en faire profiter, puisque vous n&#8217;avez plus de fonds d&#233;pos&#233;s chez Suzuki. </p>
      <p>Je ne sais plus maintenant &#224; qui je dois m&#8217;adresser pour la continuation des travaux que vous avez command&#233;s. J&#8217;ai arr&#234;t&#233; jusqu&#8217;&#224; nouvel ordre les commandes de petits groupes que vous m&#8217;aviez demand&#233; de faire faire. Vous m&#8217;aviez fix&#233; le chiffre de dix, il y en a cinq d&#8217;ex&#233;cut&#233;s. </p>
      <p>Il reste maintenant la question des travaux de la porte de l&#8217;Enfer. Tous les prix, je n&#8217;ai pas besoin de vous le dire ont &#233;t&#233; maintenus au taux d&#8217;autrefois malgr&#233; la hausse constante des mati&#232;res premi&#232;re et de la main d&#8217;&#339;uvre l&#8217;&#233;l&#233;vation g&#233;n&#233;rale des prix. </p>
      <p>Toutefois pour la Porte de l&#8217;Enfer, qui va &#234;tre bient&#244;t achev&#233;e et qu&#8217;on ne tardera pas &#224; monter, il serait d&#233;sirable que vous puissiez nous faire parvenir en une ou plusieurs fois les derniers acomptes qui sont d&#251;s au fondeur. </p>
      <p>Il nous a &#233;t&#233; vers&#233; &#224; ce sujet par la banque Suzuki la somme de : </p>
      <p>Nous avions estim&#233; la fonte des 2 Portes qui comprennent, vous le savez, chacune, 186 figures, &#224; la somme de 6 &#224; 700 000 fr, nous sommes oblig&#233;s ici, le Mus&#233;e ne retenant aucun b&#233;n&#233;fice, de nous arr&#234;ter &#224; ce dernier chiffre malgr&#233; l&#8217;&#233;l&#233;vation g&#233;n&#233;rale des prix, en raison de la hausse consid&#233;rable sur les mati&#232;res premi&#232;res et la main-d&#8217;&#339;uvre. </p>
      <p>Nous vous serions donc oblig&#233;s de nous faire parvenir, en totalit&#233; ou par acomptes, la somme de : </p>
      <p>N&#233;cessaire &#224; la liquidation de ce compte sp&#233;cial.</p>
      <p>J&#8217;ai pris la libert&#233;, apr&#232;s avoir pris l&#8217;avis de M. Narus&#233;, de faire figurer &#224; l&#8217;exposition d&#8217;Art fran&#231;ais de San Francisco &#224; peu pr&#232;s toutes les &#339;uvres provenant de la collection Hansen, de Copenhague. C&#8217;&#233;tait le moyen en les faisant sortir momentan&#233;ment de nous &#233;viter les droits de 10% qu&#8217;ils auraient d&#251; payer &#224; leur entr&#233;e en France, o&#249; les &#339;uvres en transit ne peuvent demeurer qu&#8217;un an, sur la somme de 1 600 000 fr, vous auriez donc eu 160 000 fr &#224; payer ! </p>
      <p>Cet ensemble, d&#251;ment assur&#233; d&#8217;ailleurs, fort admir&#233;, pourra donc soit retourner encore pour un an en France, soit &#234;tre dirig&#233; directement de San Francisco chez vous. Je serais tr&#232;s d&#233;sireux, naturellement, d&#8217;avoir votre avis. </p>
      <p>J&#8217;ai re&#231;u la visite du jeune et aimable m&#233;nage Katano qui m&#8217;a apport&#233; de vos bonnes nouvelles et que je compte revoir sous peu &#224; la maison. J&#8217;apprends en m&#234;me temps que M. Narus&#233; va vous quitter, j&#8217;en suis extr&#234;mement f&#226;ch&#233; : c&#8217;&#233;tait un lien entre le Japon et nous et nous avions pour lui beaucoup d&#8217;amiti&#233;. </p>
      <p>Ainsi donc, pour me r&#233;sumer, auriez-vous l&#8217;obligeance de me faire savoir </p>
      <p>    &#8226; si les tableaux pr&#234;t&#233;s &#224; l&#8217;exposition de San Francisco doivent retourner en France ou &#234;tre dirig&#233;s sur Kob&#233;</p>
      <p>    &#8226; si les commandes que vous avez faites au mus&#233;e Rodin doivent &#234;tre continu&#233;es</p>
      <p>    &#8226; si vous avez d&#233;pos&#233; des fonds dans une autre banque que la banque Suzuki et si je peux, avec toutes les garanties habituelles, vous faire profiter de certaines occasions exceptionnelles.</p>
      <p>Enfin, je vous serais reconnaissant de me permettre de liquider en totalit&#233; ou par acomptes la Porte de l&#8217;Enfer. </p>
      <p>Toute ma famille se joint &#224; moi pour vous adresser ses meilleurs v&#339;ux et affectueux souvenirs, </p>
      <closer>
        <salute>Votre tout d&#233;vou&#233;</salute>
      </closer>
    </body>
  </text>
</TEI>
