<?xml-model href="http://www.tei-c.org/release/xml/tei/custom/schema/relaxng/tei_all.rng" type="application/xml" schematypens="http://relaxng.org/ns/structure/1.0"?>
<?xml-model href="http://www.tei-c.org/release/xml/tei/custom/schema/relaxng/tei_all.rng" type="application/xml"
	schematypens="http://purl.oclc.org/dsdl/schematron"?>
<TEI xmlns="http://www.tei-c.org/ns/1.0" xml:id="L&#233;onceB&#233;n&#233;dite_KojiroMatsukata_19221102_-6714024592523576174">
  <!-- le document XML, dans sa forme actuelle, n'est pas valide selon la syntaxe TEI:
       la structure d&#233;finie ici devrait contenir d'autres &#233;l&#233;ments -->
  <teiHeader>
    <!-- l'en-t&#234;te de notre document, contenant les m&#233;tadonn&#233;es -->
    <fileDesc>
      <!-- description du fichier encod&#233; et de sa source -->
      <titleStmt>
        <!-- titre du document -->
        <title>Brouillon de lettre de B&#233;n&#233;dite &#224; Matsukata, papier &#224; en-t&#234;te &#171; direction des mus&#233;es nationaux. Mus&#233;e du Luxembourg &#187;. </title>
        <author>L&#233;once B&#233;n&#233;dite</author>
        <respStmt>
          <resp>Production et pr&#233;paration du texte brut</resp>
          <persName>L&#233;a Saint-Raymond</persName>
        </respStmt>
        <respStmt>
          <resp>Transformation automatique du texte brut vers le XML-TEI</resp>
          <persName>Les participant.e.s &#224; l'atelier "Mod&#233;liser et exploiter des corpus textuels" (ENS-PSL, campus d'Ulm)</persName>
        </respStmt>
      </titleStmt>
      <publicationStmt>
        <!-- informations sur le document XML encod&#233; -->
        <publisher>ENS-PSL</publisher>
        <pubPlace>Paris (France)</pubPlace>
        <date>2023-03-26 16:02:14.404538</date>
      </publicationStmt>
      <sourceDesc>
        <!-- informations sur la source: la lettre que l'on encode -->
        <bibl type="brouillon">
          <author>L&#233;once B&#233;n&#233;dite</author>
          <title>Brouillon de lettre de B&#233;n&#233;dite &#224; Matsukata, papier &#224; en-t&#234;te &#171; direction des mus&#233;es nationaux. Mus&#233;e du Luxembourg &#187;. </title>
          <date>1922-11-02</date>
          <msIdentifier>
            <institution>INHA</institution>
            <idno>INHA 180 &#224; 182</idno>
          </msIdentifier>
        </bibl>
      </sourceDesc>
    </fileDesc>
    <encodingDesc>
      <!-- informations sur l'encodage :
           - tei:editorialDecl, d&#233;crivant la m&#233;thode de production du document XML 
           - tei:projectDesc, contexte de production du XML 
      -->
      <editorialDecl>
        <p>Production de l'encodage XML r&#233;alis&#233;e automatiquement avec la librairie LXML de Python &#224; partir d'une version en texte brut de la correspondance de Matsukata</p>
      </editorialDecl>
      <projectDesc>
        <p>L'atelier "Mod&#233;liser et exploiter des corpus textuels" a donn&#233; lieu &#224; cet encodage.</p>
      </projectDesc>
    </encodingDesc>
    <profileDesc>
      <!-- informations non bibliographiques sur le document encod&#233; 
           cet &#233;l&#233;ment l&#224; sera compl&#233;t&#233; par:
           - un tei:particDesc, qui d&#233;crit tout.es les personnes ayant &#233;crit
             ou re&#231;u des lettres dans le corpus Matsutaka
           - un tei:settingDesc, qui d&#233;crit tous les lieux d'exp&#233;dition/destination
             des lettres du corpus Matsutaka
           ces &#233;l&#233;ments seront rajout&#233; dans le notebook du cours.
      -->
      <correspDesc>
        <!-- description de la correspondance -->
        <correspAction type="sent">
          <persName ref="#leoncebenedite">L&#233;once B&#233;n&#233;dite</persName>
          <placeName ref="#paris">Paris</placeName>
          <date when="1922-11-02">1922-11-02</date>
        </correspAction>
        <correspAction type="received">
          <persName ref="#kojiromatsukata">Kojiro Matsukata</persName>
          <placeName ref="#kobe">Kobe</placeName>
        </correspAction>
      </correspDesc>
      <settingDesc>
        <listPlace>
          <place xml:id="kobe">
            <placeName>Kobe</placeName>
            <location>
              <geo>135.1943764 34.6932379</geo>
            </location>
          </place>
          <place xml:id="paris">
            <placeName>Paris</placeName>
            <location>
              <geo>2.3483915 48.8534951</geo>
            </location>
          </place>
          <place xml:id="londres">
            <placeName>Londres</placeName>
            <location>
              <geo>-0.12765 51.5073359</geo>
            </location>
          </place>
          <place xml:id="na">
            <placeName>NA</placeName>
          </place>
          <place xml:id="abondant">
            <placeName>Abondant</placeName>
            <location>
              <geo>1.4411738 48.7822754</geo>
            </location>
          </place>
          <place xml:id="boulognebillancourt">
            <placeName>Boulogne-Billancourt</placeName>
            <location>
              <geo>2.240206 48.8356649</geo>
            </location>
          </place>
          <place xml:id="newyork">
            <placeName>New York</placeName>
            <location>
              <geo>-74.0060152 40.7127281</geo>
            </location>
          </place>
          <place xml:id="chateauthierry">
            <placeName>Ch&#226;teau-Thierry</placeName>
            <location>
              <geo>3.4027111 49.0457362</geo>
            </location>
          </place>
          <place xml:id="venise">
            <placeName>Venise</placeName>
            <location>
              <geo>12.3345898 45.4371908</geo>
            </location>
          </place>
          <place xml:id="malakoff">
            <placeName>Malakoff</placeName>
            <location>
              <geo>2.3019814 48.8211559</geo>
            </location>
          </place>
          <place xml:id="sevres">
            <placeName>S&#232;vres</placeName>
            <location>
              <geo>2.2127083 48.8247407</geo>
            </location>
          </place>
          <place xml:id="lyon">
            <placeName>Lyon</placeName>
            <location>
              <geo>4.8320114 45.7578137</geo>
            </location>
          </place>
          <place xml:id="nice">
            <placeName>Nice</placeName>
            <location>
              <geo>7.2683912 43.7009358</geo>
            </location>
          </place>
          <place xml:id="bagneresdeluchon">
            <placeName>Bagn&#232;res-de-Luchon</placeName>
            <location>
              <geo>0.5912279 42.7910617</geo>
            </location>
          </place>
          <place xml:id="kobejapon">
            <placeName>Kobe, Japon</placeName>
          </place>
          <place xml:id="prague">
            <placeName>Prague</placeName>
            <location>
              <geo>14.4212535 50.0874654</geo>
            </location>
          </place>
          <place xml:id="deauville">
            <placeName>Deauville</placeName>
            <location>
              <geo>0.0752778 49.36</geo>
            </location>
          </place>
          <place xml:id="hammersmith">
            <placeName>Hammersmith</placeName>
            <location>
              <geo>-0.2236401 51.4920377</geo>
            </location>
          </place>
          <place xml:id="hassocks31sussex">
            <placeName>Hassocks 31, Sussex</placeName>
          </place>
        </listPlace>
      </settingDesc>
      <particDesc>
        <listPerson>
          <person xml:id="kojiromatsukata">
            <persName>Kojiro Matsukata</persName>
          </person>
          <person xml:id="seichinaruse">
            <persName>Seichi Naruse</persName>
          </person>
          <person xml:id="leoncebenedite">
            <persName>L&#233;once B&#233;n&#233;dite</persName>
            <persName>L&#233;once B&#233;n&#233;dite ?</persName>
          </person>
          <person type="PERSON" xml:id="napartic">
            <persName>NA</persName>
            <persName>inconnu</persName>
            <persName>aucun</persName>
          </person>
          <person type="PERSON" xml:id="vizzavona">
            <persName>F. Vizzavona</persName>
          </person>
          <person type="PERSON" xml:id="barbazanges">
            <persName>M. Barbazanges</persName>
          </person>
          <person type="PERSON" xml:id="hioki">
            <persName>Hioki</persName>
          </person>
          <person type="PERSON" xml:id="georgesgrappe">
            <persName>Georges Grappe</persName>
          </person>
          <person type="PERSON" xml:id="havemeyer">
            <persName>Mrs. H. O. Havemeyer</persName>
          </person>
          <person xml:id="banquesuzukic">
            <persName>Banque Suzuki &amp; C&#176;</persName>
            <persName>Banque Suzuki &amp; C&#176; ?</persName>
          </person>
          <person type="PERSON" xml:id="intermediairesdekojiromatsukata">
            <persName>interm&#233;diaires de Kojiro Matsukata ?</persName>
            <persName>interm&#233;diaires de Kojiro Matsukata</persName>
            <persName>Interm&#233;diaires de Kojiro Matsukata</persName>
          </person>
          <person type="PERSON" xml:id="georgesbernheim">
            <persName>Georges Bernheim</persName>
          </person>
          <person type="PERSON" xml:id="paulrosenberg">
            <persName>Paul Rosenberg</persName>
          </person>
          <person xml:id="lenarsetcie">
            <persName>A. L&#233;nars et Cie</persName>
          </person>
          <person xml:id="societedetravauxetindustriesmaritimes">
            <persName>Soci&#233;t&#233; de travaux et industries maritimes</persName>
          </person>
          <person type="PERSON" xml:id="amanjean">
            <persName>Aman-Jean</persName>
          </person>
          <person type="PERSON" xml:id="rosabenedite">
            <persName>Rosa B&#233;n&#233;dite ?</persName>
            <persName>Rosa B&#233;n&#233;dite</persName>
          </person>
          <person type="PERSON" xml:id="andredezarrois">
            <persName>Andr&#233; Dezarrois</persName>
          </person>
          <person type="PERSON" xml:id="rudier">
            <persName>A. Rudier</persName>
          </person>
          <person type="PERSON" xml:id="joshessel">
            <persName>Jos Hessel</persName>
          </person>
          <person type="PERSON" xml:id="galeriedruet">
            <persName>Galerie E. Druet</persName>
          </person>
          <person xml:id="galeriesgeorgespetit">
            <persName>Galeries Georges Petit</persName>
          </person>
          <person type="PERSON" xml:id="romolobarzoni">
            <persName>Romolo Barzoni</persName>
          </person>
          <person type="PERSON" xml:id="galeriebarbazanges">
            <persName>Galerie Barbazanges</persName>
          </person>
          <person xml:id="directeurdesbeauxarts">
            <persName>Directeur des Beaux-Arts</persName>
          </person>
          <person type="PERSON" xml:id="ftempelaere">
            <persName>F . &amp; J. Tempelaere</persName>
          </person>
          <person type="PERSON" xml:id="edmonddavis">
            <persName>Edmond Davis</persName>
          </person>
          <person type="PERSON" xml:id="bernheimjeuneetcie">
            <persName>Bernheim Jeune et Cie</persName>
          </person>
          <person type="PERSON" xml:id="eugenerudier">
            <persName>Eug&#232;ne Rudier</persName>
          </person>
          <person type="PERSON" xml:id="lehallierauprat">
            <persName>Lehallier Auprat&#176;</persName>
          </person>
          <person xml:id="directeurgeneraldesbeauxarts">
            <persName>Directeur G&#233;n&#233;ral des Beaux-Arts</persName>
          </person>
          <person type="PERSON" xml:id="dreveton">
            <persName>Em. Dreveton</persName>
          </person>
          <person type="PERSON" xml:id="etienneclementel">
            <persName>Etienne Clementel</persName>
          </person>
          <person type="PERSON" xml:id="takahatarepresentantdekojiromatsukata">
            <persName>M. Takahata, repr&#233;sentant de Kojiro Matsukata</persName>
          </person>
          <person type="PERSON" xml:id="knoedler">
            <persName>Knoedler</persName>
          </person>
          <person type="PERSON" xml:id="tirant">
            <persName>M. Tirant</persName>
          </person>
          <person type="PERSON" xml:id="madameclemenceau">
            <persName>Madame Clemenceau</persName>
          </person>
          <person xml:id="yamanakaandc">
            <persName>Yamanaka and C&#176;</persName>
          </person>
          <person xml:id="frankbrangwyn">
            <persName>Frank Brangwyn</persName>
          </person>
        </listPerson>
        <listOrg>
          <org type="FAC" xml:id="museedulouvre">
            <orgName>Mus&#233;e du Louvre</orgName>
          </org>
          <org type="ORG" xml:id="compagniealgerienne">
            <orgName>Compagnie alg&#233;rienne</orgName>
          </org>
          <org type="ORG" xml:id="museerodin">
            <orgName>Mus&#233;e Rodin</orgName>
          </org>
          <org type="ORG" xml:id="galeriesbernheimjeuneetcie">
            <orgName>Galeries Bernheim Jeune et Cie</orgName>
          </org>
          <org type="FAC" xml:id="ambassadedujaponaparis">
            <orgName>Ambassade du Japon &#224; Paris</orgName>
          </org>
          <org type="WORK_OF_ART" xml:id="presse">
            <orgName>Presse</orgName>
          </org>
          <org type="ORG" xml:id="speciebankdeyokohama">
            <orgName>Specie Bank de Yokohama</orgName>
          </org>
          <org type="GPE" xml:id="expositiondartfrancaisaprague">
            <orgName>Exposition d&#8217;Art Fran&#231;ais &#224; Prague</orgName>
          </org>
        </listOrg>
      </particDesc>
    </profileDesc>
  </teiHeader>
  <text>
    <!-- le corps du texte. il peut comporter un tei:front et un tei:back
         et doit comporter un tei:body, comprenant le corps du texte -->
    <body>
      <!-- le corps du texte -->
      <opener>
        <salute>Cher M. Matsukata, </salute>
      </opener>
      <p>Voil&#224; fort longtemps que je voulais vous &#233;crire pour vous tenir au courant de nos petites affaires : je me suis pourtant abstenu de faire beaucoup d&#8217;acquisitions pour vous ayant attendu que vous ayiez tout liquid&#233; avec vos achats fait &#224; Paris. </p>
      <p>Du c&#244;t&#233; des &#339;uvres de Rodin, vous m&#8217;aviez dit de vous prendre une dizaine de groupes ou petites figures nouveaux. Jusqu&#8217;&#224; pr&#233;sent, je n&#8217;en ai fait faire que 3 ou 4 et j&#8217;attends que vous me confirmiez la commande pour continuer. </p>
      <p>J&#8217;avais &#224; vous parler de diff&#233;rentes affaires qui peuvent vous int&#233;resser. </p>
      <p>1&#176; M. Narus&#233; a d&#251; vous faire parvenir les photos des 7 panneaux du peintre L&#233;on Fr&#233;d&#233;ric : tout est mort, tout est ressuscit&#233; par l&#8217;Amour. C&#8217;est un ensemble extr&#234;mement remarquable du peintre le plus grand de l&#8217;&#233;cole belge. </p>
      <p>Si cet ensemble qui est digne d&#8217;un grand mus&#233;e vous convenait, il le laisserait au prix de 100 000 fr.</p>
      <p>2&#176; J&#8217;ai organis&#233; au printemps dernier une exposition qui a eu un grand succ&#232;s, de l&#8217;&#339;uvre du sculpteur fran&#231;ais Saint Marceaux et du grand peintre Baudry, l&#8217;un de nos premiers d&#233;corateurs qui a d&#233;cor&#233; le foyer de l&#8217;Op&#233;ra. </p>
      <p>J&#8217;ai expos&#233; l&#8217;ensemble des 14 grands cartons qui ont servi &#224; cette d&#233;coration c&#233;l&#232;bre : la famille serait d&#233;sireuse de se d&#233;faire de cet ensemble, n&#8217;ayant jamais voulu vendre les pi&#232;ces s&#233;par&#233;ment. Je vous signale cette affaire parce qu&#8217;elle est &#233;galement exceptionnelle et bien qu&#8217;ils soient tr&#232;s exigeants pour le prix et qu&#8217;ils aient d&#8217;abord demand&#233; 500 000 fr pour en arriver &#224; 200 000, je suis convaincu qu&#8217;on aurait le tout pour 150 000 fr. </p>
      <p>Et voici maintenant l&#8217;affaire la plus extraordinaire. M. Narus&#233; vous a d&#233;j&#224; &#233;crit &#224; ce sujet vous envoyant un catalogue. Voici ce dont il s&#8217;agit. </p>
      <p>Le directeur d&#8217;une grande compagnie d&#8217;assurances au Danemark, M. Hansen a recrut&#233; depuis de longues ann&#233;es un ensemble vraiment unique de pi&#232;ces de premier ordre de l&#8217;&#233;cole fran&#231;aise moderne. C&#8217;est un incomparable mus&#233;e dont le Louvre et le Luxembourg pourraient &#234;tre jaloux. Ce mus&#233;e &#233;tait destin&#233; &#224; la pens&#233;e de M. Hansen &#224; &#234;tre offert &#224; la nation danoise. Des sp&#233;culations malheureuses l&#8217;obligent &#224; se d&#233;faire d&#8217;une partie de sa collection pour payer une partie de ses dettes.</p>
      <p>Il a fait une d&#233;marche confidentielle aupr&#232;s de moi pour que je lui trouve un amateur. Il faut absolument qu&#8217;il trouve une somme de 4 millions de francs, argent fran&#231;ais ce qui avec le change actuel se produirait environ &#224; 1 800 000 fr. Moyennant ce prix on pourrait pr&#233;lever dans sa collection un certain nombre de pi&#232;ces de premier ordre au choix. </p>
      <p>Je pense qu&#8217;on pourrait faire une moyenne d&#8217;une quarantaine de pi&#232;ces cot&#233;es &#224; 100 000 fr l&#8217;une ou l&#8217;autre bien que les Manet, les Corot, les Daumier et les Delacroix d&#233;passent de beaucoup ces chiffres. Peut-&#234;tre du reste pourrait-on demander plus. </p>
      <p>M. Hansen ne semble pas solliciter du preneur un paiement imm&#233;diat, une signature et probablement un acompte si cette affaire pouvait &#234;tre conclue, l&#8217;acqu&#233;reur aurait en un seul coup un merveilleux mus&#233;e. Je ne vous cite pas les noms des peintres repr&#233;sent&#233;s puisque vous avez re&#231;u le catalogue. </p>
      <p>Je vous renouvelle, bien que cela me semble inutile aupr&#232;s de vous, qu&#8217;en toutes ces affaires je suis personnellement absolument d&#233;sint&#233;ress&#233;, et je n&#8217;ai pas besoin d&#8217;ajouter qu&#8217;en aucun cas que ce soit, je n&#8217;accepte la plus minime commission. Vous m&#8217;excuserez de le r&#233;p&#233;ter, mais je tiens &#224; ce qu&#8217;il n&#8217;y ait pas le moindre doute &#224; ce sujet. </p>
      <closer>
        <salute>Ma femme, mes filles se rappellent &#224; votre bon souvenir et je suis toujours votre tout d&#233;vou&#233;.</salute>
      </closer>
      <postscript>
        <p>PS : je n&#8217;ai eu aucune nouvelle du tableau de M. Takenushi. Son tableau est tr&#232;s beau et j&#8217;aurais &#233;t&#233; bien heureux de l&#8217;exposer dans mon nouveau mus&#233;e des sessions &#233;trang&#232;res du Jeu de Paume. </p>
      </postscript>
    </body>
  </text>
</TEI>
