<?xml-model href="http://www.tei-c.org/release/xml/tei/custom/schema/relaxng/tei_all.rng" type="application/xml" schematypens="http://relaxng.org/ns/structure/1.0"?>
<?xml-model href="http://www.tei-c.org/release/xml/tei/custom/schema/relaxng/tei_all.rng" type="application/xml"
	schematypens="http://purl.oclc.org/dsdl/schematron"?>
<TEI xmlns="http://www.tei-c.org/ns/1.0" xml:id="L&#233;onceB&#233;n&#233;dite_MTakahatarepr&#233;sentantdeKojiroMatsukata_19181114_-6802733134864067780">
  <!-- le document XML, dans sa forme actuelle, n'est pas valide selon la syntaxe TEI:
       la structure d&#233;finie ici devrait contenir d'autres &#233;l&#233;ments -->
  <teiHeader>
    <!-- l'en-t&#234;te de notre document, contenant les m&#233;tadonn&#233;es -->
    <fileDesc>
      <!-- description du fichier encod&#233; et de sa source -->
      <titleStmt>
        <!-- titre du document -->
        <title>Lettre manuscrite, sur en-t&#234;te du mus&#233;e Rodin, de B&#233;n&#233;dite ( ?) &#224;  M. Takahata &#224; ??. </title>
        <author>L&#233;once B&#233;n&#233;dite</author>
        <respStmt>
          <resp>Production et pr&#233;paration du texte brut</resp>
          <persName>L&#233;a Saint-Raymond</persName>
        </respStmt>
        <respStmt>
          <resp>Transformation automatique du texte brut vers le XML-TEI</resp>
          <persName>Les participant.e.s &#224; l'atelier "Mod&#233;liser et exploiter des corpus textuels" (ENS-PSL, campus d'Ulm)</persName>
        </respStmt>
      </titleStmt>
      <publicationStmt>
        <!-- informations sur le document XML encod&#233; -->
        <publisher>ENS-PSL</publisher>
        <pubPlace>Paris (France)</pubPlace>
        <date>2023-03-26 16:02:14.269805</date>
      </publicationStmt>
      <sourceDesc>
        <!-- informations sur la source: la lettre que l'on encode -->
        <bibl type="lettre">
          <author>L&#233;once B&#233;n&#233;dite</author>
          <title>Lettre manuscrite, sur en-t&#234;te du mus&#233;e Rodin, de B&#233;n&#233;dite ( ?) &#224;  M. Takahata &#224; ??. </title>
          <date>1918-11-14</date>
          <msIdentifier>
            <institution>INHA</institution>
            <idno>INHA 12 et 13</idno>
          </msIdentifier>
        </bibl>
      </sourceDesc>
    </fileDesc>
    <encodingDesc>
      <!-- informations sur l'encodage :
           - tei:editorialDecl, d&#233;crivant la m&#233;thode de production du document XML 
           - tei:projectDesc, contexte de production du XML 
      -->
      <editorialDecl>
        <p>Production de l'encodage XML r&#233;alis&#233;e automatiquement avec la librairie LXML de Python &#224; partir d'une version en texte brut de la correspondance de Matsukata</p>
      </editorialDecl>
      <projectDesc>
        <p>L'atelier "Mod&#233;liser et exploiter des corpus textuels" a donn&#233; lieu &#224; cet encodage.</p>
      </projectDesc>
    </encodingDesc>
    <profileDesc>
      <!-- informations non bibliographiques sur le document encod&#233; 
           cet &#233;l&#233;ment l&#224; sera compl&#233;t&#233; par:
           - un tei:particDesc, qui d&#233;crit tout.es les personnes ayant &#233;crit
             ou re&#231;u des lettres dans le corpus Matsutaka
           - un tei:settingDesc, qui d&#233;crit tous les lieux d'exp&#233;dition/destination
             des lettres du corpus Matsutaka
           ces &#233;l&#233;ments seront rajout&#233; dans le notebook du cours.
      -->
      <correspDesc>
        <!-- description de la correspondance -->
        <correspAction type="sent">
          <persName>L&#233;once B&#233;n&#233;dite</persName>
          <placeName>Paris</placeName>
          <date when="1918-11-14">1918-11-14</date>
        </correspAction>
        <correspAction type="received">
          <persName>M. Takahata, repr&#233;sentant de Kojiro Matsukata</persName>
          <placeName>NA</placeName>
        </correspAction>
      </correspDesc>
    </profileDesc>
  </teiHeader>
  <text>
    <!-- le corps du texte. il peut comporter un tei:front et un tei:back
         et doit comporter un tei:body, comprenant le corps du texte -->
    <body>
      <!-- le corps du texte -->
      <opener>
        <salute>Cher Monsieur,</salute>
      </opener>
      <p>J&#8217;ai l&#8217;honneur de vous faire conna&#238;tre que j&#8217;ai acquis pour le compte de M. Matsukata, les ouvrages suivants, ils sont conserv&#233;s dans une m&#234;me salle &#224; l&#8217;h&#244;tel Biron et chacun porte une &#233;tiquette indicative. </p>
      <p>Henri Martin : </p>
      <p>    &#8226; Jeune femme cousant : 10 000 fr</p>
      <p>    &#8226; Bassin entour&#233; de fleurs : 10 000 fr</p>
      <p>    &#8226; L&#8217;Eglise de Labastide : 8 000 fr</p>
      <p>    &#8226; Saule, ruisseau du Vert : 5 000 fr</p>
      <p>    &#8226; Mon portrait : 4 000 fr</p>
      <p>    &#8226; Fillette de face : 3 000 fr</p>
      <p>__ 40 000 fr</p>
      <p>Rodin : </p>
      <p>    &#8226; Quatre aquarelles &#224; 2 000 fr : 8 000 fr</p>
      <p>    &#8226; Quatre dessins &#224; 1 500 fr : 6 000 fr</p>
      <p>    &#8226; Victor Hogo, de &#190;, par ong [illisible] : 300 fr</p>
      <p>    &#8226; Antonin Proust : 250 fr</p>
      <p>    &#8226; &#171; Bellone &#187; (sur Japon) : 150 fr</p>
      <p>Soit total : 54 700 fr</p>
      <p>Plus, pour frais de d&#233;placement, envois, transports, etc (et le d&#233;tail ci-joint**) : 500 fr</p>
      <p>___ 55 200 francs</p>
      <p>J&#8217;ai l&#8217;honneur de vous prier de me faire parvenir cette somme.</p>
      <p>Je vous envoie ci-inclus le certificat de d&#233;p&#244;t des ouvrages ci-dessus</p>
      <p>Votre tout d&#233;vou&#233; </p>
      <p>[**compte joint, [INHA 14] ]</p>
      <p>Comptes Matsukata</p>
      <p>    &#8226; Voyage &#224; Bourges (Lhermitte) : Chemin de fer : 55 fr. 2 journ &#224; 20f : 40 fr</p>
      <p>    &#8226; Voyage &#224; Annecy et talloires (Besnard). Ch de fer : 144,75 fr. 4 journ &#224; 20f : 80 fr</p>
      <p>    &#8226; Voyage &#224; Boulogne et Equihen (Cazin) : Ch de fer : 91,50fr. 3 journ &#224; 20fr : 60fr</p>
      <p>    &#8226; Transport tableau Pointelin : 10 fr</p>
      <p>    &#8226; T&#233;l&#233;gramme Bourges : 1,70 fr</p>
      <p>    &#8226; T&#233;l&#233;gramme Talloires : 1,20 fr</p>
      <p>    &#8226; T&#233;l&#233;gramme Talloires : 1,20 fr</p>
      <p>    &#8226; Timbres-poste &#224; 0,15 : 7,50 fr</p>
      <p>    &#8226; Timbres-postes &#224; 0,25 fr : 5 fr</p>
      <p>    &#8226; T&#233;l&#233;gramme Equihem : 1,85 fr</p>
      <p>___ 500 fr</p>
    </body>
  </text>
</TEI>
