<?xml-model href="http://www.tei-c.org/release/xml/tei/custom/schema/relaxng/tei_all.rng" type="application/xml" schematypens="http://relaxng.org/ns/structure/1.0"?>
<?xml-model href="http://www.tei-c.org/release/xml/tei/custom/schema/relaxng/tei_all.rng" type="application/xml"
	schematypens="http://purl.oclc.org/dsdl/schematron"?>
<TEI xmlns="http://www.tei-c.org/ns/1.0" xml:id="L&#233;onceB&#233;n&#233;dite_BanqueSuzukiC_19220121_6616418662240875599">
  <!-- le document XML, dans sa forme actuelle, n'est pas valide selon la syntaxe TEI:
       la structure d&#233;finie ici devrait contenir d'autres &#233;l&#233;ments -->
  <teiHeader>
    <!-- l'en-t&#234;te de notre document, contenant les m&#233;tadonn&#233;es -->
    <fileDesc>
      <!-- description du fichier encod&#233; et de sa source -->
      <titleStmt>
        <!-- titre du document -->
        <title>Note de Leonce Benedite, sur papier &#224; en-t&#234;te du mus&#233;e Rodin, 77 rue Varennes, Paris. </title>
        <author>L&#233;once B&#233;n&#233;dite</author>
        <respStmt>
          <resp>Production et pr&#233;paration du texte brut</resp>
          <persName>L&#233;a Saint-Raymond</persName>
        </respStmt>
        <respStmt>
          <resp>Transformation automatique du texte brut vers le XML-TEI</resp>
          <persName>Les participant.e.s &#224; l'atelier "Mod&#233;liser et exploiter des corpus textuels" (ENS-PSL, campus d'Ulm)</persName>
        </respStmt>
      </titleStmt>
      <publicationStmt>
        <!-- informations sur le document XML encod&#233; -->
        <publisher>ENS-PSL</publisher>
        <pubPlace>Paris (France)</pubPlace>
        <date>2023-03-26 16:02:14.374975</date>
      </publicationStmt>
      <sourceDesc>
        <!-- informations sur la source: la lettre que l'on encode -->
        <bibl type="note">
          <author>L&#233;once B&#233;n&#233;dite</author>
          <title>Note de Leonce Benedite, sur papier &#224; en-t&#234;te du mus&#233;e Rodin, 77 rue Varennes, Paris. </title>
          <date>1922-01-21</date>
          <msIdentifier>
            <institution>INHA</institution>
            <idno>INHA 135 et 136</idno>
          </msIdentifier>
        </bibl>
      </sourceDesc>
    </fileDesc>
    <encodingDesc>
      <!-- informations sur l'encodage :
           - tei:editorialDecl, d&#233;crivant la m&#233;thode de production du document XML 
           - tei:projectDesc, contexte de production du XML 
      -->
      <editorialDecl>
        <p>Production de l'encodage XML r&#233;alis&#233;e automatiquement avec la librairie LXML de Python &#224; partir d'une version en texte brut de la correspondance de Matsukata</p>
      </editorialDecl>
      <projectDesc>
        <p>L'atelier "Mod&#233;liser et exploiter des corpus textuels" a donn&#233; lieu &#224; cet encodage.</p>
      </projectDesc>
    </encodingDesc>
    <profileDesc>
      <!-- informations non bibliographiques sur le document encod&#233; 
           cet &#233;l&#233;ment l&#224; sera compl&#233;t&#233; par:
           - un tei:particDesc, qui d&#233;crit tout.es les personnes ayant &#233;crit
             ou re&#231;u des lettres dans le corpus Matsutaka
           - un tei:settingDesc, qui d&#233;crit tous les lieux d'exp&#233;dition/destination
             des lettres du corpus Matsutaka
           ces &#233;l&#233;ments seront rajout&#233; dans le notebook du cours.
      -->
      <correspDesc>
        <!-- description de la correspondance -->
        <correspAction type="sent">
          <persName>L&#233;once B&#233;n&#233;dite</persName>
          <placeName>Paris</placeName>
          <date when="1922-01-21">1922-01-21</date>
        </correspAction>
        <correspAction type="received">
          <persName>Banque Suzuki &amp; C&#176;</persName>
          <placeName>Londres</placeName>
        </correspAction>
      </correspDesc>
    </profileDesc>
  </teiHeader>
  <text>
    <!-- le corps du texte. il peut comporter un tei:front et un tei:back
         et doit comporter un tei:body, comprenant le corps du texte -->
    <body>
      <!-- le corps du texte -->
      <p>Envoi de lettre &#224; M. M. Suzuki.</p>
      <p>Le Conservateur du Mus&#233;e Rodin soussign&#233; certifie que les ouvrages suivants d&#233;pos&#233;s au Mus&#233;e Rodin appartiennent &#224; M. Matsukata de Kobe (Japon)</p>
      <p>Besnard : </p>
      <p>    &#8226; L&#8217;Automne, grande d&#233;coration &#224; la d&#233;trempe : 20 000 f</p>
      <p>    &#8226; Buste de jeune femme sous un arbre, d&#233;trempe : 8 000 f</p>
      <p>    &#8226; Cavaliers arabes, peinture &#224; l&#8217;huile : 12 000 f</p>
      <p>Charlot : </p>
      <p>    &#8226; Paysage du Morvan : 3 000 f</p>
      <p>Mont&#233;zin : </p>
      <p>    &#8226; Les peupliers : 2 000 f</p>
      <p>    &#8226; Bords de rivi&#232;re : 1 200 f</p>
      <p>Camille Roche : </p>
      <p>    &#8226; Femme nue couch&#233;e, dessin aux crayons : 1 000 f</p>
      <p>___ 47 200 f.</p>
      <p>Paris, le 21 janvier 1922</p>
      <closer>
        <signed>Sign&#233; : L&#233;once B&#233;n&#233;dite. </signed>
      </closer>
    </body>
  </text>
</TEI>
