<?xml-model href="http://www.tei-c.org/release/xml/tei/custom/schema/relaxng/tei_all.rng" type="application/xml" schematypens="http://relaxng.org/ns/structure/1.0"?>
<?xml-model href="http://www.tei-c.org/release/xml/tei/custom/schema/relaxng/tei_all.rng" type="application/xml"
	schematypens="http://purl.oclc.org/dsdl/schematron"?>
<TEI xmlns="http://www.tei-c.org/ns/1.0" xml:id="L&#233;onceB&#233;n&#233;dite_BanqueSuzukiC_19240226_5776159771648236266">
  <!-- le document XML, dans sa forme actuelle, n'est pas valide selon la syntaxe TEI:
       la structure d&#233;finie ici devrait contenir d'autres &#233;l&#233;ments -->
  <teiHeader>
    <!-- l'en-t&#234;te de notre document, contenant les m&#233;tadonn&#233;es -->
    <fileDesc>
      <!-- description du fichier encod&#233; et de sa source -->
      <titleStmt>
        <!-- titre du document -->
        <title>Au verso de la lettre du 21 f&#233;vrier 1924, dat&#233; du 26 f&#233;vrier 1924, mot de B&#233;n&#233;dite. </title>
        <author>L&#233;once B&#233;n&#233;dite</author>
        <respStmt>
          <resp>Production et pr&#233;paration du texte brut</resp>
          <persName>L&#233;a Saint-Raymond</persName>
        </respStmt>
        <respStmt>
          <resp>Transformation automatique du texte brut vers le XML-TEI</resp>
          <persName>Les participant.e.s &#224; l'atelier "Mod&#233;liser et exploiter des corpus textuels" (ENS-PSL, campus d'Ulm)</persName>
        </respStmt>
      </titleStmt>
      <publicationStmt>
        <!-- informations sur le document XML encod&#233; -->
        <publisher>ENS-PSL</publisher>
        <pubPlace>Paris (France)</pubPlace>
        <date>2023-03-26 16:02:14.444564</date>
      </publicationStmt>
      <sourceDesc>
        <!-- informations sur la source: la lettre que l'on encode -->
        <bibl type="au">
          <author>L&#233;once B&#233;n&#233;dite</author>
          <title>Au verso de la lettre du 21 f&#233;vrier 1924, dat&#233; du 26 f&#233;vrier 1924, mot de B&#233;n&#233;dite. </title>
          <date>1924-02-26</date>
          <msIdentifier>
            <institution>INHA</institution>
            <idno>INHA 230</idno>
          </msIdentifier>
        </bibl>
      </sourceDesc>
    </fileDesc>
    <encodingDesc>
      <!-- informations sur l'encodage :
           - tei:editorialDecl, d&#233;crivant la m&#233;thode de production du document XML 
           - tei:projectDesc, contexte de production du XML 
      -->
      <editorialDecl>
        <p>Production de l'encodage XML r&#233;alis&#233;e automatiquement avec la librairie LXML de Python &#224; partir d'une version en texte brut de la correspondance de Matsukata</p>
      </editorialDecl>
      <projectDesc>
        <p>L'atelier "Mod&#233;liser et exploiter des corpus textuels" a donn&#233; lieu &#224; cet encodage.</p>
      </projectDesc>
    </encodingDesc>
    <profileDesc>
      <!-- informations non bibliographiques sur le document encod&#233; 
           cet &#233;l&#233;ment l&#224; sera compl&#233;t&#233; par:
           - un tei:particDesc, qui d&#233;crit tout.es les personnes ayant &#233;crit
             ou re&#231;u des lettres dans le corpus Matsutaka
           - un tei:settingDesc, qui d&#233;crit tous les lieux d'exp&#233;dition/destination
             des lettres du corpus Matsutaka
           ces &#233;l&#233;ments seront rajout&#233; dans le notebook du cours.
      -->
      <correspDesc>
        <!-- description de la correspondance -->
        <correspAction type="sent">
          <persName>L&#233;once B&#233;n&#233;dite</persName>
          <placeName>Paris</placeName>
          <date when="1924-02-26">1924-02-26</date>
        </correspAction>
        <correspAction type="received">
          <persName>Banque Suzuki &amp; C&#176;</persName>
          <placeName>Londres</placeName>
        </correspAction>
      </correspDesc>
    </profileDesc>
  </teiHeader>
  <text>
    <!-- le corps du texte. il peut comporter un tei:front et un tei:back
         et doit comporter un tei:body, comprenant le corps du texte -->
    <body>
      <!-- le corps du texte -->
      <p>J&#8217;ai bien re&#231;u votre lettre du 21 f&#233;vrier ; cela m&#8217;a surpris en ce sens que Mr Matsukata en me demandant de continuer certaines commandes m&#8217;avait dit lors de son s&#233;jour &#224; Paris qu&#8217;il vous faisait un nouveau d&#233;p&#244;t de 1 200 000 fr. </p>
      <p>En attendant la r&#233;ponse de M. Matsukata relativement au paiement des 50 000 fr que je vous ai demand&#233;s pour la fonte du Baiser, je serais d&#233;sireux de savoir ce qui vous reste exactement des fonds d&#233;pos&#233;s chez vous par M. Matsukata parce qu&#8217;ils nous permettraient sans doute de r&#233;gler un certain nombre de petites notes dont l&#8217;ensemble se monte environ &#224; 20 000 fr. </p>
      <p>Je vous serais tr&#232;s oblig&#233; de me donner une r&#233;ponse urgente &#224; ce sujet, </p>
      <closer>
        <salute>Votre d&#233;vou&#233; </salute>
      </closer>
    </body>
  </text>
</TEI>
