<?xml-model href="http://www.tei-c.org/release/xml/tei/custom/schema/relaxng/tei_all.rng" type="application/xml" schematypens="http://relaxng.org/ns/structure/1.0"?>
<?xml-model href="http://www.tei-c.org/release/xml/tei/custom/schema/relaxng/tei_all.rng" type="application/xml"
	schematypens="http://purl.oclc.org/dsdl/schematron"?>
<TEI xmlns="http://www.tei-c.org/ns/1.0" xml:id="L&#233;onceB&#233;n&#233;dite_KojiroMatsukata_19250210_-7495750525645264097">
  <!-- le document XML, dans sa forme actuelle, n'est pas valide selon la syntaxe TEI:
       la structure d&#233;finie ici devrait contenir d'autres &#233;l&#233;ments -->
  <teiHeader>
    <!-- l'en-t&#234;te de notre document, contenant les m&#233;tadonn&#233;es -->
    <fileDesc>
      <!-- description du fichier encod&#233; et de sa source -->
      <titleStmt>
        <!-- titre du document -->
        <title>Brouillon de lettre de L&#233;once B&#233;n&#233;dite &#224; Kojiro Matsukata. </title>
        <author>L&#233;once B&#233;n&#233;dite</author>
        <respStmt>
          <resp>Production et pr&#233;paration du texte brut</resp>
          <persName>L&#233;a Saint-Raymond</persName>
        </respStmt>
        <respStmt>
          <resp>Transformation automatique du texte brut vers le XML-TEI</resp>
          <persName>Les participant.e.s &#224; l'atelier "Mod&#233;liser et exploiter des corpus textuels" (ENS-PSL, campus d'Ulm)</persName>
        </respStmt>
      </titleStmt>
      <publicationStmt>
        <!-- informations sur le document XML encod&#233; -->
        <publisher>ENS-PSL</publisher>
        <pubPlace>Paris (France)</pubPlace>
        <date>2023-03-31 03:27:18.541108</date>
      </publicationStmt>
      <sourceDesc>
        <!-- informations sur la source: la lettre que l'on encode -->
        <bibl type="brouillon">
          <author>L&#233;once B&#233;n&#233;dite</author>
          <title>Brouillon de lettre de L&#233;once B&#233;n&#233;dite &#224; Kojiro Matsukata. </title>
          <date>1925-02-10</date>
          <msIdentifier>
            <institution>INHA</institution>
            <idno>INHA 256</idno>
          </msIdentifier>
        </bibl>
      </sourceDesc>
    </fileDesc>
    <encodingDesc>
      <!-- informations sur l'encodage :
           - tei:editorialDecl, d&#233;crivant la m&#233;thode de production du document XML 
           - tei:projectDesc, contexte de production du XML 
      -->
      <editorialDecl>
        <p>Production de l'encodage XML r&#233;alis&#233;e automatiquement avec la librairie LXML de Python &#224; partir d'une version en texte brut de la correspondance de Matsukata</p>
      </editorialDecl>
      <projectDesc>
        <p>L'atelier "Mod&#233;liser et exploiter des corpus textuels" a donn&#233; lieu &#224; cet encodage.</p>
      </projectDesc>
    </encodingDesc>
    <profileDesc>
      <!-- informations non bibliographiques sur le document encod&#233; 
           cet &#233;l&#233;ment l&#224; sera compl&#233;t&#233; par:
           - un tei:particDesc, qui d&#233;crit tout.es les personnes ayant &#233;crit
             ou re&#231;u des lettres dans le corpus Matsutaka
           - un tei:settingDesc, qui d&#233;crit tous les lieux d'exp&#233;dition/destination
             des lettres du corpus Matsutaka
           ces &#233;l&#233;ments seront rajout&#233; dans le notebook du cours.
      -->
      <correspDesc>
        <!-- description de la correspondance -->
        <correspAction type="sent">
          <persName>L&#233;once B&#233;n&#233;dite</persName>
          <placeName>Paris</placeName>
          <date when="1925-02-10">1925-02-10</date>
        </correspAction>
        <correspAction type="received">
          <persName>Kojiro Matsukata</persName>
          <placeName>Kobe</placeName>
        </correspAction>
      </correspDesc>
    </profileDesc>
  </teiHeader>
  <text>
    <!-- le corps du texte. il peut comporter un tei:front et un tei:back
         et doit comporter un tei:body, comprenant le corps du texte -->
    <body>
      <!-- le corps du texte -->
      <opener>
        <salute>Cher M. Matsukata, </salute>
      </opener>
      <p>Vous avez g&#226;t&#233; mes filles en leur envoyant ces magnifiques kimonos qui sont d&#8217;admirables &#339;uvres d&#8217;art. Rosa vous dit mieux que moi le profond plaisir que vous leur avez caus&#233; et leur tr&#232;s vive gratitude.</p>
      <p>J&#8217;attends toujours anxieusement de vos nouvelles par lettre pour savoir ce que je devrais faire et pourrais faire pour vous. Je vous ai &#233;crit que puisque tous les tableaux de la collection Hansen ont &#233;t&#233; pr&#234;t&#233;s &#224; l&#8217;exposition de San Francisco, o&#249; elles forment le plus beau et le plus important noyau de l&#8217;exposition r&#233;trospective fran&#231;aise, cette exposition est maintenant prolong&#233;e de six mois. Si, &#224; ce moment, vous d&#233;siriez qu&#8217;on exp&#233;die les tableaux &#224; Kob&#233; ou &#224; Tokio, ce serait la moiti&#233; du chemin de fait. Mais nous pouvons les reprendre en France, si vous ne ( ?) pas le moment venu de les faire entrer au Japon. Et, comme vous me le c&#226;blez, si j&#8217;&#233;tais plus tard emp&#234;ch&#233; de les conserver, je les adresserais &#224; Londres &#224; la maison Yamanaka. </p>
      <p>J&#8217;ai bien re&#231;u les derniers 100 000 frs que vous m&#8217;avez fait remettre par la banque. Je n&#8217;en ai pas encore dispos&#233; ! ne sachant si c&#8217;est pour des commandes au mus&#233;e telles que la Porte de l&#8217;Enfer, ou pour des achats d&#8217;&#339;uvres d&#8217;art. J&#8217;ai d&#251;, malheureusement, laisser passer plusieurs marbres de Rodin &#224; de bonnes conditions. Il y a eu, entre autres une Eve qui a atteint les ench&#232;res de 60.000 et qui, je crois, est d&#233;j&#224; vendue au Japon au moins le double de ce prix. On vient de me signaler d&#8217;Allemagne que une Dana&#239;de, r&#233;plique de celle du Luxembourg et les Sir&#232;nes. Le premier marbre serait de 150.000, le second de 100.000 et il y a une autre Eve en marbre que voudrait acqu&#233;rir le Mus&#233;e de Hambourg. La situation des affaires est telle que l&#8217;on se d&#233;fait de beaucoup d&#8217;&#339;uvres et d&#8217;art qu&#8217;avec le taux actuel de change, on peut faire de bonnes acquisitions. </p>
      <p>Le fondeur Rudier s&#8217;est remis &#224; la Porte de l&#8217;Enfer, qu&#8217;il croit un peu n&#233;glig&#233;e pour d&#8217;autres travaux. Je l&#8217;ai vivement press&#233; et je pense que cet &#233;t&#233;, nous pourrons l&#8217;envoyer ici en place. Mais, comme je vous le disais, il faudrait pour l&#8217;achever un solde de 200.000 francs. Je souhaite que nous vous voyions bient&#244;t en France. Je vous envoie les souvenirs bien cordiaux et reconnaissants de mes enfants et de ma femme et, avec ma ( ?) pour tous les v&#244;tres, je suis toujours votre tout d&#233;vou&#233;.</p>
    </body>
  </text>
</TEI>
