<?xml-model href="http://www.tei-c.org/release/xml/tei/custom/schema/relaxng/tei_all.rng" type="application/xml" schematypens="http://relaxng.org/ns/structure/1.0"?>
<?xml-model href="http://www.tei-c.org/release/xml/tei/custom/schema/relaxng/tei_all.rng" type="application/xml"
	schematypens="http://purl.oclc.org/dsdl/schematron"?>
<TEI xmlns="http://www.tei-c.org/ns/1.0" xml:id="L&#233;onceB&#233;n&#233;dite_KojiroMatsukata_19210605_1591440830828941489">
  <!-- le document XML, dans sa forme actuelle, n'est pas valide selon la syntaxe TEI:
       la structure d&#233;finie ici devrait contenir d'autres &#233;l&#233;ments -->
  <teiHeader>
    <!-- l'en-t&#234;te de notre document, contenant les m&#233;tadonn&#233;es -->
    <fileDesc>
      <!-- description du fichier encod&#233; et de sa source -->
      <titleStmt>
        <!-- titre du document -->
        <title>Brouillon de lettre de Benedite &#224; Matsukata, papier &#224; en-t&#234;te &#171; direction des mus&#233;es nationaux ; mus&#233;e du Luxembourg &#187;. </title>
        <author>L&#233;once B&#233;n&#233;dite</author>
        <respStmt>
          <resp>Production et pr&#233;paration du texte brut</resp>
          <persName>L&#233;a Saint-Raymond</persName>
        </respStmt>
        <respStmt>
          <resp>Transformation automatique du texte brut vers le XML-TEI</resp>
          <persName>Les participant.e.s &#224; l'atelier "Mod&#233;liser et exploiter des corpus textuels" (ENS-PSL, campus d'Ulm)</persName>
        </respStmt>
      </titleStmt>
      <publicationStmt>
        <!-- informations sur le document XML encod&#233; -->
        <publisher>ENS-PSL</publisher>
        <pubPlace>Paris (France)</pubPlace>
        <date>2023-03-26 16:02:14.329358</date>
      </publicationStmt>
      <sourceDesc>
        <!-- informations sur la source: la lettre que l'on encode -->
        <bibl type="brouillon">
          <author>L&#233;once B&#233;n&#233;dite</author>
          <title>Brouillon de lettre de Benedite &#224; Matsukata, papier &#224; en-t&#234;te &#171; direction des mus&#233;es nationaux ; mus&#233;e du Luxembourg &#187;. </title>
          <date>1921-06-05</date>
          <msIdentifier>
            <institution>INHA</institution>
            <idno>INHA 97</idno>
          </msIdentifier>
        </bibl>
      </sourceDesc>
    </fileDesc>
    <encodingDesc>
      <!-- informations sur l'encodage :
           - tei:editorialDecl, d&#233;crivant la m&#233;thode de production du document XML 
           - tei:projectDesc, contexte de production du XML 
      -->
      <editorialDecl>
        <p>Production de l'encodage XML r&#233;alis&#233;e automatiquement avec la librairie LXML de Python &#224; partir d'une version en texte brut de la correspondance de Matsukata</p>
      </editorialDecl>
      <projectDesc>
        <p>L'atelier "Mod&#233;liser et exploiter des corpus textuels" a donn&#233; lieu &#224; cet encodage.</p>
      </projectDesc>
    </encodingDesc>
    <profileDesc>
      <!-- informations non bibliographiques sur le document encod&#233; 
           cet &#233;l&#233;ment l&#224; sera compl&#233;t&#233; par:
           - un tei:particDesc, qui d&#233;crit tout.es les personnes ayant &#233;crit
             ou re&#231;u des lettres dans le corpus Matsutaka
           - un tei:settingDesc, qui d&#233;crit tous les lieux d'exp&#233;dition/destination
             des lettres du corpus Matsutaka
           ces &#233;l&#233;ments seront rajout&#233; dans le notebook du cours.
      -->
      <correspDesc>
        <!-- description de la correspondance -->
        <correspAction type="sent">
          <persName>L&#233;once B&#233;n&#233;dite</persName>
          <placeName>Paris</placeName>
          <date when="1921-06-05">1921-06-05</date>
        </correspAction>
        <correspAction type="received">
          <persName>Kojiro Matsukata</persName>
          <placeName>Kobe</placeName>
        </correspAction>
      </correspDesc>
    </profileDesc>
  </teiHeader>
  <text>
    <!-- le corps du texte. il peut comporter un tei:front et un tei:back
         et doit comporter un tei:body, comprenant le corps du texte -->
    <body>
      <!-- le corps du texte -->
      <opener>
        <salute>Cher Monsieur Matsukata, </salute>
      </opener>
      <p>J&#8217;attendais impatiemment de vos nouvelles et je ne savais o&#249; vous &#233;crire. J&#8217;apprends que vous &#234;tes en ce moment &#224; Londres et que vous devez venir &#224; Paris tr&#232;s prochainement. Je serais tr&#232;s d&#233;sireux que ce ne f&#251;t pas avant le 15, car je dois m&#8217;absenter avec notre ministre pour aller du 9 au 14, inaugurer l&#8217;exposition de Wiesbaden et faire une tourn&#233;e en Rh&#233;nanie et en Alsace. Je serai d&#233;sol&#233; de vous manquer. </p>
      <p>Je serai heureux de vous montrer vos acquisitions r&#233;centes et de prendre votre avis pour la suite. Veuillez, je vous prie, m&#8217;aviser &#224; l&#8217;avance de votre arriv&#233;e, car notre ministre et les membres du Conseil du mus&#233;e Rodin et nos artistes d&#233;sirent voir l&#8217;honneur de vous remercier et de vous t&#233;moigner leur gratitiude. </p>
      <p>Vous avez vu, par la derni&#232;re lettre que j&#8217;ai adress&#233;e &#224; Mr Suzuki que j&#8217;ai command&#233; divers ouvrages &#224; Bourdelle qui est aujourd&#8217;hui, &#224; la suite de Rodin, notre plus grand statuaire. </p>
      <p>Vous verrez votre Porte de l&#8217;Enfer toute termin&#233;e qui va &#234;tre je retarde la mise &#224; la fonte jusqu&#8217;&#224; votre arriv&#233;e. </p>
      <closer>
        <salute>Les meilleurs souvenirs de ma famille qui se r&#233;jouit de vous voir et tous mes sentiments d&#233;vou&#233;s, </salute>
        <signed>L.B.</signed>
      </closer>
    </body>
  </text>
</TEI>
