<?xml-model href="http://www.tei-c.org/release/xml/tei/custom/schema/relaxng/tei_all.rng" type="application/xml" schematypens="http://relaxng.org/ns/structure/1.0"?>
<?xml-model href="http://www.tei-c.org/release/xml/tei/custom/schema/relaxng/tei_all.rng" type="application/xml"
	schematypens="http://purl.oclc.org/dsdl/schematron"?>
<TEI xmlns="http://www.tei-c.org/ns/1.0" xml:id="L&#233;onceB&#233;n&#233;dite_BanqueSuzukiC_19190209_-3632033514134338419">
  <!-- le document XML, dans sa forme actuelle, n'est pas valide selon la syntaxe TEI:
       la structure d&#233;finie ici devrait contenir d'autres &#233;l&#233;ments -->
  <teiHeader>
    <!-- l'en-t&#234;te de notre document, contenant les m&#233;tadonn&#233;es -->
    <fileDesc>
      <!-- description du fichier encod&#233; et de sa source -->
      <titleStmt>
        <!-- titre du document -->
        <title>Note manuscrite de L&#233;once B&#233;n&#233;dite </title>
        <author>L&#233;once B&#233;n&#233;dite</author>
        <respStmt>
          <resp>Production et pr&#233;paration du texte brut</resp>
          <persName>L&#233;a Saint-Raymond</persName>
        </respStmt>
        <respStmt>
          <resp>Transformation automatique du texte brut vers le XML-TEI</resp>
          <persName>Les participant.e.s &#224; l'atelier "Mod&#233;liser et exploiter des corpus textuels" (ENS-PSL, campus d'Ulm)</persName>
        </respStmt>
      </titleStmt>
      <publicationStmt>
        <!-- informations sur le document XML encod&#233; -->
        <publisher>ENS-PSL</publisher>
        <pubPlace>Paris (France)</pubPlace>
        <date>2023-03-26 16:02:14.276019</date>
      </publicationStmt>
      <sourceDesc>
        <!-- informations sur la source: la lettre que l'on encode -->
        <bibl type="note">
          <author>L&#233;once B&#233;n&#233;dite</author>
          <title>Note manuscrite de L&#233;once B&#233;n&#233;dite </title>
          <date>1919-02-09</date>
          <msIdentifier>
            <institution>Mus&#233;e Rodin</institution>
            <idno>Mus&#233;e Rodin, fonds B&#233;n&#233;dite</idno>
          </msIdentifier>
        </bibl>
      </sourceDesc>
    </fileDesc>
    <encodingDesc>
      <!-- informations sur l'encodage :
           - tei:editorialDecl, d&#233;crivant la m&#233;thode de production du document XML 
           - tei:projectDesc, contexte de production du XML 
      -->
      <editorialDecl>
        <p>Production de l'encodage XML r&#233;alis&#233;e automatiquement avec la librairie LXML de Python &#224; partir d'une version en texte brut de la correspondance de Matsukata</p>
      </editorialDecl>
      <projectDesc>
        <p>L'atelier "Mod&#233;liser et exploiter des corpus textuels" a donn&#233; lieu &#224; cet encodage.</p>
      </projectDesc>
    </encodingDesc>
    <profileDesc>
      <!-- informations non bibliographiques sur le document encod&#233; 
           cet &#233;l&#233;ment l&#224; sera compl&#233;t&#233; par:
           - un tei:particDesc, qui d&#233;crit tout.es les personnes ayant &#233;crit
             ou re&#231;u des lettres dans le corpus Matsutaka
           - un tei:settingDesc, qui d&#233;crit tous les lieux d'exp&#233;dition/destination
             des lettres du corpus Matsutaka
           ces &#233;l&#233;ments seront rajout&#233; dans le notebook du cours.
      -->
      <correspDesc>
        <!-- description de la correspondance -->
        <correspAction type="sent">
          <persName>L&#233;once B&#233;n&#233;dite</persName>
          <placeName>Paris</placeName>
          <date when="1919-02-09">1919-02-09</date>
        </correspAction>
        <correspAction type="received">
          <persName>Banque Suzuki &amp; C&#176;</persName>
          <placeName>Londres</placeName>
        </correspAction>
      </correspDesc>
    </profileDesc>
  </teiHeader>
  <text>
    <!-- le corps du texte. il peut comporter un tei:front et un tei:back
         et doit comporter un tei:body, comprenant le corps du texte -->
    <body>
      <!-- le corps du texte -->
      <opener>
        <salute>J&#8217;ai l&#8217;honneur de vous faire conna&#238;tre que j&#8217;ai re&#231;u du fondeur les ouvrages suivants du ma&#238;tre Rodin, destin&#233;s au mus&#233;e que Mr. Matsukata a l&#8217;intention de fonder &#224; Tokio. Ce sont : </salute>
      </opener>
      <p>L&#8217;&#226;ge d&#8217;airain : 30 000 </p>
      <p>Trois danseuses [crayon : Damn&#233;es] 6 000</p>
      <p>Sir&#232;nes 15 000</p>
      <p>La vieille Heaumi&#232;re 8 000</p>
      <p>Faunesse debout 10 000</p>
      <p>Faunesse &#224; genoux 10 000</p>
      <p>Pleureuse 3 000</p>
      <p>Fr&#232;re et s&#339;ur 10 000</p>
      <p>Buste de G Geffroy (illisible) 5 000</p>
      <p>Buste du pape 8 000</p>
      <p>Buste de Mirbeau 5 000</p>
      <p>__ Total : 113 000</p>
      <p>R&#233;duction de 10% : 11 300</p>
      <p>__ 101 700</p>
      <p>Premier versement 60 000</p>
      <p>Reste d&#251; : 41 700</p>
      <p>Ces &#339;uvres sont conserv&#233;es dans une salle sp&#233;ciale de l&#8217;h&#244;tel Biron et d&#251;ment &#233;tiquet&#233;s.</p>
      <p>Je vous serai oblig&#233;, en cons&#233;quence, de me faire parvenir au plus t&#244;t la somme de 41 700 francs.</p>
      <postscript>
        <p>Je vous envoie ci inclus le certificat de d&#233;p&#244;t. [Le ch&#232;que suit le 22 f&#233;vrier, de la London Provincial &amp; South Western Bank]</p>
      </postscript>
    </body>
  </text>
</TEI>
