<?xml-model href="http://www.tei-c.org/release/xml/tei/custom/schema/relaxng/tei_all.rng" type="application/xml" schematypens="http://relaxng.org/ns/structure/1.0"?>
<?xml-model href="http://www.tei-c.org/release/xml/tei/custom/schema/relaxng/tei_all.rng" type="application/xml"
	schematypens="http://purl.oclc.org/dsdl/schematron"?>
<TEI xmlns="http://www.tei-c.org/ns/1.0" xml:id="L&#233;onceB&#233;n&#233;dite_BanqueSuzukiC_19210513_-4995040540514639737">
  <!-- le document XML, dans sa forme actuelle, n'est pas valide selon la syntaxe TEI:
       la structure d&#233;finie ici devrait contenir d'autres &#233;l&#233;ments -->
  <teiHeader>
    <!-- l'en-t&#234;te de notre document, contenant les m&#233;tadonn&#233;es -->
    <fileDesc>
      <!-- description du fichier encod&#233; et de sa source -->
      <titleStmt>
        <!-- titre du document -->
        <title>Lettre manuscrite de L&#233;once B&#233;n&#233;dite &#224; Suzuki &amp; Co. </title>
        <author>L&#233;once B&#233;n&#233;dite</author>
        <respStmt>
          <resp>Production et pr&#233;paration du texte brut</resp>
          <persName>L&#233;a Saint-Raymond</persName>
        </respStmt>
        <respStmt>
          <resp>Transformation automatique du texte brut vers le XML-TEI</resp>
          <persName>Les participant.e.s &#224; l'atelier "Mod&#233;liser et exploiter des corpus textuels" (ENS-PSL, campus d'Ulm)</persName>
        </respStmt>
      </titleStmt>
      <publicationStmt>
        <!-- informations sur le document XML encod&#233; -->
        <publisher>ENS-PSL</publisher>
        <pubPlace>Paris (France)</pubPlace>
        <date>2023-03-26 16:02:14.324581</date>
      </publicationStmt>
      <sourceDesc>
        <!-- informations sur la source: la lettre que l'on encode -->
        <bibl type="lettre">
          <author>L&#233;once B&#233;n&#233;dite</author>
          <title>Lettre manuscrite de L&#233;once B&#233;n&#233;dite &#224; Suzuki &amp; Co. </title>
          <date>1921-05-13</date>
          <msIdentifier>
            <institution>Lieu de conservation inconnu</institution>
            <idno>traduite en anglais</idno>
          </msIdentifier>
        </bibl>
      </sourceDesc>
    </fileDesc>
    <encodingDesc>
      <!-- informations sur l'encodage :
           - tei:editorialDecl, d&#233;crivant la m&#233;thode de production du document XML 
           - tei:projectDesc, contexte de production du XML 
      -->
      <editorialDecl>
        <p>Production de l'encodage XML r&#233;alis&#233;e automatiquement avec la librairie LXML de Python &#224; partir d'une version en texte brut de la correspondance de Matsukata</p>
      </editorialDecl>
      <projectDesc>
        <p>L'atelier "Mod&#233;liser et exploiter des corpus textuels" a donn&#233; lieu &#224; cet encodage.</p>
      </projectDesc>
    </encodingDesc>
    <profileDesc>
      <!-- informations non bibliographiques sur le document encod&#233; 
           cet &#233;l&#233;ment l&#224; sera compl&#233;t&#233; par:
           - un tei:particDesc, qui d&#233;crit tout.es les personnes ayant &#233;crit
             ou re&#231;u des lettres dans le corpus Matsutaka
           - un tei:settingDesc, qui d&#233;crit tous les lieux d'exp&#233;dition/destination
             des lettres du corpus Matsutaka
           ces &#233;l&#233;ments seront rajout&#233; dans le notebook du cours.
      -->
      <correspDesc>
        <!-- description de la correspondance -->
        <correspAction type="sent">
          <persName>L&#233;once B&#233;n&#233;dite</persName>
          <placeName>Paris</placeName>
          <date when="1921-05-13">1921-05-13</date>
        </correspAction>
        <correspAction type="received">
          <persName>Banque Suzuki &amp; C&#176;</persName>
          <placeName>Londres</placeName>
        </correspAction>
      </correspDesc>
    </profileDesc>
  </teiHeader>
  <text>
    <!-- le corps du texte. il peut comporter un tei:front et un tei:back
         et doit comporter un tei:body, comprenant le corps du texte -->
    <body>
      <!-- le corps du texte -->
      <opener>
        <salute>Cher M., </salute>
      </opener>
      <p>J&#8217;ai eu l&#8217;honneur de vous &#233;crire le 18 avril pour vous demander de m&#8217;envoyer une somme de 200 000 francs n&#233;cessaire pour la continuation de la Porte de l&#8217;Enfer command&#233;e pour M. Matsukata. J&#8217;ajoutais que j&#8217;attendais en paiement pour la fin du mois courant de mani&#232;re &#224; r&#233;gler les travaux de moulage et de fonte. </p>
      <p>Or, je n&#8217;ai re&#231;u aucune r&#233;ponse.</p>
      <p>Je vous rappelle que M. Matsukata vous a donn&#233; des ordres fermes pour ex&#233;cuter tous les paiements que je sollicitais en son nom du moment que je vous couvre par des re&#231;us en r&#232;gle. Je ne comprends donc pas votre silence. Matsukata, par une lettre du 3 juillet 1920, me fait conna&#238;tre qu&#8217;il a mis &#224; ma disposition une nouvelle somme de un million de francs. </p>
      <p>Dans ces conditions, vous n&#8217;avez aucun motif &#224; ne pas vous conformer aux instructions que vous avez re&#231;ues. Si je n&#8217;ai pas re&#231;u et si je ne re&#231;us pas chaque fois r&#233;guli&#232;rement les sommes demand&#233;es, j&#8217;interromprai tous les travaux, je c&#226;blerai &#224; M. Matsukata et je le mettrai personnellement au courant des obstacle que j&#8217;ai recontr&#233;s &#224; son prochain s&#233;jour en Europe qu&#8217;il m&#8217;annonce pour le mois de juin.  </p>
    </body>
  </text>
</TEI>
