<?xml-model href="http://www.tei-c.org/release/xml/tei/custom/schema/relaxng/tei_all.rng" type="application/xml" schematypens="http://relaxng.org/ns/structure/1.0"?>
<?xml-model href="http://www.tei-c.org/release/xml/tei/custom/schema/relaxng/tei_all.rng" type="application/xml"
	schematypens="http://purl.oclc.org/dsdl/schematron"?>
<TEI xmlns="http://www.tei-c.org/ns/1.0" xml:id="L&#233;onceB&#233;n&#233;dite_interm&#233;diairesdeKojiroMatsukata_19181010_6673818969819427857">
  <!-- le document XML, dans sa forme actuelle, n'est pas valide selon la syntaxe TEI:
       la structure d&#233;finie ici devrait contenir d'autres &#233;l&#233;ments -->
  <teiHeader>
    <!-- l'en-t&#234;te de notre document, contenant les m&#233;tadonn&#233;es -->
    <fileDesc>
      <!-- description du fichier encod&#233; et de sa source -->
      <titleStmt>
        <!-- titre du document -->
        <title>Lettre &#224; en-t&#234;te du mus&#233;e Rodin </title>
        <author>L&#233;once B&#233;n&#233;dite</author>
        <respStmt>
          <resp>Production et pr&#233;paration du texte brut</resp>
          <persName>L&#233;a Saint-Raymond</persName>
        </respStmt>
        <respStmt>
          <resp>Transformation automatique du texte brut vers le XML-TEI</resp>
          <persName>Les participant.e.s &#224; l'atelier "Mod&#233;liser et exploiter des corpus textuels" (ENS-PSL, campus d'Ulm)</persName>
        </respStmt>
      </titleStmt>
      <publicationStmt>
        <!-- informations sur le document XML encod&#233; -->
        <publisher>ENS-PSL</publisher>
        <pubPlace>Paris (France)</pubPlace>
        <date>2023-03-31 03:27:18.360443</date>
      </publicationStmt>
      <sourceDesc>
        <!-- informations sur la source: la lettre que l'on encode -->
        <bibl type="lettre">
          <author>L&#233;once B&#233;n&#233;dite</author>
          <title>Lettre &#224; en-t&#234;te du mus&#233;e Rodin </title>
          <date>1918-10-10</date>
          <msIdentifier>
            <institution>INHA</institution>
            <idno>INHA 7</idno>
          </msIdentifier>
        </bibl>
      </sourceDesc>
    </fileDesc>
    <encodingDesc>
      <!-- informations sur l'encodage :
           - tei:editorialDecl, d&#233;crivant la m&#233;thode de production du document XML 
           - tei:projectDesc, contexte de production du XML 
      -->
      <editorialDecl>
        <p>Production de l'encodage XML r&#233;alis&#233;e automatiquement avec la librairie LXML de Python &#224; partir d'une version en texte brut de la correspondance de Matsukata</p>
      </editorialDecl>
      <projectDesc>
        <p>L'atelier "Mod&#233;liser et exploiter des corpus textuels" a donn&#233; lieu &#224; cet encodage.</p>
      </projectDesc>
    </encodingDesc>
    <profileDesc>
      <!-- informations non bibliographiques sur le document encod&#233; 
           cet &#233;l&#233;ment l&#224; sera compl&#233;t&#233; par:
           - un tei:particDesc, qui d&#233;crit tout.es les personnes ayant &#233;crit
             ou re&#231;u des lettres dans le corpus Matsutaka
           - un tei:settingDesc, qui d&#233;crit tous les lieux d'exp&#233;dition/destination
             des lettres du corpus Matsutaka
           ces &#233;l&#233;ments seront rajout&#233; dans le notebook du cours.
      -->
      <correspDesc>
        <!-- description de la correspondance -->
        <correspAction type="sent">
          <persName>L&#233;once B&#233;n&#233;dite</persName>
          <placeName>Paris</placeName>
          <date when="1918-10-10">1918-10-10</date>
        </correspAction>
        <correspAction type="received">
          <persName>interm&#233;diaires de Kojiro Matsukata</persName>
          <placeName>NA</placeName>
        </correspAction>
      </correspDesc>
    </profileDesc>
  </teiHeader>
  <text>
    <!-- le corps du texte. il peut comporter un tei:front et un tei:back
         et doit comporter un tei:body, comprenant le corps du texte -->
    <body>
      <!-- le corps du texte -->
      <opener>
        <salute>Dear Sir, </salute>
      </opener>
      <p>I beg to let you know that I have on account of Mr Matsukata the following works: </p>
      <p>Charles Cottet : </p>
      <p>    &#8226; L&#8217;office du soir [12 000 : ce montant est &#233;crit au crayon &#224; papier, comme les autres]</p>
      <p>    &#8226; Procession &#224; Plougastel [6000]</p>
      <p>    &#8226; Venise, vue des jardins [4000]</p>
      <p>    &#8226; L&#8217;anse de St Guinol&#233;, (temps de pluie) [3000]</p>
      <p>    &#8226; Le Tage &#224; Tol&#232;de, (temps de pluie) [2500]</p>
      <p>    &#8226; La boucle du Tage &#224; Tol&#232;de [2500]</p>
      <p>Peintures</p>
      <p>Auguste Pointelin : </p>
      <p>    &#8226; Le Vallon, Jura</p>
      <p>    &#8226; Clair de lune, Jura</p>
      <p>    &#8226; Solitude</p>
      <p>    &#8226; Le ruisseau, Jura</p>
      <p>Peintures</p>
      <p>Henri Harpignies : </p>
      <p>    &#8226; Au bord de l&#8217;eau [&#173;]</p>
      <p>Peinture</p>
      <p>[Total 52 000]</p>
      <p>These pictures are deposed at H&#244;tel Biron, in the name of Mr Matsukata,for whom I join to this letter a certificate that will justify his right of property. All the works that belong to Mr Matsukata will be placed together in the same room, and each of them will be labelled.</p>
      <p>I pursue my other negociations, and I beg you in regard of these works to kindly let me have the 52,000 francs they represent.</p>
      <closer>
        <salute>Yours truly</salute>
      </closer>
    </body>
  </text>
</TEI>
