<?xml-model href="http://www.tei-c.org/release/xml/tei/custom/schema/relaxng/tei_all.rng" type="application/xml" schematypens="http://relaxng.org/ns/structure/1.0"?>
<?xml-model href="http://www.tei-c.org/release/xml/tei/custom/schema/relaxng/tei_all.rng" type="application/xml"
	schematypens="http://purl.oclc.org/dsdl/schematron"?>
<TEI xmlns="http://www.tei-c.org/ns/1.0" xml:id="Mus&#233;eRodin_EtienneClementel_19301231_748491022245995542">
  <!-- le document XML, dans sa forme actuelle, n'est pas valide selon la syntaxe TEI:
       la structure d&#233;finie ici devrait contenir d'autres &#233;l&#233;ments -->
  <teiHeader>
    <!-- l'en-t&#234;te de notre document, contenant les m&#233;tadonn&#233;es -->
    <fileDesc>
      <!-- description du fichier encod&#233; et de sa source -->
      <titleStmt>
        <!-- titre du document -->
        <title>Lettre typographi&#233;e de ? H&#244;tel Biron, &#224; Monsieur Etienne Clementel, S&#233;nateur du Puy de D&#244;me. </title>
        <author>Mus&#233;e Rodin</author>
        <respStmt>
          <resp>Production et pr&#233;paration du texte brut</resp>
          <persName>L&#233;a Saint-Raymond</persName>
        </respStmt>
        <respStmt>
          <resp>Transformation automatique du texte brut vers le XML-TEI</resp>
          <persName>Les participant.e.s &#224; l'atelier "Mod&#233;liser et exploiter des corpus textuels" (ENS-PSL, campus d'Ulm)</persName>
        </respStmt>
      </titleStmt>
      <publicationStmt>
        <!-- informations sur le document XML encod&#233; -->
        <publisher>ENS-PSL</publisher>
        <pubPlace>Paris (France)</pubPlace>
        <date>2023-03-31 03:27:18.554181</date>
      </publicationStmt>
      <sourceDesc>
        <!-- informations sur la source: la lettre que l'on encode -->
        <bibl type="lettre">
          <author>Mus&#233;e Rodin</author>
          <title>Lettre typographi&#233;e de ? H&#244;tel Biron, &#224; Monsieur Etienne Clementel, S&#233;nateur du Puy de D&#244;me. </title>
          <date>1930-12-31</date>
          <msIdentifier>
            <institution>Mus&#233;e Rodin</institution>
            <idno>Mus&#233;e Rodin</idno>
          </msIdentifier>
        </bibl>
      </sourceDesc>
    </fileDesc>
    <encodingDesc>
      <!-- informations sur l'encodage :
           - tei:editorialDecl, d&#233;crivant la m&#233;thode de production du document XML 
           - tei:projectDesc, contexte de production du XML 
      -->
      <editorialDecl>
        <p>Production de l'encodage XML r&#233;alis&#233;e automatiquement avec la librairie LXML de Python &#224; partir d'une version en texte brut de la correspondance de Matsukata</p>
      </editorialDecl>
      <projectDesc>
        <p>L'atelier "Mod&#233;liser et exploiter des corpus textuels" a donn&#233; lieu &#224; cet encodage.</p>
      </projectDesc>
    </encodingDesc>
    <profileDesc>
      <!-- informations non bibliographiques sur le document encod&#233; 
           cet &#233;l&#233;ment l&#224; sera compl&#233;t&#233; par:
           - un tei:particDesc, qui d&#233;crit tout.es les personnes ayant &#233;crit
             ou re&#231;u des lettres dans le corpus Matsutaka
           - un tei:settingDesc, qui d&#233;crit tous les lieux d'exp&#233;dition/destination
             des lettres du corpus Matsutaka
           ces &#233;l&#233;ments seront rajout&#233; dans le notebook du cours.
      -->
      <correspDesc>
        <!-- description de la correspondance -->
        <correspAction type="sent">
          <persName>Mus&#233;e Rodin</persName>
          <placeName>Paris</placeName>
          <date when="1930-12-31">1930-12-31</date>
        </correspAction>
        <correspAction type="received">
          <persName>Etienne Clementel</persName>
          <placeName>NA</placeName>
        </correspAction>
      </correspDesc>
    </profileDesc>
  </teiHeader>
  <text>
    <!-- le corps du texte. il peut comporter un tei:front et un tei:back
         et doit comporter un tei:body, comprenant le corps du texte -->
    <body>
      <!-- le corps du texte -->
      <opener>
        <salute>Mon Cher Pr&#233;sident et Ami, </salute>
      </opener>
      <p>J&#8217;ai bien re&#231;u votre lettre du 27 d&#233;cembre et aurais &#233;t&#233; tr&#232;s heureux de donner satisfaction au d&#233;sir que vous voulez bien m&#8217;exprimer. Mais le Conseil d&#8217;Administration, en accord avec la Direction des Beaux Arts a d&#233;cid&#233; en date du 4 juin 1928 de mettre les scell&#233;s sur la collection de M. Matsukata &#233;tant donn&#233; que, bien qu&#8217;ayant d&#233;clin&#233; toute responsabilit&#233; du fait du d&#233;p&#244;t, nous ne voulons pas, par suite d&#8217;une manutention des &#339;uvres conserv&#233;es &#224; Biron, exposer celles-ci &#224; des d&#233;g&#226;ts et &#224; tout autre risque.</p>
      <p>Avant de vous r&#233;pondre, j&#8217;ai, d&#8217;ailleurs, consult&#233; la rue de Valois et M. Chass&#233;riau et leur r&#233;ponse a &#233;t&#233; que les &#339;uvres devaient demeurer sous les scell&#233;s pos&#233;s. </p>
      <p>J&#8217;ai de temps &#224; autre de vos nouvelles par notre ami Meggl&#233; et je me tiens ainsi au courant de votre convalescence. Puisque l&#8217;heure est propice, je vous adresse tous mes v&#339;u pour que celle-ci soit bient&#244;t termin&#233;e et que vous nous reveniez plein de sant&#233; et d&#8217;activit&#233; comme toujours. </p>
      <closer>
        <salute>Voulez-vous trouver ici, je vous prie, Mon Cher Pr&#233;sident et Ami, les sentiments de mes sentiments [sic] bien affectueusement d&#233;vou&#233;s. </salute>
      </closer>
    </body>
  </text>
</TEI>
