<?xml-model href="http://www.tei-c.org/release/xml/tei/custom/schema/relaxng/tei_all.rng" type="application/xml" schematypens="http://relaxng.org/ns/structure/1.0"?>
<?xml-model href="http://www.tei-c.org/release/xml/tei/custom/schema/relaxng/tei_all.rng" type="application/xml"
	schematypens="http://purl.oclc.org/dsdl/schematron"?>
<TEI xmlns="http://www.tei-c.org/ns/1.0" xml:id="NA_Andr&#233;Dezarrois_19260316_-8103685879841744815">
  <!-- le document XML, dans sa forme actuelle, n'est pas valide selon la syntaxe TEI:
       la structure d&#233;finie ici devrait contenir d'autres &#233;l&#233;ments -->
  <teiHeader>
    <!-- l'en-t&#234;te de notre document, contenant les m&#233;tadonn&#233;es -->
    <fileDesc>
      <!-- description du fichier encod&#233; et de sa source -->
      <titleStmt>
        <!-- titre du document -->
        <title>Lettre typographi&#233;e, dont on a la photocopie uniquement. </title>
        <author>NA</author>
        <respStmt>
          <resp>Production et pr&#233;paration du texte brut</resp>
          <persName>L&#233;a Saint-Raymond</persName>
        </respStmt>
        <respStmt>
          <resp>Transformation automatique du texte brut vers le XML-TEI</resp>
          <persName>Les participant.e.s &#224; l'atelier "Mod&#233;liser et exploiter des corpus textuels" (ENS-PSL, campus d'Ulm)</persName>
        </respStmt>
      </titleStmt>
      <publicationStmt>
        <!-- informations sur le document XML encod&#233; -->
        <publisher>ENS-PSL</publisher>
        <pubPlace>Paris (France)</pubPlace>
        <date>2023-03-26 16:02:14.468547</date>
      </publicationStmt>
      <sourceDesc>
        <!-- informations sur la source: la lettre que l'on encode -->
        <bibl type="lettre">
          <author>NA</author>
          <title>Lettre typographi&#233;e, dont on a la photocopie uniquement. </title>
          <date>1926-03-16</date>
          <msIdentifier>
            <institution>Mus&#233;e Rodin</institution>
            <idno>Mus&#233;e Rodin</idno>
          </msIdentifier>
        </bibl>
      </sourceDesc>
    </fileDesc>
    <encodingDesc>
      <!-- informations sur l'encodage :
           - tei:editorialDecl, d&#233;crivant la m&#233;thode de production du document XML 
           - tei:projectDesc, contexte de production du XML 
      -->
      <editorialDecl>
        <p>Production de l'encodage XML r&#233;alis&#233;e automatiquement avec la librairie LXML de Python &#224; partir d'une version en texte brut de la correspondance de Matsukata</p>
      </editorialDecl>
      <projectDesc>
        <p>L'atelier "Mod&#233;liser et exploiter des corpus textuels" a donn&#233; lieu &#224; cet encodage.</p>
      </projectDesc>
    </encodingDesc>
    <profileDesc>
      <!-- informations non bibliographiques sur le document encod&#233; 
           cet &#233;l&#233;ment l&#224; sera compl&#233;t&#233; par:
           - un tei:particDesc, qui d&#233;crit tout.es les personnes ayant &#233;crit
             ou re&#231;u des lettres dans le corpus Matsutaka
           - un tei:settingDesc, qui d&#233;crit tous les lieux d'exp&#233;dition/destination
             des lettres du corpus Matsutaka
           ces &#233;l&#233;ments seront rajout&#233; dans le notebook du cours.
      -->
      <correspDesc>
        <!-- description de la correspondance -->
        <correspAction type="sent">
          <persName>NA</persName>
          <placeName>NA</placeName>
          <date when="1926-03-16">1926-03-16</date>
        </correspAction>
        <correspAction type="received">
          <persName>Andr&#233; Dezarrois</persName>
          <placeName>Paris</placeName>
        </correspAction>
      </correspDesc>
    </profileDesc>
  </teiHeader>
  <text>
    <!-- le corps du texte. il peut comporter un tei:front et un tei:back
         et doit comporter un tei:body, comprenant le corps du texte -->
    <body>
      <!-- le corps du texte -->
      <opener>
        <salute>Cher Monsieur, </salute>
      </opener>
      <p>Ainsi que je vous l&#8217;avais dit, j&#8217;ai tenu &#224; soumettre au Conseil d&#8217;Administration, la commande de &#171; La porte de l&#8217;Enfer &#187; destin&#233;e &#224; notre Mus&#233;e. Elle vous avait bien &#233;t&#233; en effet, command&#233;e ferme, voici un certain temps (23 novembre 1922) mais, comme nous avons besoin de 2 portes de l&#8217;Enfer, 1 pour Monsieur Matsukata, et une pour Monsieur Mastbaum, la commande des 2 Portes de l&#8217;Enfer se trouvait remplie par les besoins de nos commandes. </p>
      <p>Le Conseil d&#8217;Administration a toutefois d&#233;cid&#233;, que conform&#233;ment &#224; votre lettre du 22 d&#233;cembre 1922, nous pouvons vous commander ferme &#224; nouveau, une porte de l&#8217;Enfer en bronze, destin&#233;e au Mus&#233;e de la Rue de Varenne &#233;tant bien entendu, que cette porte ne co&#251;tera pas de fonte davantage que vous ne l&#8217;avez pr&#233;vu dans la lettre cit&#233;e ci-dessus. </p>
      <p>Voulez-vous &#234;tre assez aimable, pour confirmer notre accord &#224; ce sujet, quant au prix et quant &#224; la date de livraison, pour le bon ordre de mon Administration. </p>
      <closer>
        <salute>Veuillez trouver ici, Cher Monsieur, l&#8217;assurance de mes meilleurs sentiments. </salute>
      </closer>
    </body>
  </text>
</TEI>
