<?xml-model href="http://www.tei-c.org/release/xml/tei/custom/schema/relaxng/tei_all.rng" type="application/xml" schematypens="http://relaxng.org/ns/structure/1.0"?>
<?xml-model href="http://www.tei-c.org/release/xml/tei/custom/schema/relaxng/tei_all.rng" type="application/xml"
	schematypens="http://purl.oclc.org/dsdl/schematron"?>
<TEI xmlns="http://www.tei-c.org/ns/1.0" xml:id="NA_NA_19260701_4720392079346973728">
  <!-- le document XML, dans sa forme actuelle, n'est pas valide selon la syntaxe TEI:
       la structure d&#233;finie ici devrait contenir d'autres &#233;l&#233;ments -->
  <teiHeader>
    <!-- l'en-t&#234;te de notre document, contenant les m&#233;tadonn&#233;es -->
    <fileDesc>
      <!-- description du fichier encod&#233; et de sa source -->
      <titleStmt>
        <!-- titre du document -->
        <title>Note au crayon &#224; papier sans date (apr&#232;s juillet 1926). </title>
        <author>NA</author>
        <respStmt>
          <resp>Production et pr&#233;paration du texte brut</resp>
          <persName>L&#233;a Saint-Raymond</persName>
        </respStmt>
        <respStmt>
          <resp>Transformation automatique du texte brut vers le XML-TEI</resp>
          <persName>Les participant.e.s &#224; l'atelier "Mod&#233;liser et exploiter des corpus textuels" (ENS-PSL, campus d'Ulm)</persName>
        </respStmt>
      </titleStmt>
      <publicationStmt>
        <!-- informations sur le document XML encod&#233; -->
        <publisher>ENS-PSL</publisher>
        <pubPlace>Paris (France)</pubPlace>
        <date>2023-03-26 16:02:14.471053</date>
      </publicationStmt>
      <sourceDesc>
        <!-- informations sur la source: la lettre que l'on encode -->
        <bibl type="note">
          <author>NA</author>
          <title>Note au crayon &#224; papier sans date (apr&#232;s juillet 1926). </title>
          <date>1926-07-01</date>
          <msIdentifier>
            <institution>Mus&#233;e Rodin</institution>
            <idno>Mus&#233;e Rodin, fonds B&#233;n&#233;dite</idno>
          </msIdentifier>
        </bibl>
      </sourceDesc>
    </fileDesc>
    <encodingDesc>
      <!-- informations sur l'encodage :
           - tei:editorialDecl, d&#233;crivant la m&#233;thode de production du document XML 
           - tei:projectDesc, contexte de production du XML 
      -->
      <editorialDecl>
        <p>Production de l'encodage XML r&#233;alis&#233;e automatiquement avec la librairie LXML de Python &#224; partir d'une version en texte brut de la correspondance de Matsukata</p>
      </editorialDecl>
      <projectDesc>
        <p>L'atelier "Mod&#233;liser et exploiter des corpus textuels" a donn&#233; lieu &#224; cet encodage.</p>
      </projectDesc>
    </encodingDesc>
    <profileDesc>
      <!-- informations non bibliographiques sur le document encod&#233; 
           cet &#233;l&#233;ment l&#224; sera compl&#233;t&#233; par:
           - un tei:particDesc, qui d&#233;crit tout.es les personnes ayant &#233;crit
             ou re&#231;u des lettres dans le corpus Matsutaka
           - un tei:settingDesc, qui d&#233;crit tous les lieux d'exp&#233;dition/destination
             des lettres du corpus Matsutaka
           ces &#233;l&#233;ments seront rajout&#233; dans le notebook du cours.
      -->
      <correspDesc>
        <!-- description de la correspondance -->
        <correspAction type="sent">
          <persName>NA</persName>
          <placeName>Paris</placeName>
          <date when="1926-07-01">1926-07-01</date>
        </correspAction>
        <correspAction type="received">
          <persName>NA</persName>
          <placeName>NA</placeName>
        </correspAction>
      </correspDesc>
    </profileDesc>
  </teiHeader>
  <text>
    <!-- le corps du texte. il peut comporter un tei:front et un tei:back
         et doit comporter un tei:body, comprenant le corps du texte -->
    <body>
      <!-- le corps du texte -->
      <p>Chaque fois que M. Matsukata faisait un versement au Mus&#233;e, c&#8217;&#233;tait sous forme d&#8217;un ch&#232;que au nom du Conservateur L&#233;once B&#233;n&#233;dite, qui contresignait ce ch&#232;que et le remettait aux mains de l&#8217;Agent comptable, M. G&#233;n&#233;r&#232;s. M. G&#233;n&#233;r&#232;s le passait en &#233;critures et le versait au Cr&#233;dit alg&#233;rien. C&#8217;est donc dans les livres de comptabilit&#233; de l&#8217;Agent comptable du Mus&#233;e Rodin, dans la comptabilit&#233; de la banque Cr&#233;dit alg&#233;rien, compta Administration &#8211; Mus&#233;e Rodin et enfin, dans la comptabilit&#233; du Conservateur L&#233;once B&#233;n&#233;dite lui-m&#234;me que l&#8217;on trouve trace &#233;vidente des sommes vers&#233;es par M. Matsukata. </p>
      <p>Par exception, le 1er versement 160 000 fut fait directement par M. Matsukata &#224; M. B&#233;n&#233;dite, dans le courant de 1918, lors de la 1e commande accept&#233;e par le Conservateur sur permission sp&#233;ciale du Ministre Lafferre, art la constitution financi&#232;re du Mus&#233;e. Les autres versements suivent &#224; intervalles irr&#233;guliers au fur et &#224; mesure des livraisons faites par le fondeur. Le solde a &#233;t&#233; vers&#233; en juillet 1926 par M. Matsukata lui-m&#234;me entre vos mains (200 000)</p>
    </body>
  </text>
</TEI>
