<?xml-model href="http://www.tei-c.org/release/xml/tei/custom/schema/relaxng/tei_all.rng" type="application/xml" schematypens="http://relaxng.org/ns/structure/1.0"?>
<?xml-model href="http://www.tei-c.org/release/xml/tei/custom/schema/relaxng/tei_all.rng" type="application/xml"
	schematypens="http://purl.oclc.org/dsdl/schematron"?>
<TEI xmlns="http://www.tei-c.org/ns/1.0" xml:id="PaulRosenberg_L&#233;onceB&#233;n&#233;dite_19240805_-2593522794059523731">
  <!-- le document XML, dans sa forme actuelle, n'est pas valide selon la syntaxe TEI:
       la structure d&#233;finie ici devrait contenir d'autres &#233;l&#233;ments -->
  <teiHeader>
    <!-- l'en-t&#234;te de notre document, contenant les m&#233;tadonn&#233;es -->
    <fileDesc>
      <!-- description du fichier encod&#233; et de sa source -->
      <titleStmt>
        <!-- titre du document -->
        <title>Lettre de Paul Rosenberg, La Tour Carr&#233;e, Deauville, &#224; B&#233;n&#233;dite. </title>
        <author>Paul Rosenberg</author>
        <respStmt>
          <resp>Production et pr&#233;paration du texte brut</resp>
          <persName>L&#233;a Saint-Raymond</persName>
        </respStmt>
        <respStmt>
          <resp>Transformation automatique du texte brut vers le XML-TEI</resp>
          <persName>Les participant.e.s &#224; l'atelier "Mod&#233;liser et exploiter des corpus textuels" (ENS-PSL, campus d'Ulm)</persName>
        </respStmt>
      </titleStmt>
      <publicationStmt>
        <!-- informations sur le document XML encod&#233; -->
        <publisher>ENS-PSL</publisher>
        <pubPlace>Paris (France)</pubPlace>
        <date>2023-03-26 16:02:14.455183</date>
      </publicationStmt>
      <sourceDesc>
        <!-- informations sur la source: la lettre que l'on encode -->
        <bibl type="lettre">
          <author>Paul Rosenberg</author>
          <title>Lettre de Paul Rosenberg, La Tour Carr&#233;e, Deauville, &#224; B&#233;n&#233;dite. </title>
          <date>1924-08-05</date>
          <msIdentifier>
            <institution>INHA</institution>
            <idno>INHA 243 et 244</idno>
          </msIdentifier>
        </bibl>
      </sourceDesc>
    </fileDesc>
    <encodingDesc>
      <!-- informations sur l'encodage :
           - tei:editorialDecl, d&#233;crivant la m&#233;thode de production du document XML 
           - tei:projectDesc, contexte de production du XML 
      -->
      <editorialDecl>
        <p>Production de l'encodage XML r&#233;alis&#233;e automatiquement avec la librairie LXML de Python &#224; partir d'une version en texte brut de la correspondance de Matsukata</p>
      </editorialDecl>
      <projectDesc>
        <p>L'atelier "Mod&#233;liser et exploiter des corpus textuels" a donn&#233; lieu &#224; cet encodage.</p>
      </projectDesc>
    </encodingDesc>
    <profileDesc>
      <!-- informations non bibliographiques sur le document encod&#233; 
           cet &#233;l&#233;ment l&#224; sera compl&#233;t&#233; par:
           - un tei:particDesc, qui d&#233;crit tout.es les personnes ayant &#233;crit
             ou re&#231;u des lettres dans le corpus Matsutaka
           - un tei:settingDesc, qui d&#233;crit tous les lieux d'exp&#233;dition/destination
             des lettres du corpus Matsutaka
           ces &#233;l&#233;ments seront rajout&#233; dans le notebook du cours.
      -->
      <correspDesc>
        <!-- description de la correspondance -->
        <correspAction type="sent">
          <persName>Paul Rosenberg</persName>
          <placeName>Deauville</placeName>
          <date when="1924-08-05">1924-08-05</date>
        </correspAction>
        <correspAction type="received">
          <persName>L&#233;once B&#233;n&#233;dite</persName>
          <placeName>Paris</placeName>
        </correspAction>
      </correspDesc>
    </profileDesc>
  </teiHeader>
  <text>
    <!-- le corps du texte. il peut comporter un tei:front et un tei:back
         et doit comporter un tei:body, comprenant le corps du texte -->
    <body>
      <!-- le corps du texte -->
      <opener>
        <salute>Cher Monsieur, </salute>
      </opener>
      <p>Votre lettre me parvient ici, et je m&#8217;empresse d&#8217;y d&#233;pondre et de vous faire parvenir les prix s&#233;par&#233;s de chacun des tableaux vendus &#224; M. Matsukata</p>
      <p>1&#176; Rodin &#171; La Douleur &#187;, frs 6000</p>
      <p>2&#176; Picasso Italienne 2000</p>
      <p>1&#176; Pissarro La Conversation 25 000</p>
      <p>2&#176; Pissarro. Le chemin de fer. 25 000</p>
      <p>3&#176; Van Gogh. Roses. 30 000</p>
      <p>1&#176; Courbet. Portrait de femme. 70 000</p>
      <p>2&#176; Van Gogh. La Chambre. 110 000</p>
      <p>3&#176; Lautrec. Femme assise. 50 000</p>
      <p>4&#176; Manet. Marine. 53 000</p>
      <p>5&#176; Picasso. Femme assise. 20 000</p>
      <p>6&#176; C&#233;zanne. Aquarelle. 12 000</p>
      <closer>
        <salute>Je vous prie de croire, cher Monsieur, en mes sentiments d&#233;vou&#233;s. </salute>
      </closer>
    </body>
  </text>
</TEI>
