<?xml-model href="http://www.tei-c.org/release/xml/tei/custom/schema/relaxng/tei_all.rng" type="application/xml" schematypens="http://relaxng.org/ns/structure/1.0"?>
<?xml-model href="http://www.tei-c.org/release/xml/tei/custom/schema/relaxng/tei_all.rng" type="application/xml"
	schematypens="http://purl.oclc.org/dsdl/schematron"?>
<TEI xmlns="http://www.tei-c.org/ns/1.0" xml:id="PaulRosenberg_L&#233;onceB&#233;n&#233;dite_19220330_3074190978649749874">
  <!-- le document XML, dans sa forme actuelle, n'est pas valide selon la syntaxe TEI:
       la structure d&#233;finie ici devrait contenir d'autres &#233;l&#233;ments -->
  <teiHeader>
    <!-- l'en-t&#234;te de notre document, contenant les m&#233;tadonn&#233;es -->
    <fileDesc>
      <!-- description du fichier encod&#233; et de sa source -->
      <titleStmt>
        <!-- titre du document -->
        <title>Lettre typographi&#233;e de Paul Rosenberg, 21 rue La Bo&#233;tie, &#224; Monsieur B&#233;n&#233;dite, conservateur du Mus&#233;e du Luxembourg et du Mus&#233;e Rodin, Paris. </title>
        <author>Paul Rosenberg</author>
        <respStmt>
          <resp>Production et pr&#233;paration du texte brut</resp>
          <persName>L&#233;a Saint-Raymond</persName>
        </respStmt>
        <respStmt>
          <resp>Transformation automatique du texte brut vers le XML-TEI</resp>
          <persName>Les participant.e.s &#224; l'atelier "Mod&#233;liser et exploiter des corpus textuels" (ENS-PSL, campus d'Ulm)</persName>
        </respStmt>
      </titleStmt>
      <publicationStmt>
        <!-- informations sur le document XML encod&#233; -->
        <publisher>ENS-PSL</publisher>
        <pubPlace>Paris (France)</pubPlace>
        <date>2023-03-26 16:02:14.387241</date>
      </publicationStmt>
      <sourceDesc>
        <!-- informations sur la source: la lettre que l'on encode -->
        <bibl type="lettre">
          <author>Paul Rosenberg</author>
          <title>Lettre typographi&#233;e de Paul Rosenberg, 21 rue La Bo&#233;tie, &#224; Monsieur B&#233;n&#233;dite, conservateur du Mus&#233;e du Luxembourg et du Mus&#233;e Rodin, Paris. </title>
          <date>1922-03-30</date>
          <msIdentifier>
            <institution>INHA</institution>
            <idno>INHA 159</idno>
          </msIdentifier>
        </bibl>
      </sourceDesc>
    </fileDesc>
    <encodingDesc>
      <!-- informations sur l'encodage :
           - tei:editorialDecl, d&#233;crivant la m&#233;thode de production du document XML 
           - tei:projectDesc, contexte de production du XML 
      -->
      <editorialDecl>
        <p>Production de l'encodage XML r&#233;alis&#233;e automatiquement avec la librairie LXML de Python &#224; partir d'une version en texte brut de la correspondance de Matsukata</p>
      </editorialDecl>
      <projectDesc>
        <p>L'atelier "Mod&#233;liser et exploiter des corpus textuels" a donn&#233; lieu &#224; cet encodage.</p>
      </projectDesc>
    </encodingDesc>
    <profileDesc>
      <!-- informations non bibliographiques sur le document encod&#233; 
           cet &#233;l&#233;ment l&#224; sera compl&#233;t&#233; par:
           - un tei:particDesc, qui d&#233;crit tout.es les personnes ayant &#233;crit
             ou re&#231;u des lettres dans le corpus Matsutaka
           - un tei:settingDesc, qui d&#233;crit tous les lieux d'exp&#233;dition/destination
             des lettres du corpus Matsutaka
           ces &#233;l&#233;ments seront rajout&#233; dans le notebook du cours.
      -->
      <correspDesc>
        <!-- description de la correspondance -->
        <correspAction type="sent">
          <persName>Paul Rosenberg</persName>
          <placeName>Paris</placeName>
          <date when="1922-03-30">1922-03-30</date>
        </correspAction>
        <correspAction type="received">
          <persName>L&#233;once B&#233;n&#233;dite</persName>
          <placeName>Paris</placeName>
        </correspAction>
      </correspDesc>
    </profileDesc>
  </teiHeader>
  <text>
    <!-- le corps du texte. il peut comporter un tei:front et un tei:back
         et doit comporter un tei:body, comprenant le corps du texte -->
    <body>
      <!-- le corps du texte -->
      <opener>
        <salute>Cher Monsieur, </salute>
      </opener>
      <p>Suivant les instructions que vous avez bien voulu me donner, je vous fais livrer, par le porteur de la pr&#233;sente, les tableaux suivants, que j&#8217;ai eu le plaisir de vendre &#224; Monsieur Matsukata de Kob&#233;.</p>
      <p>1&#176; Pissarro &#171; Le Chemin de Fer &#187;</p>
      <p>2&#176; Pissarro &#171; Conversation &#187;</p>
      <p>3&#176; Picasso &#171; Aquarelle, femme assise &#187;</p>
      <p>4&#176; Picasso &#171; Femme assise dans un fauteuil &#187;</p>
      <p>5&#176; Toulouse-Lautrec &#171; Femme dans un jardin &#187;</p>
      <p>6&#176; Van Gogh &#171; Fleurs &#187;</p>
      <p>7&#176; Van Gogh &#171; Sa chambre &#224; Arles &#187;</p>
      <p>8&#176; Manet &#171; Marine &#187;</p>
      <p>9&#176; Courbet &#171; Femme retenant sa chemise &#187;</p>
      <p>10&#176; C&#233;zanne &#171; Aquarelle &#8211; Ste Baume &#187;</p>
      <p>11&#176; Rodin &#171; Marbre &#8211; La douleur &#187;</p>
      <p>pour lesquels je vous serais tr&#232;s reconnaissant de bien vouloir me faire parvenir un re&#231;u.</p>
    </body>
  </text>
</TEI>
