<?xml-model href="http://www.tei-c.org/release/xml/tei/custom/schema/relaxng/tei_all.rng" type="application/xml" schematypens="http://relaxng.org/ns/structure/1.0"?>
<?xml-model href="http://www.tei-c.org/release/xml/tei/custom/schema/relaxng/tei_all.rng" type="application/xml"
	schematypens="http://purl.oclc.org/dsdl/schematron"?>
<TEI xmlns="http://www.tei-c.org/ns/1.0" xml:id="PaulRosenberg_L&#233;onceB&#233;n&#233;dite_19220407_-8799099772822309696">
  <!-- le document XML, dans sa forme actuelle, n'est pas valide selon la syntaxe TEI:
       la structure d&#233;finie ici devrait contenir d'autres &#233;l&#233;ments -->
  <teiHeader>
    <!-- l'en-t&#234;te de notre document, contenant les m&#233;tadonn&#233;es -->
    <fileDesc>
      <!-- description du fichier encod&#233; et de sa source -->
      <titleStmt>
        <!-- titre du document -->
        <title>Lettre typographi&#233;e de Paul Rosenberg, 21 rue La Bo&#233;tie, &#224; Monsieur B&#233;n&#233;dite, conservateur du Mus&#233;e du Luxembourg et du Mus&#233;e Rodin, Paris. </title>
        <author>Paul Rosenberg</author>
        <respStmt>
          <resp>Production et pr&#233;paration du texte brut</resp>
          <persName>L&#233;a Saint-Raymond</persName>
        </respStmt>
        <respStmt>
          <resp>Transformation automatique du texte brut vers le XML-TEI</resp>
          <persName>Les participant.e.s &#224; l'atelier "Mod&#233;liser et exploiter des corpus textuels" (ENS-PSL, campus d'Ulm)</persName>
        </respStmt>
      </titleStmt>
      <publicationStmt>
        <!-- informations sur le document XML encod&#233; -->
        <publisher>ENS-PSL</publisher>
        <pubPlace>Paris (France)</pubPlace>
        <date>2023-03-26 16:02:14.388261</date>
      </publicationStmt>
      <sourceDesc>
        <!-- informations sur la source: la lettre que l'on encode -->
        <bibl type="lettre">
          <author>Paul Rosenberg</author>
          <title>Lettre typographi&#233;e de Paul Rosenberg, 21 rue La Bo&#233;tie, &#224; Monsieur B&#233;n&#233;dite, conservateur du Mus&#233;e du Luxembourg et du Mus&#233;e Rodin, Paris. </title>
          <date>1922-04-07</date>
          <msIdentifier>
            <institution>INHA</institution>
            <idno>INHA 160</idno>
          </msIdentifier>
        </bibl>
      </sourceDesc>
    </fileDesc>
    <encodingDesc>
      <!-- informations sur l'encodage :
           - tei:editorialDecl, d&#233;crivant la m&#233;thode de production du document XML 
           - tei:projectDesc, contexte de production du XML 
      -->
      <editorialDecl>
        <p>Production de l'encodage XML r&#233;alis&#233;e automatiquement avec la librairie LXML de Python &#224; partir d'une version en texte brut de la correspondance de Matsukata</p>
      </editorialDecl>
      <projectDesc>
        <p>L'atelier "Mod&#233;liser et exploiter des corpus textuels" a donn&#233; lieu &#224; cet encodage.</p>
      </projectDesc>
    </encodingDesc>
    <profileDesc>
      <!-- informations non bibliographiques sur le document encod&#233; 
           cet &#233;l&#233;ment l&#224; sera compl&#233;t&#233; par:
           - un tei:particDesc, qui d&#233;crit tout.es les personnes ayant &#233;crit
             ou re&#231;u des lettres dans le corpus Matsutaka
           - un tei:settingDesc, qui d&#233;crit tous les lieux d'exp&#233;dition/destination
             des lettres du corpus Matsutaka
           ces &#233;l&#233;ments seront rajout&#233; dans le notebook du cours.
      -->
      <correspDesc>
        <!-- description de la correspondance -->
        <correspAction type="sent">
          <persName>Paul Rosenberg</persName>
          <placeName>Paris</placeName>
          <date when="1922-04-07">1922-04-07</date>
        </correspAction>
        <correspAction type="received">
          <persName>L&#233;once B&#233;n&#233;dite</persName>
          <placeName>Paris</placeName>
        </correspAction>
      </correspDesc>
    </profileDesc>
  </teiHeader>
  <text>
    <!-- le corps du texte. il peut comporter un tei:front et un tei:back
         et doit comporter un tei:body, comprenant le corps du texte -->
    <body>
      <!-- le corps du texte -->
      <opener>
        <salute>Cher Monsieur, </salute>
      </opener>
      <p>Je vous prie de vouloir bien m&#8217;excuser pour venir vous importuner par une nouvelle demande : </p>
      <p>A quelle personne dois-je m&#8217;adresser pour obtenir le re&#231;u des tableaux que j&#8217;ai fait remettre au Mus&#233;e Rodin, d&#8217;ordre de Monsieur Matsukata ?</p>
      <closer>
        <salute>Avec mes bien sinc&#232;res remerciements et mes excuses pour le nouveau d&#233;rangement que je vous occasionne, je vous prie d&#8217;agr&#233;er, Cher Monsieur, l&#8217;expression de mes sentiments d&#233;vou&#233;s.</salute>
      </closer>
    </body>
  </text>
</TEI>
