<?xml-model href="http://www.tei-c.org/release/xml/tei/custom/schema/relaxng/tei_all.rng" type="application/xml" schematypens="http://relaxng.org/ns/structure/1.0"?>
<?xml-model href="http://www.tei-c.org/release/xml/tei/custom/schema/relaxng/tei_all.rng" type="application/xml"
	schematypens="http://purl.oclc.org/dsdl/schematron"?>
<TEI xmlns="http://www.tei-c.org/ns/1.0" xml:id="Presse_NA_19221226_2240975664196904494">
  <!-- le document XML, dans sa forme actuelle, n'est pas valide selon la syntaxe TEI:
       la structure d&#233;finie ici devrait contenir d'autres &#233;l&#233;ments -->
  <teiHeader>
    <!-- l'en-t&#234;te de notre document, contenant les m&#233;tadonn&#233;es -->
    <fileDesc>
      <!-- description du fichier encod&#233; et de sa source -->
      <titleStmt>
        <!-- titre du document -->
        <title>Coupure de presse [Mus&#233;e Rodin, fonds B&#233;n&#233;dite] &#171; A travers les revues artistiques. La collection Matsukata &#187;</title>
        <author>Presse</author>
        <respStmt>
          <resp>Production et pr&#233;paration du texte brut</resp>
          <persName>L&#233;a Saint-Raymond</persName>
        </respStmt>
        <respStmt>
          <resp>Transformation automatique du texte brut vers le XML-TEI</resp>
          <persName>Les participant.e.s &#224; l'atelier "Mod&#233;liser et exploiter des corpus textuels" (ENS-PSL, campus d'Ulm)</persName>
        </respStmt>
      </titleStmt>
      <publicationStmt>
        <!-- informations sur le document XML encod&#233; -->
        <publisher>ENS-PSL</publisher>
        <pubPlace>Paris (France)</pubPlace>
        <date>2023-03-26 16:02:14.409529</date>
      </publicationStmt>
      <sourceDesc>
        <!-- informations sur la source: la lettre que l'on encode -->
        <bibl type="coupure">
          <author>Presse</author>
          <title>Coupure de presse [Mus&#233;e Rodin, fonds B&#233;n&#233;dite] &#171; A travers les revues artistiques. La collection Matsukata &#187;</title>
          <date>1922-12-26</date>
          <msIdentifier>
            <institution>Lieu de conservation inconnu</institution>
            <idno>Source inconnue</idno>
          </msIdentifier>
        </bibl>
      </sourceDesc>
    </fileDesc>
    <encodingDesc>
      <!-- informations sur l'encodage :
           - tei:editorialDecl, d&#233;crivant la m&#233;thode de production du document XML 
           - tei:projectDesc, contexte de production du XML 
      -->
      <editorialDecl>
        <p>Production de l'encodage XML r&#233;alis&#233;e automatiquement avec la librairie LXML de Python &#224; partir d'une version en texte brut de la correspondance de Matsukata</p>
      </editorialDecl>
      <projectDesc>
        <p>L'atelier "Mod&#233;liser et exploiter des corpus textuels" a donn&#233; lieu &#224; cet encodage.</p>
      </projectDesc>
    </encodingDesc>
    <profileDesc>
      <!-- informations non bibliographiques sur le document encod&#233; 
           cet &#233;l&#233;ment l&#224; sera compl&#233;t&#233; par:
           - un tei:particDesc, qui d&#233;crit tout.es les personnes ayant &#233;crit
             ou re&#231;u des lettres dans le corpus Matsutaka
           - un tei:settingDesc, qui d&#233;crit tous les lieux d'exp&#233;dition/destination
             des lettres du corpus Matsutaka
           ces &#233;l&#233;ments seront rajout&#233; dans le notebook du cours.
      -->
      <correspDesc>
        <!-- description de la correspondance -->
        <correspAction type="sent">
          <orgName ref="#presse">Presse</orgName>
          <placeName ref="#paris">Paris</placeName>
          <date when="1922-12-26">1922-12-26</date>
        </correspAction>
        <correspAction type="received">
          <persName ref="#napartic">NA</persName>
          <placeName ref="#paris">Paris</placeName>
        </correspAction>
      </correspDesc>
      <settingDesc>
        <listPlace>
          <place xml:id="kobe">
            <placeName>Kobe</placeName>
            <location>
              <geo>135.1943764 34.6932379</geo>
            </location>
          </place>
          <place xml:id="paris">
            <placeName>Paris</placeName>
            <location>
              <geo>2.3483915 48.8534951</geo>
            </location>
          </place>
          <place xml:id="londres">
            <placeName>Londres</placeName>
            <location>
              <geo>-0.12765 51.5073359</geo>
            </location>
          </place>
          <place xml:id="na">
            <placeName>NA</placeName>
          </place>
          <place xml:id="abondant">
            <placeName>Abondant</placeName>
            <location>
              <geo>1.4411738 48.7822754</geo>
            </location>
          </place>
          <place xml:id="boulognebillancourt">
            <placeName>Boulogne-Billancourt</placeName>
            <location>
              <geo>2.240206 48.8356649</geo>
            </location>
          </place>
          <place xml:id="newyork">
            <placeName>New York</placeName>
            <location>
              <geo>-74.0060152 40.7127281</geo>
            </location>
          </place>
          <place xml:id="chateauthierry">
            <placeName>Ch&#226;teau-Thierry</placeName>
            <location>
              <geo>3.4027111 49.0457362</geo>
            </location>
          </place>
          <place xml:id="venise">
            <placeName>Venise</placeName>
            <location>
              <geo>12.3345898 45.4371908</geo>
            </location>
          </place>
          <place xml:id="malakoff">
            <placeName>Malakoff</placeName>
            <location>
              <geo>2.3019814 48.8211559</geo>
            </location>
          </place>
          <place xml:id="sevres">
            <placeName>S&#232;vres</placeName>
            <location>
              <geo>2.2127083 48.8247407</geo>
            </location>
          </place>
          <place xml:id="lyon">
            <placeName>Lyon</placeName>
            <location>
              <geo>4.8320114 45.7578137</geo>
            </location>
          </place>
          <place xml:id="nice">
            <placeName>Nice</placeName>
            <location>
              <geo>7.2683912 43.7009358</geo>
            </location>
          </place>
          <place xml:id="bagneresdeluchon">
            <placeName>Bagn&#232;res-de-Luchon</placeName>
            <location>
              <geo>0.5912279 42.7910617</geo>
            </location>
          </place>
          <place xml:id="kobejapon">
            <placeName>Kobe, Japon</placeName>
          </place>
          <place xml:id="prague">
            <placeName>Prague</placeName>
            <location>
              <geo>14.4212535 50.0874654</geo>
            </location>
          </place>
          <place xml:id="deauville">
            <placeName>Deauville</placeName>
            <location>
              <geo>0.0752778 49.36</geo>
            </location>
          </place>
          <place xml:id="hammersmith">
            <placeName>Hammersmith</placeName>
            <location>
              <geo>-0.2236401 51.4920377</geo>
            </location>
          </place>
          <place xml:id="hassocks31sussex">
            <placeName>Hassocks 31, Sussex</placeName>
          </place>
        </listPlace>
      </settingDesc>
      <particDesc>
        <listPerson>
          <person xml:id="kojiromatsukata">
            <persName>Kojiro Matsukata</persName>
          </person>
          <person xml:id="seichinaruse">
            <persName>Seichi Naruse</persName>
          </person>
          <person xml:id="leoncebenedite">
            <persName>L&#233;once B&#233;n&#233;dite</persName>
            <persName>L&#233;once B&#233;n&#233;dite ?</persName>
          </person>
          <person type="PERSON" xml:id="napartic">
            <persName>NA</persName>
            <persName>inconnu</persName>
            <persName>aucun</persName>
          </person>
          <person type="PERSON" xml:id="vizzavona">
            <persName>F. Vizzavona</persName>
          </person>
          <person type="PERSON" xml:id="barbazanges">
            <persName>M. Barbazanges</persName>
          </person>
          <person type="PERSON" xml:id="hioki">
            <persName>Hioki</persName>
          </person>
          <person type="PERSON" xml:id="georgesgrappe">
            <persName>Georges Grappe</persName>
          </person>
          <person type="PERSON" xml:id="havemeyer">
            <persName>Mrs. H. O. Havemeyer</persName>
          </person>
          <person xml:id="banquesuzukic">
            <persName>Banque Suzuki &amp; C&#176;</persName>
            <persName>Banque Suzuki &amp; C&#176; ?</persName>
          </person>
          <person type="PERSON" xml:id="intermediairesdekojiromatsukata">
            <persName>interm&#233;diaires de Kojiro Matsukata ?</persName>
            <persName>interm&#233;diaires de Kojiro Matsukata</persName>
            <persName>Interm&#233;diaires de Kojiro Matsukata</persName>
          </person>
          <person type="PERSON" xml:id="georgesbernheim">
            <persName>Georges Bernheim</persName>
          </person>
          <person type="PERSON" xml:id="paulrosenberg">
            <persName>Paul Rosenberg</persName>
          </person>
          <person xml:id="lenarsetcie">
            <persName>A. L&#233;nars et Cie</persName>
          </person>
          <person xml:id="societedetravauxetindustriesmaritimes">
            <persName>Soci&#233;t&#233; de travaux et industries maritimes</persName>
          </person>
          <person type="PERSON" xml:id="amanjean">
            <persName>Aman-Jean</persName>
          </person>
          <person type="PERSON" xml:id="rosabenedite">
            <persName>Rosa B&#233;n&#233;dite ?</persName>
            <persName>Rosa B&#233;n&#233;dite</persName>
          </person>
          <person type="PERSON" xml:id="andredezarrois">
            <persName>Andr&#233; Dezarrois</persName>
          </person>
          <person type="PERSON" xml:id="rudier">
            <persName>A. Rudier</persName>
          </person>
          <person type="PERSON" xml:id="joshessel">
            <persName>Jos Hessel</persName>
          </person>
          <person type="PERSON" xml:id="galeriedruet">
            <persName>Galerie E. Druet</persName>
          </person>
          <person xml:id="galeriesgeorgespetit">
            <persName>Galeries Georges Petit</persName>
          </person>
          <person type="PERSON" xml:id="romolobarzoni">
            <persName>Romolo Barzoni</persName>
          </person>
          <person type="PERSON" xml:id="galeriebarbazanges">
            <persName>Galerie Barbazanges</persName>
          </person>
          <person xml:id="directeurdesbeauxarts">
            <persName>Directeur des Beaux-Arts</persName>
          </person>
          <person type="PERSON" xml:id="ftempelaere">
            <persName>F . &amp; J. Tempelaere</persName>
          </person>
          <person type="PERSON" xml:id="edmonddavis">
            <persName>Edmond Davis</persName>
          </person>
          <person type="PERSON" xml:id="bernheimjeuneetcie">
            <persName>Bernheim Jeune et Cie</persName>
          </person>
          <person type="PERSON" xml:id="eugenerudier">
            <persName>Eug&#232;ne Rudier</persName>
          </person>
          <person type="PERSON" xml:id="lehallierauprat">
            <persName>Lehallier Auprat&#176;</persName>
          </person>
          <person xml:id="directeurgeneraldesbeauxarts">
            <persName>Directeur G&#233;n&#233;ral des Beaux-Arts</persName>
          </person>
          <person type="PERSON" xml:id="dreveton">
            <persName>Em. Dreveton</persName>
          </person>
          <person type="PERSON" xml:id="etienneclementel">
            <persName>Etienne Clementel</persName>
          </person>
          <person type="PERSON" xml:id="takahatarepresentantdekojiromatsukata">
            <persName>M. Takahata, repr&#233;sentant de Kojiro Matsukata</persName>
          </person>
          <person type="PERSON" xml:id="knoedler">
            <persName>Knoedler</persName>
          </person>
          <person type="PERSON" xml:id="tirant">
            <persName>M. Tirant</persName>
          </person>
          <person type="PERSON" xml:id="madameclemenceau">
            <persName>Madame Clemenceau</persName>
          </person>
          <person xml:id="yamanakaandc">
            <persName>Yamanaka and C&#176;</persName>
          </person>
          <person xml:id="frankbrangwyn">
            <persName>Frank Brangwyn</persName>
          </person>
        </listPerson>
        <listOrg>
          <org type="FAC" xml:id="museedulouvre">
            <orgName>Mus&#233;e du Louvre</orgName>
          </org>
          <org type="ORG" xml:id="compagniealgerienne">
            <orgName>Compagnie alg&#233;rienne</orgName>
          </org>
          <org type="ORG" xml:id="museerodin">
            <orgName>Mus&#233;e Rodin</orgName>
          </org>
          <org type="ORG" xml:id="galeriesbernheimjeuneetcie">
            <orgName>Galeries Bernheim Jeune et Cie</orgName>
          </org>
          <org type="FAC" xml:id="ambassadedujaponaparis">
            <orgName>Ambassade du Japon &#224; Paris</orgName>
          </org>
          <org type="WORK_OF_ART" xml:id="presse">
            <orgName>Presse</orgName>
          </org>
          <org type="ORG" xml:id="speciebankdeyokohama">
            <orgName>Specie Bank de Yokohama</orgName>
          </org>
          <org type="GPE" xml:id="expositiondartfrancaisaprague">
            <orgName>Exposition d&#8217;Art Fran&#231;ais &#224; Prague</orgName>
          </org>
        </listOrg>
      </particDesc>
    </profileDesc>
  </teiHeader>
  <text>
    <!-- le corps du texte. il peut comporter un tei:front et un tei:back
         et doit comporter un tei:body, comprenant le corps du texte -->
    <body>
      <!-- le corps du texte -->
      <p>M. Kojiro Matsukata, l&#8217;un des hommes les plus consid&#233;rables du Japon, armateur et constructeur de paquebots, fils du marquis Matsukata, qui est un ami personnel de l&#8217;empereur, est venu &#224; maintes reprises en Europe, o&#249; l&#8217;amenaient ses immenses affaires, et il y a con&#231;u un projet qui l&#8217;honore, celui de cr&#233;er &#224; Tokio un mus&#233;e de l&#8217;art moderne occidental, o&#249; l&#8217;&#233;cole fran&#231;aise, il va sans dire, sera la plus magnifiquement repr&#233;sent&#233;e. C&#8217;est &#224; M. L&#233;once B&#233;n&#233;dite, conservateur du Mus&#233;e du Luxembourg et du Mus&#233;e Rodin, qu&#8217;il a confi&#233; le soin de le guider dans ses opulentes acquisitions, qui se poursuivent depuis plusieurs ann&#233;es. Aujourd&#8217;hui, la collection qui constituera le fonds du mus&#233;e japonais est &#224; peu pr&#232;s form&#233;e et c&#8217;est dans la chapelle de l&#8217;h&#244;tel Biron qu&#8217;elle est rassembl&#233;e en attendant l&#8217;heure du d&#233;part pour sa destination finale. </p>
      <p>Or cette collection, le Bulletin de la Vie artistique nous r&#233;v&#232;le son importance extraordinaire, sous la signature d&#8217;Adolphe Tabarant, &#224; qui M. L&#233;once B&#233;n&#233;dite a bien voulu la montrer, dans le p&#234;le-m&#234;le de son entassement provisoire : </p>
      <p>&#171; Nous aidons M. B&#233;n&#233;dite &#224; retourner un &#224; un les tableaux qui regardent les murs. Tous les Monet venus de Giverny sont l&#224;, meules, peupliers, ponts de Londres, nymph&#233;as, neiges, paysages de Belle-Isle. Voici, de Renoir, le Harem, &#339;uvre &#224; la fois ardente et d&#233;licate ; de Puvis, une r&#233;p&#233;tition du Pauvre P&#234;cheur ; de Courbet, ce morceau capital, et qui m&#233;ritait d&#8217;avoir sa place r&#233;serv&#233;e au Louvre, les Paysans de Flagey ; de Manet, ce chef-d&#8217;&#339;uvre, la Serveuse de bocks (Au Cabaret de Reichshoffen), de l&#8217;ancienne collection Denys Cochin. H&#233;las ! encore un Manet qui va s&#8217;en aller au loin et que nous ne reverrons plus ! D&#233;j&#224; son autre Servante de bocks est &#224; New-York (Haviland l&#8217;avait acquise &#224; la vente Manet. Elle appartient aujourd&#8217;hui &#224; M. Knoedler). De Van Gogh, des fleurs, puis l&#8217;&#233;tonnante Chambre jaune. Voici plusieurs Carri&#232;re, entre lesquels la curieuse esquisse d&#8217;un Clemenceau ; des Pissarro &#8211; et, au passage, nous saluons cette composition charmante et forte, la Causette ; de prodigieuses aquarelles de C&#233;zanne ; un tr&#232;s beau Matisse, un d&#233;licieux Bonnard, un &#233;blouissant triptyque de Roussel ; de nombreux Maurice Denis, une figure de Lautrec, des Degas, des Gauguin, des Fantin, des Forain, des Lebourg, des Lucien Simon, des Marquet, un Guillaumin, des Van Dongen, des Jules Flandrin. Nous citons p&#234;le-m&#234;le, comme p&#234;le-m&#234;le les tableaux se pr&#233;sentent &#224; nous. Et d&#8217;un lot tourn&#233; vers le murs nous passons au lot voisin. Il est pr&#232;s de quatre heures de l&#8217;apr&#232;s-midi, et d&#233;j&#224; le jour tombe. A peine pouvons-nous distinguer ces peintures, &#224; pr&#233;sent&#8230;</p>
      <p>M. Matsukata a &#233;galement acquis des &#339;uvres d&#8217;Aman-Jean, Lebasque, Cottet, Henri Martin, Danchez, Lhermitte, Ren&#233; M&#233;nard, Forain, Louis Charlot, Albert Andr&#233;, d&#8217;Espagnat, Picasso.</p>
      <p>-Et le d&#233;part de tout cela, quand ?</p>
      <p>M. B&#233;n&#233;dite esquisse un geste vague. </p>
      <p>-Je ne saurais le dire. L&#8217;&#233;difice destin&#233; &#224; recevoir cette collection n&#8217;est pas achev&#233;. Un jour de l&#8217;an prochain, sans doute, ces tableaux seront dirig&#233;s vers l&#8217;un ou l&#8217;autre de nos ports, o&#249; un navire les viendra prendre. Des navires, M. Matsukata en construit. Le transport ne l&#8217;embarrassera gu&#232;re. </p>
      <p>Disons encore que le mus&#233;e Matsukata, &#233;difi&#233; pr&#232;s de Tokio, portera le nom de &#171; Kyoraku Bijutsu Kwan &#187;, qui signifie en langue nipponne &#171; Pavillon du pur plaisir de l&#8217;art &#187;. </p>
    </body>
  </text>
</TEI>
