<?xml-model href="http://www.tei-c.org/release/xml/tei/custom/schema/relaxng/tei_all.rng" type="application/xml" schematypens="http://relaxng.org/ns/structure/1.0"?>
<?xml-model href="http://www.tei-c.org/release/xml/tei/custom/schema/relaxng/tei_all.rng" type="application/xml"
	schematypens="http://purl.oclc.org/dsdl/schematron"?>
<TEI xmlns="http://www.tei-c.org/ns/1.0" xml:id="RosaB&#233;n&#233;dite_GeorgesGrappe_19260703_64626277870077605">
  <!-- le document XML, dans sa forme actuelle, n'est pas valide selon la syntaxe TEI:
       la structure d&#233;finie ici devrait contenir d'autres &#233;l&#233;ments -->
  <teiHeader>
    <!-- l'en-t&#234;te de notre document, contenant les m&#233;tadonn&#233;es -->
    <fileDesc>
      <!-- description du fichier encod&#233; et de sa source -->
      <titleStmt>
        <!-- titre du document -->
        <title>Lettre manuscrite de Rosa B&#233;n&#233;dite, 3 rue Duguay Trouin, &#224; Monsieur Grappe </title>
        <author>Rosa B&#233;n&#233;dite</author>
        <respStmt>
          <resp>Production et pr&#233;paration du texte brut</resp>
          <persName>L&#233;a Saint-Raymond</persName>
        </respStmt>
        <respStmt>
          <resp>Transformation automatique du texte brut vers le XML-TEI</resp>
          <persName>Les participant.e.s &#224; l'atelier "Mod&#233;liser et exploiter des corpus textuels" (ENS-PSL, campus d'Ulm)</persName>
        </respStmt>
      </titleStmt>
      <publicationStmt>
        <!-- informations sur le document XML encod&#233; -->
        <publisher>ENS-PSL</publisher>
        <pubPlace>Paris (France)</pubPlace>
        <date>2023-03-31 03:27:18.550108</date>
      </publicationStmt>
      <sourceDesc>
        <!-- informations sur la source: la lettre que l'on encode -->
        <bibl type="lettre">
          <author>Rosa B&#233;n&#233;dite</author>
          <title>Lettre manuscrite de Rosa B&#233;n&#233;dite, 3 rue Duguay Trouin, &#224; Monsieur Grappe </title>
          <date>1926-07-03</date>
          <msIdentifier>
            <institution>Mus&#233;e Rodin</institution>
            <idno>Mus&#233;e Rodin</idno>
          </msIdentifier>
        </bibl>
      </sourceDesc>
    </fileDesc>
    <encodingDesc>
      <!-- informations sur l'encodage :
           - tei:editorialDecl, d&#233;crivant la m&#233;thode de production du document XML 
           - tei:projectDesc, contexte de production du XML 
      -->
      <editorialDecl>
        <p>Production de l'encodage XML r&#233;alis&#233;e automatiquement avec la librairie LXML de Python &#224; partir d'une version en texte brut de la correspondance de Matsukata</p>
      </editorialDecl>
      <projectDesc>
        <p>L'atelier "Mod&#233;liser et exploiter des corpus textuels" a donn&#233; lieu &#224; cet encodage.</p>
      </projectDesc>
    </encodingDesc>
    <profileDesc>
      <!-- informations non bibliographiques sur le document encod&#233; 
           cet &#233;l&#233;ment l&#224; sera compl&#233;t&#233; par:
           - un tei:particDesc, qui d&#233;crit tout.es les personnes ayant &#233;crit
             ou re&#231;u des lettres dans le corpus Matsutaka
           - un tei:settingDesc, qui d&#233;crit tous les lieux d'exp&#233;dition/destination
             des lettres du corpus Matsutaka
           ces &#233;l&#233;ments seront rajout&#233; dans le notebook du cours.
      -->
      <correspDesc>
        <!-- description de la correspondance -->
        <correspAction type="sent">
          <persName>Rosa B&#233;n&#233;dite</persName>
          <placeName>Paris</placeName>
          <date when="1926-07-03">1926-07-03</date>
        </correspAction>
        <correspAction type="received">
          <persName>Georges Grappe</persName>
          <placeName>Paris</placeName>
        </correspAction>
      </correspDesc>
    </profileDesc>
  </teiHeader>
  <text>
    <!-- le corps du texte. il peut comporter un tei:front et un tei:back
         et doit comporter un tei:body, comprenant le corps du texte -->
    <body>
      <!-- le corps du texte -->
      <opener>
        <salute>Cher Monsieur, </salute>
      </opener>
      <p>Voici la liste des livres appartenant &#224; M. Matsukata qui doivent se trouver dans la pi&#232;ce contig&#252;e &#224; votre bureau. </p>
      <p>Nous avons encore au Mus&#233;e Rodin une grande esquisse de Danerat [illisible] repr&#233;sentant un jeune gar&#231;on buvant ; dans le pavillon en face la chapelle, se trouve sous verre un petit diorama de Marius Perret. Il y a aussi les dessins dont vous m&#8217;avez parl&#233; et naturellement, de m&#234;me que parmi la correspondance, je renverrai aussit&#244;t ce que je d&#233;couvrirai n&#8217;&#234;tre point &#224; nous !</p>
      <p>Enfin, toujours dans ce m&#234;me pavillon o&#249; sont abrit&#233;s des bronzes du mus&#233;e, se trouve un cadre que l&#8217;on a peut-&#234;tre d&#233;j&#224; pris, mais qu&#8217;en tout cas on viendra chercher ces jours-ci.</p>
      <p>Quant au reste, livres Matsukata, diorama et dessins, si un gardien peut nous les porter en voiture, nous la d&#233;dommagerons de sa peine et vous serez ainsi plus vite d&#233;barrass&#233; peut-&#234;tre ? </p>
      <p>J&#8217;ai t&#233;l&#233;phon&#233; &#224; M. Sapina [illisible] le 1e comme il m&#8217;avait dit, mais h&#233;las ! c&#8217;est toujours la m&#234;me r&#233;ponse : &#171; je ne peux rien d&#233;cider avant ao&#251;t, car l&#8217;ami avec qui je voulais m&#8217;associer pour cette publication est parti &#187; Je crois qu&#8217;il me fera tra&#238;ner de mois en mois avec de belles paroles, jusqu&#8217;&#224; ma fin ou la sienne. J&#8217;aimerais mieux que ce soit la sienne ! &#8211; et cela me pr&#233;occupe tant, surtout pour M. Chass&#233;riau, qui doit &#234;tre &#224; bout de patience. </p>
      <p>Excusez ce d&#233;rangement que je vous donne pour les choses qui auraient d&#251; d&#233;j&#224; &#234;tre d&#233;barrass&#233;es et recevez, cher Monsieur, tous les bons compliments de ma m&#232;re et les miens, avec mes souvenirs &#224; Madame Grappe. </p>
      <p>Rosa B&#233;n&#233;dite</p>
      <p>[Attach&#233;, un feuillet typographi&#233; :]</p>
      <p>Livres appartenant &#224; M. Matsukata [au crayon : &#171; (qui se trouvent dans le petit bureau) &#187;]</p>
      <p>&#201;ditions Bernheim jeune : </p>
      <p>1 Degas, no. 307</p>
      <p>1 Sous le clair regard d&#8217;Atn&#233;n&#233;, no. 144</p>
      <p>1 Rodin, no. 357</p>
      <p>1 Le livre de Genevi&#232;ve, Louise Hervieu, no 79</p>
      <p>1 Entretiens sur le dessin, L. Hervieu</p>
      <p>1 Renoir, no 459</p>
      <p>1 Cent quatre vingts ans de peinture libre</p>
      <p>1 C&#233;zanne, Gasquet</p>
      <p>1 Art moderne, no 571</p>
      <p>1 Carri&#232;re</p>
      <p>1 C&#233;zanne, Mirbeau, sans num&#233;ro</p>
    </body>
  </text>
</TEI>
