<?xml-model href="http://www.tei-c.org/release/xml/tei/custom/schema/relaxng/tei_all.rng" type="application/xml" schematypens="http://relaxng.org/ns/structure/1.0"?>
<?xml-model href="http://www.tei-c.org/release/xml/tei/custom/schema/relaxng/tei_all.rng" type="application/xml"
	schematypens="http://purl.oclc.org/dsdl/schematron"?>
<TEI xmlns="http://www.tei-c.org/ns/1.0" xml:id="SeichiNaruse_L&#233;onceB&#233;n&#233;dite_19220313_1022369620340891610">
  <!-- le document XML, dans sa forme actuelle, n'est pas valide selon la syntaxe TEI:
       la structure d&#233;finie ici devrait contenir d'autres &#233;l&#233;ments -->
  <teiHeader>
    <!-- l'en-t&#234;te de notre document, contenant les m&#233;tadonn&#233;es -->
    <fileDesc>
      <!-- description du fichier encod&#233; et de sa source -->
      <titleStmt>
        <!-- titre du document -->
        <title>Lettre manuscrite de S. Narus&#233;, Venise, H&#244;tel Danieli, &#224; L&#233;once B&#233;n&#233;dite, sur papier &#224; en-t&#234;te de l&#8217;h&#244;tel Royal Danieli. </title>
        <author>Seichi Naruse</author>
        <respStmt>
          <resp>Production et pr&#233;paration du texte brut</resp>
          <persName>L&#233;a Saint-Raymond</persName>
        </respStmt>
        <respStmt>
          <resp>Transformation automatique du texte brut vers le XML-TEI</resp>
          <persName>Les participant.e.s &#224; l'atelier "Mod&#233;liser et exploiter des corpus textuels" (ENS-PSL, campus d'Ulm)</persName>
        </respStmt>
      </titleStmt>
      <publicationStmt>
        <!-- informations sur le document XML encod&#233; -->
        <publisher>ENS-PSL</publisher>
        <pubPlace>Paris (France)</pubPlace>
        <date>2023-03-31 03:27:18.462044</date>
      </publicationStmt>
      <sourceDesc>
        <!-- informations sur la source: la lettre que l'on encode -->
        <bibl type="lettre">
          <author>Seichi Naruse</author>
          <title>Lettre manuscrite de S. Narus&#233;, Venise, H&#244;tel Danieli, &#224; L&#233;once B&#233;n&#233;dite, sur papier &#224; en-t&#234;te de l&#8217;h&#244;tel Royal Danieli. </title>
          <date>1922-03-13</date>
          <msIdentifier>
            <institution>INHA</institution>
            <idno>INHA 148 &#224; 152</idno>
          </msIdentifier>
        </bibl>
      </sourceDesc>
    </fileDesc>
    <encodingDesc>
      <!-- informations sur l'encodage :
           - tei:editorialDecl, d&#233;crivant la m&#233;thode de production du document XML 
           - tei:projectDesc, contexte de production du XML 
      -->
      <editorialDecl>
        <p>Production de l'encodage XML r&#233;alis&#233;e automatiquement avec la librairie LXML de Python &#224; partir d'une version en texte brut de la correspondance de Matsukata</p>
      </editorialDecl>
      <projectDesc>
        <p>L'atelier "Mod&#233;liser et exploiter des corpus textuels" a donn&#233; lieu &#224; cet encodage.</p>
      </projectDesc>
    </encodingDesc>
    <profileDesc>
      <!-- informations non bibliographiques sur le document encod&#233; 
           cet &#233;l&#233;ment l&#224; sera compl&#233;t&#233; par:
           - un tei:particDesc, qui d&#233;crit tout.es les personnes ayant &#233;crit
             ou re&#231;u des lettres dans le corpus Matsutaka
           - un tei:settingDesc, qui d&#233;crit tous les lieux d'exp&#233;dition/destination
             des lettres du corpus Matsutaka
           ces &#233;l&#233;ments seront rajout&#233; dans le notebook du cours.
      -->
      <correspDesc>
        <!-- description de la correspondance -->
        <correspAction type="sent">
          <persName>Seichi Naruse</persName>
          <placeName>Venise</placeName>
          <date when="1922-03-13">1922-03-13</date>
        </correspAction>
        <correspAction type="received">
          <persName>L&#233;once B&#233;n&#233;dite</persName>
          <placeName>Paris</placeName>
        </correspAction>
      </correspDesc>
    </profileDesc>
  </teiHeader>
  <text>
    <!-- le corps du texte. il peut comporter un tei:front et un tei:back
         et doit comporter un tei:body, comprenant le corps du texte -->
    <body>
      <!-- le corps du texte -->
      <opener>
        <salute>Cher Monsieur B&#233;n&#233;dite, </salute>
      </opener>
      <p>Ayant enfin re&#231;ue [sic] une d&#233;p&#234;che de Monsieur Matsukata, qui m&#8217;a suivi ici &#224; Venise, je vous prie d&#8217;accepter ci-joint un ch&#232;que &#224; 1 355 800 francs et r&#233;gler le compte des marchands. Il m&#8217;a demand&#233; d&#8217;attendre payer seulement &#224; Durand Ruel dont le r&#232;glement aura lieu apr&#232;s trois mois. Je serai tr&#232;s oblig&#233; si vous bien voudriez dire &#224; eux d&#8217;attendre jusqu&#8217;&#224; la fin juin. </p>
      <p>Si &#231;a ne vous d&#233;range pas trop, voulez-vous m&#8217;envoyer les re&#231;u [sic] des marchands aussit&#244;t que possible chez mon ami (S. Narus&#233;, chez Terasaki 2196 S. Polo Venise) comme je serai ici encore dizaine de jours ? Comme &#231;a, je pourai [sic] donner l&#8217;information &#224; Monsieur Matsukata avant mon retour qui ne sera qu&#8217;apr&#232;s 15 avril.</p>
      <p>Le d&#233;tail du payement, </p>
      <p>Georges Bernheim : 406 500</p>
      <p>Bernheim jeune : 73 000</p>
      <p>Paul Rosenberg : 403 000</p>
      <p>Hessel : 9 000</p>
      <p>Druet : 185 300</p>
      <p>Knoedler : 279 000</p>
      <p>___ 1 355 800</p>
      <p>J&#8217;esp&#232;re qu&#8217;il n&#8217;ait [sic] aucune erreur. Suivant le d&#233;sir du directeur de la Banque Franco-Japonaise, j&#8217;ai aussi communiqu&#233; ce d&#233;tail &#224; lui.</p>
      <p>Nous avons fait un excellent voyage de R&#244;me [sic] jusqu&#8217;&#224; Florence en passant le pays par auto ce qui nous a permi [sic] visiter beaucoup de petites mais importantes villes pour la civilization au temps de Renaissance [sic]. Un voyage d&#8217;auto n&#8217;est pas &#171; lux &#187; [sic] en Italie &#224; mon avi [sic], mais c&#8217;est un moyen de voir mieux la magnifique culture de la Renaissance.</p>
      <p>J&#8217;en suis s&#251;re, si ce n&#8217;est pas que je m&#8217;excuse de mon extravagance ! </p>
      <p>Nous avons intention faire le tour du Nord d&#8217;Italie aussi par auto pour une semaine.</p>
      <p>Le temps aussi est tr&#232;s favorable pour nous. Jusqu&#8217;ici il n&#8217;y avait qu&#8217;un jour de pluie &#224; Rome, le jour o&#249; nous avons visit&#233; le Forum Romanum.</p>
      <p>Le merveil d&#8217;art grecque [sic] nous a fait d&#233;cider aller &#224; Athene [sic] pour en mieux appr&#233;cier. Mais ce voyage ne sera longue, peut-&#234;tre trois semaines, ce qui nous permet de s&#233;journer 10 jours au capital greque [sic].</p>
      <p>J&#8217;esp&#232;re que cette lettre vous trouvera en bonne sant&#233; et aussi Paris en beau temps comme en Italie. </p>
      <p>Veuillez pr&#233;senter mes hommages tr&#232;s respectueux &#224; Mme B&#233;n&#233;dite et Mademoiselle votre fille ainsi qu&#8217;&#224; Madame Le Mancel.</p>
      <closer>
        <salute>Esp&#233;rant vous voir bient&#244;t je vous prie, cher Monsieur, d&#8217;agr&#233;er &#224; mes sentiments les plus amicales.</salute>
        <signed>S. Narus&#233;</signed>
      </closer>
      <postscript>
        <p>P.S. Je vous demande pardon pour mon mauvais fran&#231;ais. </p>
      </postscript>
    </body>
  </text>
</TEI>
