<?xml-model href="http://www.tei-c.org/release/xml/tei/custom/schema/relaxng/tei_all.rng" type="application/xml" schematypens="http://relaxng.org/ns/structure/1.0"?>
<?xml-model href="http://www.tei-c.org/release/xml/tei/custom/schema/relaxng/tei_all.rng" type="application/xml"
	schematypens="http://purl.oclc.org/dsdl/schematron"?>
<TEI xmlns="http://www.tei-c.org/ns/1.0" xml:id="SeichiNaruse_L&#233;onceB&#233;n&#233;dite_19240730_-3022988227197554187">
  <!-- le document XML, dans sa forme actuelle, n'est pas valide selon la syntaxe TEI:
       la structure d&#233;finie ici devrait contenir d'autres &#233;l&#233;ments -->
  <teiHeader>
    <!-- l'en-t&#234;te de notre document, contenant les m&#233;tadonn&#233;es -->
    <fileDesc>
      <!-- description du fichier encod&#233; et de sa source -->
      <titleStmt>
        <!-- titre du document -->
        <title>Lettre manuscrite de Seichi Narus&#233;, Paris, &#224; Monsieur B&#233;n&#233;dite, Paris. </title>
        <author>Seichi Naruse</author>
        <respStmt>
          <resp>Production et pr&#233;paration du texte brut</resp>
          <persName>L&#233;a Saint-Raymond</persName>
        </respStmt>
        <respStmt>
          <resp>Transformation automatique du texte brut vers le XML-TEI</resp>
          <persName>Les participant.e.s &#224; l'atelier "Mod&#233;liser et exploiter des corpus textuels" (ENS-PSL, campus d'Ulm)</persName>
        </respStmt>
      </titleStmt>
      <publicationStmt>
        <!-- informations sur le document XML encod&#233; -->
        <publisher>ENS-PSL</publisher>
        <pubPlace>Paris (France)</pubPlace>
        <date>2023-03-31 03:27:18.532914</date>
      </publicationStmt>
      <sourceDesc>
        <!-- informations sur la source: la lettre que l'on encode -->
        <bibl type="lettre">
          <author>Seichi Naruse</author>
          <title>Lettre manuscrite de Seichi Narus&#233;, Paris, &#224; Monsieur B&#233;n&#233;dite, Paris. </title>
          <date>1924-07-30</date>
          <msIdentifier>
            <institution>INHA</institution>
            <idno>INHA 239</idno>
          </msIdentifier>
        </bibl>
      </sourceDesc>
    </fileDesc>
    <encodingDesc>
      <!-- informations sur l'encodage :
           - tei:editorialDecl, d&#233;crivant la m&#233;thode de production du document XML 
           - tei:projectDesc, contexte de production du XML 
      -->
      <editorialDecl>
        <p>Production de l'encodage XML r&#233;alis&#233;e automatiquement avec la librairie LXML de Python &#224; partir d'une version en texte brut de la correspondance de Matsukata</p>
      </editorialDecl>
      <projectDesc>
        <p>L'atelier "Mod&#233;liser et exploiter des corpus textuels" a donn&#233; lieu &#224; cet encodage.</p>
      </projectDesc>
    </encodingDesc>
    <profileDesc>
      <!-- informations non bibliographiques sur le document encod&#233; 
           cet &#233;l&#233;ment l&#224; sera compl&#233;t&#233; par:
           - un tei:particDesc, qui d&#233;crit tout.es les personnes ayant &#233;crit
             ou re&#231;u des lettres dans le corpus Matsutaka
           - un tei:settingDesc, qui d&#233;crit tous les lieux d'exp&#233;dition/destination
             des lettres du corpus Matsutaka
           ces &#233;l&#233;ments seront rajout&#233; dans le notebook du cours.
      -->
      <correspDesc>
        <!-- description de la correspondance -->
        <correspAction type="sent">
          <persName>Seichi Naruse</persName>
          <placeName>Paris</placeName>
          <date when="1924-07-30">1924-07-30</date>
        </correspAction>
        <correspAction type="received">
          <persName>L&#233;once B&#233;n&#233;dite</persName>
          <placeName>Paris</placeName>
        </correspAction>
      </correspDesc>
    </profileDesc>
  </teiHeader>
  <text>
    <!-- le corps du texte. il peut comporter un tei:front et un tei:back
         et doit comporter un tei:body, comprenant le corps du texte -->
    <body>
      <!-- le corps du texte -->
      <opener>
        <salute>Cher Monsieur B&#233;n&#233;dite, </salute>
      </opener>
      <p>Je viens de rentrer &#224; Paris il y a deux jours pour repartir en Normandie pour le mois d&#8217;ao&#251;t. Par Bonheur, juste hier, je re&#231;ois une d&#233;p&#234;che de Monsieur Matsukata me demandant de vous transf&#233;rer la somme que je gardais pour lui dans la Banque Franco-japonaise. Ci-joint, je vous envoie le montant total de son argent qui reste dans ma main. Cela aurait &#233;t&#233; beaucoup mieux que j&#8217;aille vous voir, mais ne pouvant pas trouver le temps, &#233;tant donn&#233; que je pars demain matin de bonne heure, j&#8217;ai pris la libert&#233; vous envoyer la somme (de 68 500 francs) en ch&#232;que.</p>
      <p>Je serai tr&#232;s reconnaissant si vous voulez bien accuser la r&#233;ception de la somme &#224; Monsieur Matsukata ainsi qu&#8217;&#224; moi (Pavillon Fleuri, rue de la mer Blonville, Calvados). </p>
      <p>Veuillez, cher Monsieur B&#233;n&#233;dite, accepter mes respects tr&#232;s sinc&#232;res et transmettre &#224; Madame ainsi qu&#8217;&#224; Mademoiselle B&#233;n&#233;dite mes meilleurs hommages, </p>
      <p>Seichi Narus&#233;</p>
      <p>Je vous demande pardon pour le papier</p>
    </body>
  </text>
</TEI>
