<?xml-model href="http://www.tei-c.org/release/xml/tei/custom/schema/relaxng/tei_all.rng" type="application/xml" schematypens="http://relaxng.org/ns/structure/1.0"?>
<?xml-model href="http://www.tei-c.org/release/xml/tei/custom/schema/relaxng/tei_all.rng" type="application/xml"
	schematypens="http://purl.oclc.org/dsdl/schematron"?>
<TEI xmlns="http://www.tei-c.org/ns/1.0" xml:id="SeichiNaruse_L&#233;onceB&#233;n&#233;dite_19220324_9009926369741094127">
  <!-- le document XML, dans sa forme actuelle, n'est pas valide selon la syntaxe TEI:
       la structure d&#233;finie ici devrait contenir d'autres &#233;l&#233;ments -->
  <teiHeader>
    <!-- l'en-t&#234;te de notre document, contenant les m&#233;tadonn&#233;es -->
    <fileDesc>
      <!-- description du fichier encod&#233; et de sa source -->
      <titleStmt>
        <!-- titre du document -->
        <title>Lettre manuscrite de S. Narus&#233;, Venise, &#224; L&#233;once B&#233;n&#233;dite. </title>
        <author>Seichi Naruse</author>
        <respStmt>
          <resp>Production et pr&#233;paration du texte brut</resp>
          <persName>L&#233;a Saint-Raymond</persName>
        </respStmt>
        <respStmt>
          <resp>Transformation automatique du texte brut vers le XML-TEI</resp>
          <persName>Les participant.e.s &#224; l'atelier "Mod&#233;liser et exploiter des corpus textuels" (ENS-PSL, campus d'Ulm)</persName>
        </respStmt>
      </titleStmt>
      <publicationStmt>
        <!-- informations sur le document XML encod&#233; -->
        <publisher>ENS-PSL</publisher>
        <pubPlace>Paris (France)</pubPlace>
        <date>2023-03-31 03:27:18.462993</date>
      </publicationStmt>
      <sourceDesc>
        <!-- informations sur la source: la lettre que l'on encode -->
        <bibl type="lettre">
          <author>Seichi Naruse</author>
          <title>Lettre manuscrite de S. Narus&#233;, Venise, &#224; L&#233;once B&#233;n&#233;dite. </title>
          <date>1922-03-24</date>
          <msIdentifier>
            <institution>INHA</institution>
            <idno>INHA 153 et 154</idno>
          </msIdentifier>
        </bibl>
      </sourceDesc>
    </fileDesc>
    <encodingDesc>
      <!-- informations sur l'encodage :
           - tei:editorialDecl, d&#233;crivant la m&#233;thode de production du document XML 
           - tei:projectDesc, contexte de production du XML 
      -->
      <editorialDecl>
        <p>Production de l'encodage XML r&#233;alis&#233;e automatiquement avec la librairie LXML de Python &#224; partir d'une version en texte brut de la correspondance de Matsukata</p>
      </editorialDecl>
      <projectDesc>
        <p>L'atelier "Mod&#233;liser et exploiter des corpus textuels" a donn&#233; lieu &#224; cet encodage.</p>
      </projectDesc>
    </encodingDesc>
    <profileDesc>
      <!-- informations non bibliographiques sur le document encod&#233; 
           cet &#233;l&#233;ment l&#224; sera compl&#233;t&#233; par:
           - un tei:particDesc, qui d&#233;crit tout.es les personnes ayant &#233;crit
             ou re&#231;u des lettres dans le corpus Matsutaka
           - un tei:settingDesc, qui d&#233;crit tous les lieux d'exp&#233;dition/destination
             des lettres du corpus Matsutaka
           ces &#233;l&#233;ments seront rajout&#233; dans le notebook du cours.
      -->
      <correspDesc>
        <!-- description de la correspondance -->
        <correspAction type="sent">
          <persName>Seichi Naruse</persName>
          <placeName>Venise</placeName>
          <date when="1922-03-24">1922-03-24</date>
        </correspAction>
        <correspAction type="received">
          <persName>L&#233;once B&#233;n&#233;dite</persName>
          <placeName>Paris</placeName>
        </correspAction>
      </correspDesc>
    </profileDesc>
  </teiHeader>
  <text>
    <!-- le corps du texte. il peut comporter un tei:front et un tei:back
         et doit comporter un tei:body, comprenant le corps du texte -->
    <body>
      <!-- le corps du texte -->
      <opener>
        <salute>Cher Monsieur B&#233;n&#233;dite, </salute>
      </opener>
      <p>J&#8217;ai bien re&#231;ue [sic] votre aimable lettre et je comprends tr&#232;s bien tout ce que vous avez dit &#224; propos du payement &#224; faire pour Durand Ruel.</p>
      <p>Si vous avez re&#231;ue [sic] une r&#233;ponse de Monsieur Matsukata &#224; ce propos, voulez-vous avoir obligeance de me faire savoir ce que je dois faire aussit&#244;t que possible ? Toutes les correspondances me parviendront avant le 10 avril si vous les adressez &#224; Constant Ath&#232;nes. Je n&#8217;ai pas adresse en Gr&#232;ce. Peut-&#234;tre vous pouvez envoyer au Consulat de France comme il n&#8217;y a pas fonctionnaire japonais. </p>
      <p>Je regrette que rien n&#8217;est dans mon pouvoir si ce n&#8217;est pas demande de Monsieur Matsukata. </p>
      <p>Veuillez pr&#233;senter mes meilleurs hommages &#224; Madame et Mademoiselle B&#233;n&#233;dite ainsi qu&#8217;&#224; Madame Le Mancel. </p>
      <closer>
        <salute>Je vous prie accepter mes respects les plus sinc&#232;res, </salute>
        <signed>S. Narus&#233;</signed>
      </closer>
      <postscript>
        <p>PS : apr&#232;s 10 je serai peut-&#234;tre bient&#244;t &#224; Paris en passant Venise. </p>
      </postscript>
    </body>
  </text>
</TEI>
